sku,qty,unit_cost_usd,total_cost_usd,weight_g,invoice_lines
ORSE18,10,5.36,53.60,3.9,1
ORSE19,14,6.67,93.38,4.40,2
ORSE22,11,8.97,98.67,4.56,3
ORSE42,15,11.59,173.85,5.70,4
ORSE46,13,14.22,184.86,5.90,5
ORSE71-L,12,3.17,38.04,1.10,6
ORSE71-R,13,3.06,39.78,1.10,7
ORSE71-W,12,3.06,36.72,1.10,8
ORSE76,15,4.92,73.80,2.30,9
ORSE84,22,2.84,62.48,1.40,10
ORSE102,24,3.97,95.28,2.20,11
ORSE103,22,3.75,82.61,2.00,12 + 268
ORSE114,15,3.28,49.20,1.60,13
ORSE266,9,3.35,30.15,2.10,14
ORSN04,15,4.16,62.40,1.60,15
ORSN38,15,5.10,76.50,2.00,16
ORSN40,15,5.43,81.45,2.60,17
ORSN41,15,5.64,84.60,3.60,18
ORSN43,15,6.41,96.15,3.1,19
ORSN44,12,5.86,70.32,3.1,20
ORSN60,15,7.81,117.15,3.8,21
ORSN89-P,11,6.08,66.88,2.4,22
ORSN174-P,15,6.62,99.30,2.4,23
ORSME13,2,7.69,15.38,2.60,24
ORSWB07,4,15.21,60.84,4.40,25
ORSWE07,17,8.86,150.62,3.80,26
ORSWE08,20,8.38,167.60,2.40,27
ORSWE09,20,7.37,147.40,2.9,28
ORSWE10,20,6.66,133.20,1.60,29
ORSWE11,15,4.77,71.55,1.7,30
ORSWE12,15,7.53,112.95,2.40,31
ORSWE14-B,15,6.84,102.60,2.1,32
ORSWE14-F,20,6.84,136.80,2.1,33
ORSWE15,15,5.48,82.20,2.30,34
ORSWE16,15,8.42,126.30,2.70,35
ORSWB04-F,20,12.44,248.80,4.50,36
ORSWB04-B,19,12.44,236.36,4.50,37
ORSWB05,15,12.23,183.45,4.50,38
ORSWB06-B,20,12.88,257.60,4.50,39
ORSWB06-F,20,12.88,257.60,4.50,40
ORSWB06-P,19,12.88,244.72,4.50,41
ORSWB08,21,10.79,226.59,2.9,42
ORSWN05-G,20,8.20,164.00,3.00,43
ORSWN05-P,20,8.20,164.00,3.50,44
ORSWN06-F,20,8.66,173.20,3.50,45
ORSWN06-B,18,8.66,155.88,3.50,46
ORSWN07,20,8.38,167.60,2.9,47
ORSWN08,20,8.16,163.20,2.8,48
ORSWE01-R,19,5.60,106.40,1.7,49
ORSWE02-P,20,4.17,83.40,0.90,50
ORSWE03-P,20,5.40,108.00,1.30,51
ORSWE04-P,20,5.07,101.40,0.80,52
ORSWE05-P,15,6.93,103.95,2.1,53
ORSWE06-B,19,4.29,81.51,1.2,54
ORSWE06-F,15,4.29,64.35,1.2,55
ORSWN01-P,20,7.53,150.60,2.20,56
ORSWN02-P,20,6.44,128.80,1.7,57
ORSWN03-P,18,7.63,137.34,2.50,58
ORSWN04-B,19,6.96,132.24,2.8,59
ORSWN04-F,20,6.96,139.20,2.8,60
ORSWN04-P,20,6.96,139.20,2.8,61
ORSWN04-G,20,6.96,139.20,2.8,62
ORSWB01-P,20,13.23,264.60,4.90,63
ORSWB02-P,20,7.08,141.60,2.30,64
ORSWB03-B,20,8.71,174.20,3.20,65
ORSWB03-F,20,8.71,174.20,3.20,66
ORSWE17-F,20,6.10,122.00,1.30,67
ORSWE17-B,20,6.10,122.00,1.30,68
ORSWN15,20,8.41,168.20,2.60,69
ORSWN16,19,8.30,157.70,3.10,70
ORSB42,20,8.52,170.40,3.35,71
ORSB43,20,7.71,154.20,3.41,72
ORSB61-16.5,20,9.41,188.20,4.23,73
ORSB61-18,19,9.84,186.96,4.45,74
ORSB62-16.5,19,11.05,209.95,4.05,75
ORSB62-18,19,11.38,216.22,4.11,76
"ORSB92-6.5""",19,10.61,201.59,5.90,77
"ORSB92-7""",19,11.16,212.04,6.35,78
"ORSB93-6.5""",20,13.34,266.80,7.90,79
"ORSB93-7""",19,13.56,257.64,8.40,80
"ORSB94-6.5""",15,11.70,175.50,6.02,81
"ORSB94-7""",16,12.91,206.56,6.54,82
"ORSB95-6.5""",13,15.97,207.61,8.56,83
"ORSB95-7""",14,17.28,241.92,9.16,84
ORCB01,10,3.75,37.50,1.55,85
ORCB02,10,3.84,38.40,1.69,86
ORCB03,10,4.03,40.30,2,87
ORCB04,10,4.38,43.80,2.79,88
ORCB05,10,5.12,51.20,2.84,89
ORCB06,10,4.15,41.50,1.79,90
ORCB07,10,2.92,29.20,1.18,91
ORCB08,10,4.05,40.50,1.77,92
ORCB09,10,4.42,44.19,2.06,93
ORCB10,10,4.76,47.60,2.63,94
ORCB11,10,5.24,52.40,2.62,95
ORCB12,10,3.54,35.40,1.49,96
ORCB13,9,3.30,29.70,1.45,97
ORCB14,9,3.77,33.93,1.36,98
ORCB15,10,3.50,35.00,1.97,99
ORCB16,10,3.72,37.20,1.81,100
ORCB17,10,5.48,54.80,2.95,101
ORCB18,9,5.10,45.90,2.52,102
ORCB20,10,3.28,32.80,1.64,103
ORCB21,10,2.87,28.70,1.03,104
ORCB22,10,4.59,45.90,2.23,105
ORCB23,10,3.52,35.20,1.29,106
ORCB25,10,4.07,40.70,2.01,107
ORCB26,10,3.93,39.30,1.79,108
ORCB27,10,4.99,49.90,2.64,109
ORCB28,10,2.76,27.60,1.11,110
ORCB29,10,3.59,35.90,1.42,111
ORCB30,10,6.69,66.90,3.41,112
ORCB34,10,5.03,50.30,2.1,113
ORCB35,10,4.59,45.90,2.0,114
ORCB36,10,7.22,72.20,3.8,115
ORCB37,10,3.94,39.40,1.2,116
ORCB38,10,4.92,49.20,2.3,117
ORCB39,10,5.36,53.60,2.3,118
ORCB40,10,4.27,42.70,1.8,119
ORCB41,9,5.58,50.22,2.4,120
ORCB42,10,4.16,41.60,1.6,121
ORCB43,10,4.05,40.50,1.7,122
ORCB44,10,4.92,49.20,1.7,123
ORCB45,10,4.81,48.10,2.1,124
ORCB46,10,5.14,51.40,2.1,125
ORCB47,10,4.48,44.80,2.2,126
ORCB48,10,7.22,72.20,3.7,127
ORCB49,10,6.34,63.40,3.1,128
ORCB50,10,6.23,62.30,2.6,129
ORCB51,10,7.88,78.80,4.1,130
ORCB52,10,4.16,41.60,1.2,131
ORCB53,10,5.47,54.70,2.2,132
ORCB54,10,5.91,59.10,2.6,133
ORCB55,10,5.35,53.50,1.83,134
ORCB56,10,5.28,52.80,2.2,135
ORCB58,9,4.01,36.09,1.3,136
ORCB59,10,4.27,42.70,2.07,137
ORCB60,10,5.49,54.90,3.1,138
ORCB61,10,4.33,43.30,1.8,139
ORCB62,10,5.62,56.20,2.3,140
ORCB63,10,4.77,47.70,2.17,141
ORCB64,10,5.46,54.60,2.57,142
ORCB65,10,5.64,56.40,1.95,143
ORCB66,8,3.50,28.00,0.9,144
ORCB67,10,3.88,38.80,0.98,145
ORCB70,10,5.35,53.50,2.57,146
ORCB71,10,4.13,41.30,1.55,147
ORCB73,10,4.59,45.90,2.28,148
ORCB74,10,5.13,51.30,2.9,149
ORCB76,7,7.34,51.38,3.9,150
ORCB77,10,7.22,72.20,4.56,151
ORCB78,10,5.80,58.00,2.07,152
ORCB79,10,9.30,93.00,5,153
ORCB80,10,4.87,48.70,2,154
ORCB81,10,4.59,45.90,2.35,155
ORCB82,10,5.50,55.00,2.35,156
ORCB83,10,5.21,52.10,2.5,157
ORCB84,10,4.87,48.70,2.5,158
ORCB85,10,4.81,48.10,2.5,159
ORCB86,10,5.69,56.90,2.3,160
ORCB88,10,3.36,33.60,2,161
ORCB89,10,5.88,58.80,3,162
ORCB100,9,6.25,56.25,2.5,163
ORCB101,10,7.02,70.20,2.8,164
ORCB102,10,6.46,64.60,2.5,165
ORCB103,10,7.02,70.20,2.8,166
ORCB104,8,6.00,48.00,3,167
ORCB106,10,5.17,51.70,2.5,168
ORCB107,9,6.13,55.17,2.5,169
ORCB108,10,4.26,42.60,1.5,170
ORCB110,10,6.13,61.30,3.8,171
ORCB111,10,5.46,54.60,2.2,172
ORCB113,10,6.30,63.00,2.2,173
ORCB114,10,5.19,51.90,2.2,174
ORCB115,10,5.03,50.30,2.2,175
ORCB116,10,6.35,63.50,3,176
ORCB117,10,4.96,49.60,2.6,177
ORCB118,7,6.68,46.76,2.3,178
ORCB119,10,5.58,55.80,2.2,179
ORCB120,10,5.40,54.00,1.5,180
ORCB122,8,5.25,42.00,2,181
ORCB123,10,7.00,70.00,2,182
ORCB124,10,7.22,72.20,2.4,183
ORCB125,9,5.03,45.27,2,184
ORCB126,10,3.43,34.30,1,185
ORCB127,10,4.59,45.90,1.9,186
ORCB128,10,6.80,68.00,2.5,187
ORCB129,9,4.55,40.95,2,188
ORCB135,10,4.97,49.70,1.8,189
ORCB136,10,4.98,49.80,2.1,190
ORCB137,10,6.07,60.70,3.2,191
ORCB138,10,4.27,42.70,1.7,192
ORCB139,9,8.40,75.60,3.5,193
ORCB140,10,4.69,46.90,2.4,194
ORCB142,10,5.23,52.30,2.6,195
ORCB144,10,5.69,56.90,2.7,196
ORCB146,10,4.20,42.00,1,197
ORCB149,10,4.51,45.10,1.7,198
ORCB150,9,4.85,43.65,3,199
ORCB151,9,5.03,45.27,1.5,200
ORCB152,10,6.82,68.20,3,201
ORCB153,10,5.47,54.70,2.30,202
ORCB154,10,5.47,54.70,2.40,203
ORCB155,10,4.59,45.90,1.80,204
ORCB156,10,5.03,50.30,2.30,205
ORCB157,9,5.03,45.27,1.80,206
ORCB159,10,5.03,50.30,2.20,207
ORCB160,10,5.03,50.30,2.10,208
ORCB161,10,5.47,54.70,2.40,209
ORCB162,9,4.38,39.42,1.50,210
ORCB163,10,5.47,54.70,2.20,211
ORCB164,10,4.59,45.90,2.10,212
ORCB165,10,4.59,45.90,1.70,213
ORCB166,10,4.81,48.10,1.80,214
ORCB168,10,5.03,50.30,2.10,215
ORCB169,10,6.34,63.40,3.10,216
ORCB170,9,4.59,41.31,2.00,217
ORCB171,10,5.03,50.30,2.40,218
ORCB173,10,5.69,56.90,2.50,219
ORCB174,10,4.81,48.10,2.10,220
ORCB175,9,4.59,41.31,1.90,221
ORCB176,50,7.32,366.20,2.60,222 + 491
ORCB177,10,5.91,59.10,2.70,223
ORCB179,10,6.34,63.40,2.60,224
ORCB180,15,5.03,75.45,1.70,225
ORCB182,16,5.69,91.04,2.70,226
ORCBB01-17,44,22.15,974.60,13.16,227
ORCBB01-19,44,23.95,1053.80,14.40,228
ORCBB01-21,46,26.85,1235.10,16.50,229
ORCB183-A,10,4.44,44.40,1.80,230
ORCB183-B,10,4.44,44.40,1.70,231
ORCB183-C,10,4.22,42.20,1.50,232
ORCB183-D,10,4.67,46.70,1.80,233
ORCB183-E,10,4.44,44.40,1.70,234
ORCB183-F,10,4.44,44.40,1.70,235
ORCB183-G,10,4.22,42.20,1.60,236
ORCB183-H,10,4.67,46.70,1.90,237
ORCB183-I,10,4.00,40.00,1.30,238
ORCB183-J,10,4.67,46.70,1.90,239
ORCB183-K,10,4.89,48.90,2.10,240
ORCB183-L,10,4.00,40.00,1.40,241
ORCB183-M,10,4.44,44.40,1.80,242
ORCB183-N,10,4.44,44.40,1.70,243
ORCB183-O,10,4.00,40.00,1.50,244
ORCB183-P,10,4.44,44.40,1.70,245
ORCB183-Q,10,4.44,44.40,1.80,246
ORCB183-R,9,4.44,40.00,1.80,247
ORCB183-S,10,4.00,40.00,1.50,248
ORCB183-T,10,4.22,42.20,1.60,249
ORCB183-U,10,4.44,44.40,1.80,250
ORCB183-V,10,4.22,42.20,1.60,251
ORCB183-W,10,4.22,42.22,1.50,252
ORCB183-X,10,4.22,42.20,1.90,253
ORCB183-Y,10,3.56,35.60,1.10,254
ORCB183-Z,10,5.11,51.10,2.20,255
ORSE340-P,10,9.57,95.70,3.8,256
ORSE340-14K,10,9.10,91.00,3.8,257
ORSN290-P,7,8.05,56.35,2.6,258
ORSN290-14K,10,7.78,77.80,2.6,259
ORSN292,10,9.43,94.30,4.0,260
ORSE341,10,9.66,96.60,4.8,261
ORSE37,15,5.10,76.50,2.1,262
ORSE80,10,4.76,47.60,2.1,263
ORSE82,15,7.26,108.90,3.2,264
ORSE86-P,1,1.93,1.93,1.2,265
ORSE97,9,3.63,32.67,1.2,266
ORSE101-R,2,6.33,12.66,3.9,267
ORSE105-P,10,3.85,38.50,2.0,269
ORSE105-R,15,3.85,57.75,2.0,270
ORSE106-R,10,2.45,24.50,0.9,271
ORSE106-P,10,2.54,25.40,3.0,272
ORSE118,10,3.06,30.60,1.2,273
ORSE119-W,10,2.31,23.10,0.9,274
ORSE146-40cm,10,5.10,51.00,2.5,275
ORSE146-50cm,10,6.24,62.40,3.3,276
ORSE151-P,10,5.78,57.80,1.5,277
ORSE152-G,8,6.46,51.68,3.4,278
ORSE152-P,5,6.46,32.30,3.4,279
ORSE164,10,4.76,47.60,1.8,280
ORSE171-G,10,3.06,30.60,0.8,281
ORSE171-P,10,3.06,30.60,0.8,282
ORSE186-W,10,3.46,34.60,1.2,283
ORSE186-B,10,3.46,34.60,1.2,284
ORSE192-B,10,3.74,37.40,1.4,285
ORSE192-W,15,3.54,53.10,1.4,286
ORSE205,10,3.85,38.50,1.40,287
ORSE207,15,5.90,88.50,2.60,288
ORSE208,18,3.85,69.30,1.30,289
ORSE210,5,4.76,23.80,2.30,290
ORSE212,10,5.44,54.40,3.30,291
ORSE218,10,3.63,36.30,1.10,292
ORSE220,10,12.29,122.90,7.20,293
ORSE221,10,20.52,205.20,13.30,294
ORSE222,8,12.85,102.80,6.20,295
ORSE223,10,18.89,188.90,11.10,296
ORSE229,10,7.64,76.40,3.45,297
ORSE231,15,5.53,82.95,2.30,298
ORSE232,8,6.05,48.40,2.30,299
ORSE234,10,6.87,68.70,2.70,300
ORSE237,10,6.24,62.40,2.50,301
ORSE238,10,4.58,45.80,1.20,302
ORSE240,10,6.62,66.20,2.00,303
ORSE243,10,6.83,68.30,2.60,304
ORSE245-R,10,6.01,60.10,3.50,305
ORSE245-G,10,6.01,60.10,3.50,306
ORSE247-G,10,5.87,58.70,2.50,307
ORSE247-R,10,5.58,55.80,2.50,308
ORSE247-P,10,6.08,60.80,2.50,309
ORSE248-G,10,3.56,35.60,1.30,310
ORSE248-P,10,3.56,35.60,1.30,311
ORSE248-R,9,3.56,32.04,1.30,312
ORSE259,10,3.54,35.40,1.1,313
ORSE262,10,7.48,74.80,4.7,314
ORSE267,10,6.92,69.20,4.3,315
ORSE279-R,10,4.99,49.90,2.0,316
ORSE280,10,3.99,39.90,1.6,317
ORSE290,10,6.69,66.90,2.1,318
ORSE291,9,8.73,78.57,3.7,319
ORSE294,5,7.03,35.15,2.40,320
ORSE295-P,10,4.88,48.80,2.10,321
ORSE295-G,9,4.65,41.85,2.10,322
ORSE296-G,10,5.56,55.60,2.30,323
ORSE296-P,10,5.56,55.60,2.30,324
ORSE302,10,4.99,49.90,1.7,325
ORSE303,10,4.95,49.50,1.7,326
ORSE306,10,6.26,62.60,2.7,327
ORSE308,10,5.76,57.60,3.1,328
ORSE309,10,4.67,46.70,2.4,329
ORSE310,10,4.60,46.00,1.7,330
ORSE312,10,6.24,62.40,2.9,331
ORSE314,7,6.39,44.73,2.5,332
ORSE317,10,3.85,38.50,1.30,333
ORSE320,9,12.24,110.16,6.50,334
ORSE321,10,3.40,34.00,1.20,335
ORSE322,10,2.49,24.90,0.8,336
ORSE323,10,2.49,24.90,0.8,337
ORSE326,10,5.10,51.00,2.3,338
ORSE327,9,5.22,46.98,2.2,339
ORSE329,10,4.99,49.90,2.30,340
ORSE331-P,10,3.40,34.00,1.7,341
ORSE331-R,10,3.40,34.00,1.7,342
ORSE332-4mm,15,2.90,43.50,1.2,343
ORSE333-P-W,10,9.30,93.00,4.7,344
ORSE333-P-F,10,9.52,95.20,4.7,345
ORSE335-P,15,3.36,50.40,1.9,346
ORSE336-P,15,9.98,149.70,4.0,347
ORSE337,10,6.31,63.10,2.4,348
OREQE01,10,3.51,35.10,0.9,349
OREQE02,10,3.29,32.90,1.0,350
OREQE04,15,6.24,93.60,3.9,351
OREQE09,15,3.85,57.75,1.4,352
OREQE10,10,3.40,34.00,1.3,353
OREQE18,10,4.67,46.70,2.9,354
OREQE19,15,6.44,96.60,2.8,355
OREQE20,10,8.82,88.20,3.7,356
OREQE21,16,6.44,103.04,3.5,357
OREQE23,10,4.42,44.20,1.9,358
OREQE24,10,6.80,68.00,3.4,359
OREQE25,10,4.42,44.20,1.97,360
OREQE28-P,10,4.08,40.80,1.7,361
OREQE33,10,7.03,70.30,2.7,362
ORGPE01,10,4.92,49.20,3.0,363
ORGPE03,10,4.20,42.00,2.0,364
ORGPE04,15,5.90,88.50,3.2,365
ORAPE01,10,2.95,29.50,1.2,366
ORAPE02,10,2.74,27.40,0.90,367
ORAPE04,10,2.27,22.70,0.50,368
ORAPE05,10,2.83,28.30,0.90,369
ORAPE06,10,2.49,24.90,0.80,370
ORAPE07,10,2.72,27.20,0.90,371
ORAPE09,10,2.54,25.40,0.50,372
ORAPE10,10,2.77,27.70,0.90,373
ORAPE11,10,2.27,22.70,0.90,374
ORAPE12,10,2.99,29.90,1.3,375
ORAPE15,10,3.33,33.30,1.2,376
ORAPE16,10,2.83,28.30,0.9,377
ORAPE17,10,3.31,33.10,1.2,378
ORAPE23,10,4.10,41.00,1.90,379
ORAPE13,10,3.54,35.40,1.4,380
ORAPE19,10,4.83,48.30,2.40,381
ORAPE20,10,4.60,46.00,2.10,382
ORAPE21,10,3.29,32.90,1.2,383
ORHAPE27-P,10,1.38,13.80,0.2,384
ORHAPE27-G,10,1.38,13.80,0.2,385
ORHAPE28-P,10,1.41,14.10,0.3,386
ORHAPE28-G,10,1.41,14.10,0.3,387
ORHAPE29-P,10,1.41,14.10,0.3,388
ORHAPE29-G,10,1.41,14.10,0.3,389
ORGCB05-P-18,30,5.09,152.70,2,390
ORGCB06-P,15,7.09,106.35,2.1,391
ORGCB50P,15,7.09,106.35,2.1,392
ORGCB07-18K,15,5.81,87.15,1.9,393
ORGCB07-P,15,6.04,90.60,1.9,394
ORGCB08-P,15,5.49,82.35,2.50,395
ORGCB08-18K,15,5.26,78.90,2.50,396
ORGCB09-P,30,3.99,119.70,1.1,397
ORGCB10-P,30,4.88,146.40,1.2,398
ORGCB11-18K,30,6.21,186.30,2.8,399
ORGCB12-18K,30,5.12,153.60,2.50,400
ORGCB18,30,5.45,163.50,2.20,401
ORGCB19-18K,15,6.13,91.95,3.30,402
ORGCB19-P,15,6.13,91.95,3.30,403
ORGCB20-18K,15,5.75,86.25,3.00,404
ORGCB20-P,15,5.75,86.25,3.00,405
ORGCB21-18K,15,7.65,114.75,4.50,406
ORGCB21-P,15,7.65,114.75,4.50,407
ORGCB22-18K,15,4.34,65.10,1.7,408
ORGCB22-P,14,4.34,60.76,1.7,409
ORGCB23-18K,15,4.99,74.85,2.40,410
ORGCB23-P,15,4.99,74.85,2.40,411
ORGCB24-18K,15,5.25,78.75,2.60,412
ORGCB24-P,15,5.25,78.75,2.60,413
ORGCB25,30,7.25,217.50,3.80,414
ORGCB26-18K,15,5.10,76.50,2.30,415
ORGCB26-P,13,5.10,66.30,2.30,416
ORGCB27,30,4.02,120.60,1.7,417
ORGCB28-18K,15,5.35,80.25,2.50,418
ORGCB28-P,15,5.35,80.25,2.50,419
ORGCB29-18K,15,4.21,63.15,1.60,420
ORGCB29-P,14,4.21,58.94,1.60,421
ORGCB30-18K,15,6.03,90.45,3.00,422
ORGCB30-P,15,6.03,90.45,3.00,423
ORGSB106-P-180,30,47.43,1422.90,28.90,424
ORGSB106-P-190,30,48.79,1463.70,30.00,425
ORGPN13,15,7.13,106.95,8,426
ORGPB01,15,4.83,72.45,3.7,427
ORGPB02,15,4.37,65.55,10,428
ORGPE05,15,5.52,82.80,6.2,429
ORGPN14,15,11.51,172.65,9.9,430
ORGPE06,15,5.29,79.35,6.0,431
ORPA0010,10,5.92,59.20,1.94,432
ORPA034,10,4.66,46.60,1.10,433
ORPA0035,9,5.35,48.15,1.50,434
ORPA0094,10,4.79,47.90,1.40,435
ORPA0097,10,5.57,55.70,1.50,436
ORPA0123,10,4.39,43.90,1.23,437
ORPA0132,10,5.46,54.60,1.63,438
ORPA0142,10,3.77,37.70,0.95,439
ORPA0147,10,3.75,37.50,0.93,440
ORPA0149,10,3.62,36.20,0.90,441
ORPA0107,10,5.50,55.00,1.50,442
ORGCB51-WY,30,4.93,147.90,1.60,443
ORGCB51-YL,30,4.93,147.90,1.60,444
ORGCB51-YP,29,4.93,142.97,1.60,445
ORGCB51-YR,30,4.93,147.90,1.60,446
ORGCB51-P,30,4.93,147.90,1.60,447
ORGCB52-L,28,7.56,211.68,4.00,448
ORGCB53-L,28,7.60,212.80,4.00,449
ORGCB54-L,28,7.65,214.20,4.00,450
ORGCB55-L,29,7.73,224.17,4.00,451
ORGCB56-B,26,7.57,196.82,4.00,452
ORGCB57-Z,27,7.82,211.14,3.90,453
ORGCB58-LVR,23,5.65,129.95,2.70,454
ORCB32-Vir,16,4.31,68.96,2.54,455
ORCB32-Tau,16,4.42,70.72,2.54,456
ORCB32-Ari,15,4.26,63.90,2.54,457
ORCB32-Sco,11,4.31,47.41,2.54,458
ORCB32-Psc,15,4.17,62.55,2.54,459
ORCB32-Cap,13,4.42,57.46,2.54,460
ORCB32-Cnc,16,4.26,68.16,2.54,461
ORCB32-Sgr,16,4.31,68.96,2.54,462
ORCB32-Leo,16,4.31,68.96,2.54,463
ORCB32-Gem,16,4.31,68.96,2.54,464
ORCB32-Lib,15,4.35,65.25,2.54,465
ORCB32-Agr,13,4.47,58.11,2.54,466
ORCB33-R,20,3.50,70.00,1.56,467
ORCB33-P,20,3.50,70.00,1.56,468
ORCB33-Q,20,3.50,70.00,1.56,469
ORCB33-W,20,3.50,70.00,1.56,470
ORCB33-LV,20,3.50,70.00,1.56,471
ORCB33-PL,20,3.50,70.00,1.56,472
ORCB33-M,19,3.50,66.50,1.56,473
ORCB33-G,20,3.50,70.00,1.56,474
ORCB33-BL,20,3.50,70.00,1.56,475
ORCB33-F,20,3.50,70.00,1.56,476
ORCB33-X,20,3.50,70.00,1.56,477
ORCB33-L,20,3.50,70.00,1.56,478
ORSMN30,20,29.25,585.00,3.85,479
ORSWE13,14,27.21,380.94,1.50,480
ORSMR69,24,21.01,504.24,1.75,481
ORSMN45,20,23.34,466.80,3.85,482
ORCB199,21,6.62,139.02,2.3,483
ORCB200,20,4.60,92.00,1.5,484
ORCB201,21,6.62,139.02,1.9,485
ORCB202,19,5.34,101.46,2.0,486
ORCB203,19,4.35,82.65,1.5,487
ORCB204,19,5.40,102.60,2.3,488
ORCB205,21,6.73,141.33,2.7,489
ORCB206,20,5.24,104.80,2.0,490
ORCB208,21,6.52,136.92,2.0,492
ORCB209,21,6.45,135.45,1.8,493
ORCB210,20,5.77,115.40,1.8,494
ORCB211,21,6.62,139.02,2.0,495
ORCB212,20,4.30,86.00,1.3,496
ORCB213,21,6.49,136.29,2.0,497
ORCB214,19,4.60,87.40,1.6,498
ORCB215,20,6.09,121.80,2.1,499
ORCB216,20,6.61,132.20,2.3,500
ORCB217,21,7.13,149.73,2.7,501
ORCB218,12,6.55,78.60,2.5,502
ORCB219,20,6.15,123.00,2.2,503
ORCB220,20,7.41,148.20,2.0,504
ORCB221,19,6.35,120.65,2.0,505
ORGSB114-195,29,48.68,1411.72,29.70,506
ORGSB114-205,27,50.63,1367.01,30.00,507
ORGCBB1-17-W,8,22.15,177.20,13.16,508
ORGCBB1-17-R,5,22.15,110.75,13.16,509
ORGCBB1-17-K,6,22.15,132.90,13.16,510
ORGCBB1-17-B,6,22.15,132.90,13.16,511
ORGCBB1-17-G,8,22.15,177.20,13.16,512
ORGCBB1-19-W,8,23.95,191.60,14.40,513
ORGCBB1-19-R,8,23.95,191.60,14.40,514
ORGCBB1-19-K,7,23.95,167.65,16.50,515
ORGCBB1-19-B,8,23.95,191.60,16.50,516
ORGCBB1-19-G,8,23.95,191.60,14.40,517
ORGCBB1-21-W,5,26.85,134.25,16.50,518
ORGCBB1-21-R,8,26.85,214.80,16.50,519
ORGCBB1-21-K,8,26.85,214.80,16.50,520
ORGCBB1-21-B,8,26.85,214.80,16.50,521
ORGSN305-W,26,13.99,363.74,4.85,522
ORGSN305-B,11,13.99,153.89,4.85,523
ORGSN305-C,26,13.99,363.74,4.85,524
ORGCB56-L,27,7.57,204.39,4.00,525
ORGCB56-R,27,7.57,204.39,4.00,526
ORGCB177,28,5.62,157.36,2.5,527
ORGCB175,26,5.62,146.12,2.5,528
ORGCB109,28,15.58,436.24,8.73,529
ORGCB110,27,3.05,82.35,1,530
ORGCB182-1,12,8.33,99.96,3.1,531
ORGCB182-2,12,8.33,99.96,3.1,532
ORGCB182-3,12,8.33,99.96,3.1,533
ORGCB182-5,11,8.33,91.63,3,534
ORGCB182-6,11,8.33,91.63,3,535
ORGCB182-7,11,8.33,91.63,3,536
ORGCB182-8,12,8.33,99.96,3,537
ORGCB184-1,11,8.33,91.63,3.1,538
ORGCB184-2,10,8.33,83.30,3.1,539
ORGCB184-3,12,8.33,99.96,3.1,540
ORGCB184-4,10,8.33,83.30,3,541
ORGCB184-5,12,8.33,99.96,3,542
ORGCB184-6,12,8.33,99.96,3,543
ORGCB184-7,10,8.33,83.30,3,544
ORGCB185-14K,27,7.86,212.22,3.5,545
ORGCB186-1,12,7.86,94.32,3.3,546
ORGCB186-2,13,7.86,102.18,3.3,547
ORGCB181,27,5.60,151.20,2,548
ORGCB187-14K-1,13,5.48,71.24,2,549
ORGCB187-14K-2,12,5.48,65.76,2,550
ORCB145,15,6.13,91.95,2.3,551
ORSE107-R,8,3.08,24.64,1.5,552
ORSN15,10,6.99,69.90,3.5,553
ORSE89,1,4.96,4.96,1.63,554
