sku,product_name,category,price_thb,price_usd,quantity
ORCB01,Whale Charm,Charms,1200,29.00,10
ORCB02,Turtle Charm,Charms,1200,29.00,10
ORCB03,Elephant Charm,Charms,1200,29.00,10
ORCB04,ORCB04,Charms,1200,,10
ORCB05,Unicorn Charm,Charms,1200,39.00,10
ORCB06,"Fox Charm, Rose Gold",Charms,1200,29.00,10
ORCB07,Hippo Charm,Charms,1200,29.00,10
ORCB08,Rabbit Charm,Charms,1200,29.00,10
ORCB09,Puppy Charm,Charms,1200,29.00,10
ORCB10,Carousel Charm,Charms,1200,39.00,10
ORCB11,Birthday Balloon Charm,Charms,1200,39.00,10
ORCB12,Boy Charm,Charms,1200,29.00,10
ORCB13,Girl Charm,Charms,1200,29.00,9
ORCB14,Couple in a Boat Charm,Charms,1200,29.00,9
ORCB15,Footballer Charm,Charms,1200,29.00,10
ORCB16,Gondola Charm,Charms,1200,29.00,10
ORCB17,Sisters Charm,Charms,1200,39.00,10
ORCB18,Folk Costume Couple Charm,Charms,1200,39.00,9
ORCB20,Easter Basket Charm,Charms,1200,29.00,10
ORCB21,Palm Tree Charm,Charms,1200,29.00,10
ORCB22,Daisy Heart Charm,Charms,1200,39.00,10
ORCB23,Daisy Heart Dangle,Charms,1200,29.00,10
ORCB25,Christmas Sleigh Charm,Charms,1200,29.00,10
ORCB26,Coffee Cup Charm,Charms,1200,29.00,10
ORCB27,Cupcake Charm,Charms,1200,39.00,10
ORCB28,Champagne Toast Charm,Charms,1200,29.00,10
ORCB29,Engagement Ring Charm,Charms,1200,29.00,10
ORCB30,Baby Pram Charm,Charms,1200,49.00,10
ORCB34,"Openwork Hearts Charm, Pink",Charms,1200,39.00,10
ORCB35,Four Leaf Clover Charm,Charms,1200,39.00,10
ORCB36,"Crystal Cluster Charm, Blue",Charms,1200,49.00,10
ORCB37,"Heart Charm, Light Blue Enamel",Charms,1200,29.00,10
ORCB38,"Butterfly Charm, Light Blue",Charms,1200,39.00,10
ORCB39,"Primrose Charm, Light Blue",Charms,1200,39.00,10
ORCB40,Red Rose Charm,Charms,1200,29.00,10
ORCB41,"Love Padlock Charm, Blue",Charms,1200,39.00,9
ORCB42,"Butterfly Charm, Pink",Charms,1200,29.00,10
ORCB43,"Cherry Blossom Charm, Pink",Charms,1200,29.00,10
ORCB44,"Pave Heart Charm, Pink",Charms,1200,39.00,10
ORCB45,"Daisy Charm, Pink",Charms,1200,39.00,10
ORCB46,Sunglasses Charm,Charms,1200,39.00,10
ORCB47,Teddy Bear Charm,Charms,1200,29.00,10
ORCB48,"Baby Shoe Charm, Blue",Charms,1200,49.00,10
ORCB49,Linked Hearts Charm,Charms,1200,39.00,10
ORCB50,Dragonfly Crystal Charm,Charms,1200,39.00,10
ORCB51,Royal Carriage Charm,Charms,1200,49.00,10
ORCB52,Blossom and Butterfly Charm,Charms,1200,29.00,10
ORCB53,Angel Pearl Charm,Charms,1200,39.00,10
ORCB54,Devil Pearl Charm,Charms,1200,39.00,10
ORCB55,Dreamcatcher Charm,Charms,1200,39.00,10
ORCB56,Crown Charm,Charms,1200,39.00,10
ORCB58,Scissors and Comb Charm,Charms,1200,29.00,9
ORCB59,Takeaway Coffee Charm,Charms,1200,29.00,10
ORCB60,"Owl Charm, Turquoise",Charms,1200,39.00,10
ORCB61,Origami Crane Charm,Charms,1200,29.00,10
ORCB62,Family Tree Charm,Charms,1200,39.00,10
ORCB63,Puzzle Heart Charm,Charms,1200,39.00,10
ORCB64,Sunglasses and Stiletto Charm,Charms,1200,39.00,10
ORCB65,"Flamingo Charm, Pink",Charms,1200,39.00,10
ORCB66,Violin Charm,Charms,1200,29.00,8
ORCB67,Feather Charm,Charms,1200,29.00,10
ORCB70,Witch Hat Charm,Charms,1200,39.00,10
ORCB71,"Key Charm, Red Enamel",Charms,1200,29.00,10
ORCB73,Lucky Cat Charm,Charms,1200,39.00,10
ORCB74,"Elephant Charm, Blue Enamel",Charms,1200,39.00,10
ORCB76,Treasure Chest Charm,Charms,1200,49.00,7
ORCB77,"Owl Charm, Gold Heart",Charms,1200,49.00,10
ORCB78,Mother and Child Charm,Charms,1200,39.00,10
ORCB79,Safety Chain,Charms,1200,49.00,10
ORCB80,Sea Turtle Charm,Charms,1200,39.00,10
ORCB81,I Love You Heart Charm,Charms,1200,39.00,10
ORCB82,Rainbow Heart Charm,Charms,1200,39.00,10
ORCB83,Corgi Charm,Charms,1200,39.00,10
ORCB84,Dog Kennel Charm,Charms,1200,39.00,10
ORCB85,Puppy Face Charm,Charms,1200,39.00,10
ORCB86,Dachshund Charm,Charms,1200,39.00,10
ORCB88,"Faceted Glass Charm, Red",Charms,1200,29.00,10
ORCB89,Snowman Charm,Charms,1200,39.00,10
ORCB100,"Star Pave Charm, Purple",Charms,1200,39.00,9
ORCB101,Sweet Wrapper Charm,Charms,1200,49.00,10
ORCB102,"Star Charm, Purple Centre",Charms,1200,39.00,10
ORCB103,Rainbow Egg Charm,Charms,1200,49.00,10
ORCB104,"Ribbon Bow Charm, Red Heart",Charms,1200,39.00,8
ORCB106,"Angel Charm, Pink Heart",Charms,1200,39.00,10
ORCB107,Graduation Owl Charm,Charms,1200,39.00,9
ORCB108,"Unicorn Charm, Gold Mane",Charms,1200,29.00,10
ORCB110,Princess Charm,Charms,1200,39.00,10
ORCB111,"Butterfly Charm, Turquoise Spots",Charms,1200,39.00,10
ORCB113,"Puzzle Heart Charm, Multicolour",Charms,1200,39.00,10
ORCB114,Mom Heart Charm,Charms,1200,39.00,10
ORCB115,Stitched Heart Charm,Charms,1200,39.00,10
ORCB116,"Heart Padlock Charm, Blue",Charms,1200,39.00,10
ORCB117,"Frangipani Charm, Yellow",Charms,1200,39.00,10
ORCB118,"Dreamcatcher Charm, Rainbow",Charms,1200,49.00,7
ORCB119,Graduation Charm,Charms,1200,39.00,10
ORCB120,Angel Wing Charm,Charms,1200,39.00,10
ORCB122,"Witch Hat Charm, Rose Gold",Charms,1200,39.00,8
ORCB123,Horse Charm,Charms,1200,49.00,10
ORCB124,"Clover Charm, Purple",Charms,1200,49.00,10
ORCB125,Basketball Charm,Charms,1200,39.00,9
ORCB126,Cactus Charm,Charms,1200,29.00,10
ORCB127,Rabbit and Strawberry Charm,Charms,1200,39.00,10
ORCB128,Ladybird Charm,Charms,1200,49.00,10
ORCB129,Two Cats and Moon Charm,Charms,1200,39.00,9
ORCB135,Medical Chart Charm,Charms,1200,39.00,10
ORCB136,"Camera Charm, Pink",Charms,1200,39.00,10
ORCB137,"Elephant Charm, Pink and Green",Charms,1200,39.00,10
ORCB138,Lucky Clover Heart Charm,Charms,1200,29.00,10
ORCB139,Sunflower Charm,Charms,1200,49.00,9
ORCB140,Rainbow Charm,Charms,1200,39.00,10
ORCB142,Mermaid Charm,Charms,1200,39.00,10
ORCB144,Best Friends Charm,Charms,1200,39.00,10
ORCB146,Ship's Wheel Charm,Charms,1200,29.00,10
ORCB149,Giraffe Charm,Charms,1200,39.00,10
ORCB150,"Lucky Star Charm, Gold",Charms,1200,39.00,9
ORCB151,"Sunflower Charm, Gold",Charms,1200,39.00,9
ORCB152,"Stars and Moon Charm, Blue",Charms,1200,49.00,10
ORCB153,Flower Heart Charm,Charms,1200,39.00,10
ORCB154,I Love My Family Charm,Charms,1200,39.00,10
ORCB155,Cocktail Charm,Charms,1200,39.00,10
ORCB156,Shopping Bag Charm,Charms,1200,39.00,10
ORCB157,Heartbeat Charm,Charms,1200,39.00,9
ORCB159,Cool Drink Charm,Charms,1200,39.00,10
ORCB160,Casino Charm,Charms,1200,39.00,10
ORCB161,Gift Box Charm,Charms,1200,39.00,10
ORCB162,Wristwatch Charm,Charms,1200,29.00,9
ORCB163,Hot Air Balloon Charm,Charms,1200,39.00,10
ORCB164,Birthday Cake Charm,Charms,1200,39.00,10
ORCB165,Ice Lolly Charm,Charms,1200,39.00,10
ORCB166,Carrot Charm,Charms,1200,39.00,10
ORCB168,Cow Charm,Charms,1200,39.00,10
ORCB169,Pony Charm,Charms,1200,39.00,10
ORCB170,Police Box Charm,Charms,1200,39.00,9
ORCB171,Umbrella Charm,Charms,1200,39.00,10
ORCB173,Planet Charm,Charms,1200,39.00,10
ORCB174,Handbag Charm,Charms,1200,39.00,10
ORCB175,Treble Clef Charm,Charms,1200,39.00,9
ORCB176,ORCB176,Charms,1200,,50
ORCB177,Ice Cream Cart Charm,Charms,1200,39.00,10
ORCB179,Panda Charm,Charms,1200,39.00,10
ORCB180,Crowned Shield Charm,Charms,1200,39.00,15
ORCB182,Puzzle Cube Charm,Charms,1200,39.00,16
ORCBB01-17,SPARKLE - SNAKE CHAIN,Charm Bracelets,2900,89.00,44
ORCBB01-19,SPARKLE - SNAKE CHAIN,Charm Bracelets,2900,89.00,44
ORCBB01-21,SPARKLE - SNAKE CHAIN,Charm Bracelets,2900,89.00,46
ORCB183-A,Letter A Charm,Charms,1200,29.00,10
ORCB183-B,Letter B Charm,Charms,1200,29.00,10
ORCB183-C,Letter C Charm,Charms,1200,29.00,10
ORCB183-D,Letter D Charm,Charms,1200,39.00,10
ORCB183-E,Letter E Charm,Charms,1200,29.00,10
ORCB183-F,Letter F Charm,Charms,1200,29.00,10
ORCB183-G,Letter G Charm,Charms,1200,29.00,10
ORCB183-H,Letter H Charm,Charms,1200,39.00,10
ORCB183-I,Letter I Charm,Charms,1200,29.00,10
ORCB183-J,Letter J Charm,Charms,1200,39.00,10
ORCB183-K,Letter K Charm,Charms,1200,39.00,10
ORCB183-L,Letter L Charm,Charms,1200,29.00,10
ORCB183-M,Letter M Charm,Charms,1200,29.00,10
ORCB183-N,Letter N Charm,Charms,1200,29.00,10
ORCB183-O,Letter O Charm,Charms,1200,29.00,10
ORCB183-P,Letter P Charm,Charms,1200,29.00,10
ORCB183-Q,Letter Q Charm,Charms,1200,29.00,10
ORCB183-R,Letter R Charm,Charms,1200,29.00,9
ORCB183-S,Letter S Charm,Charms,1200,29.00,10
ORCB183-T,Letter T Charm,Charms,1200,29.00,10
ORCB183-U,Letter U Charm,Charms,1200,29.00,10
ORCB183-V,Letter V Charm,Charms,1200,29.00,10
ORCB183-W,Letter W Charm,Charms,1200,29.00,10
ORCB183-X,Letter X Charm,Charms,1200,29.00,10
ORCB183-Y,Letter Y Charm,Charms,1200,29.00,10
ORCB183-Z,Letter Z Charm,Charms,1200,39.00,10
ORGCB05-P-18,Durian Charm,Charms,1200,39.00,30
ORGCB06-P,"Danish Flag Charm, Pave",Charms,1200,49.00,15
ORGCB50P,"Danish Flag Charm, Red Enamel",Charms,1200,49.00,15
ORGCB07-18K,"Lotus Flower Charm, 18K Gold",Charms,1200,39.00,15
ORGCB07-P,Lotus Flower Charm,Charms,1200,39.00,15
ORGCB08-P,Tassel Charm,Charms,1200,39.00,15
ORGCB08-18K,"Tassel Charm, 18K Gold",Charms,1200,39.00,15
ORGCB09-P,Whale Tail Charm,Charms,1200,29.00,30
ORGCB10-P,Royal Guard Charm,Charms,1200,39.00,30
ORGCB11-18K,ORGCB11-18K,Charms,1200,,30
ORGCB12-18K,ORGCB12-18K,Charms,1200,,30
ORGCB18,ORGCB18,Charms,1200,,30
ORGCB19-18K,ORGCB19-18K,Charms,1200,,15
ORGCB19-P,ORGCB19-P,Charms,1200,,15
ORGCB20-18K,ORGCB20-18K,Charms,1200,,15
ORGCB20-P,ORGCB20-P,Charms,1200,,15
ORGCB21-18K,ORGCB21-18K,Charms,1200,,15
ORGCB21-P,ORGCB21-P,Charms,1200,,15
ORGCB22-18K,ORGCB22-18K,Charms,1200,,15
ORGCB22-P,ORGCB22-P,Charms,1200,,14
ORGCB23-18K,ORGCB23-18K,Charms,1200,,15
ORGCB23-P,ORGCB23-P,Charms,1200,,15
ORGCB24-18K,ORGCB24-18K,Charms,1200,,15
ORGCB24-P,ORGCB24-P,Charms,1200,,15
ORGCB25,Little Mermaid Charm,Charms,1200,49.00,30
ORGCB26-18K,ORGCB26-18K,Charms,1200,,15
ORGCB26-P,ORGCB26-P,Charms,1200,,13
ORGCB27,Coat of Arms Charm,Charms,1200,29.00,30
ORGCB28-18K,ORGCB28-18K,Charms,1200,,15
ORGCB28-P,ORGCB28-P,Charms,1200,,15
ORGCB29-18K,ORGCB29-18K,Charms,1200,,15
ORGCB29-P,ORGCB29-P,Charms,1200,,14
ORGCB30-18K,ORGCB30-18K,Charms,1200,,15
ORGCB30-P,ORGCB30-P,Charms,1200,,15
ORGCB51-WY,"Daisy Charm, White and Yellow",Charms,1200,39.00,30
ORGCB51-YL,"Daisy Charm, Blue",Charms,1200,39.00,30
ORGCB51-YP,"Daisy Charm, Purple",Charms,1200,39.00,29
ORGCB51-YR,"Daisy Charm, Red",Charms,1200,39.00,30
ORGCB51-P,"Daisy Dangle, Pink",Charms,1200,39.00,30
ORGCB52-L,"Fortune Charm, Blue Enamel",Charms,1200,49.00,28
ORGCB53-L,"Longevity Charm, Blue Enamel",Charms,1200,49.00,28
ORGCB54-L,"Prosperity Charm, Blue Enamel",Charms,1200,49.00,28
ORGCB55-L,"Good Luck Charm, Blue Enamel",Charms,1200,49.00,29
ORGCB56-B,"Love Charm, Black Enamel",Charms,1200,49.00,26
ORGCB57-Z,Acorn Charm,Charms,1200,49.00,27
ORGCB58-LVR,Good Luck Clover Charm,Charms,1200,39.00,23
ORCB32-Vir,Virgo Zodiac Charm,Charms,1200,29.00,16
ORCB32-Tau,Taurus Zodiac Charm,Charms,1200,29.00,16
ORCB32-Ari,Aries Zodiac Charm,Charms,1200,29.00,15
ORCB32-Sco,Scorpio Zodiac Charm,Charms,1200,29.00,11
ORCB32-Psc,Pisces Zodiac Charm,Charms,1200,29.00,15
ORCB32-Cap,Capricorn Zodiac Charm,Charms,1200,29.00,13
ORCB32-Cnc,Cancer Zodiac Charm,Charms,1200,29.00,16
ORCB32-Sgr,Sagittarius Zodiac Charm,Charms,1200,29.00,16
ORCB32-Leo,Leo Zodiac Charm,Charms,1200,29.00,16
ORCB32-Gem,Gemini Zodiac Charm,Charms,1200,29.00,16
ORCB32-Lib,Libra Zodiac Charm,Charms,1200,29.00,15
ORCB32-Agr,Aquarius Zodiac Charm,Charms,1200,29.00,13
ORCB33-R,"January Birthstone Charm, Garnet",Charms,1200,29.00,20
ORCB33-P,"February Birthstone Charm, Amethyst",Charms,1200,29.00,20
ORCB33-Q,"March Birthstone Charm, Aquamarine",Charms,1200,29.00,20
ORCB33-W,"April Birthstone Charm, White",Charms,1200,29.00,20
ORCB33-LV,"May Birthstone Charm, Emerald",Charms,1200,29.00,20
ORCB33-PL,"June Birthstone Charm, Alexandrite",Charms,1200,29.00,20
ORCB33-M,"July Birthstone Charm, Ruby",Charms,1200,29.00,19
ORCB33-G,"August Birthstone Charm, Peridot",Charms,1200,29.00,20
ORCB33-BL,"September Birthstone Charm, Sapphire",Charms,1200,29.00,20
ORCB33-F,"October Birthstone Charm, Tourmaline",Charms,1200,29.00,20
ORCB33-X,"November Birthstone Charm, Yellow Topaz",Charms,1200,29.00,20
ORCB33-L,"December Birthstone Charm, Turquoise",Charms,1200,29.00,20
ORCB199,"Tree of Life Charm, Pink and Purple",Charms,1200,49.00,21
ORCB200,Tree of Life Heart Charm,Charms,1200,39.00,20
ORCB201,"Tree of Life Charm, Pave Halo",Charms,1200,49.00,21
ORCB202,"Tree of Life Charm, Engraved",Charms,1200,39.00,19
ORCB203,"Tree of Life Charm, Celtic Knot",Charms,1200,29.00,19
ORCB204,"Tree of Life Heart Charm, Stone Set",Charms,1200,39.00,19
ORCB205,"Tree of Life Charm, Scrolled",Charms,1200,49.00,21
ORCB206,"Tree of Life Charm, Oxidized",Charms,1200,39.00,20
ORCB208,"Tree of Life Heart Charm, Red",Charms,1200,49.00,21
ORCB209,"Tree of Life Heart Charm, Turquoise",Charms,1200,39.00,21
ORCB210,"Tree of Life Dangle, Scrolled",Charms,1200,39.00,20
ORCB211,"Tree of Life Heart Dangle, Pink",Charms,1200,49.00,21
ORCB212,"Tree of Life Dangle, Blue Stones",Charms,1200,29.00,20
ORCB213,"Tree of Life Dangle, Beaded Ring",Charms,1200,39.00,21
ORCB214,Flamingo Charm,Charms,1200,39.00,19
ORCB215,"Flamingo Charm, Magenta",Charms,1200,39.00,20
ORCB216,"Flamingo Charm, Pale Pink",Charms,1200,49.00,20
ORCB217,Camel Charm,Charms,1200,49.00,21
ORCB218,Dinosaur Charm,Charms,1200,49.00,12
ORCB219,Rubber Duck Charm,Charms,1200,39.00,20
ORCB220,"Giraffe Charm, Brown Spots",Charms,1200,49.00,20
ORCB221,Carousel Horse Charm,Charms,1200,39.00,19
ORGCBB1-17-W,PEACE - SNAKE CHAIN,Charm Bracelets,2900,89.00,8
ORGCBB1-17-R,PEACE - SNAKE CHAIN,Charm Bracelets,2900,89.00,5
ORGCBB1-17-K,PEACE - SNAKE CHAIN,Charm Bracelets,2900,89.00,6
ORGCBB1-17-B,PEACE - SNAKE CHAIN,Charm Bracelets,2900,89.00,6
ORGCBB1-17-G,PEACE - SNAKE CHAIN,Charm Bracelets,2900,89.00,8
ORGCBB1-19-W,PEACE - SNAKE CHAIN,Charm Bracelets,2900,89.00,8
ORGCBB1-19-R,PEACE - SNAKE CHAIN,Charm Bracelets,2900,89.00,8
ORGCBB1-19-K,PEACE - SNAKE CHAIN,Charm Bracelets,2900,89.00,7
ORGCBB1-19-B,PEACE - SNAKE CHAIN,Charm Bracelets,2900,89.00,8
ORGCBB1-19-G,PEACE - SNAKE CHAIN,Charm Bracelets,2900,89.00,8
ORGCBB1-21-W,PEACE - SNAKE CHAIN,Charm Bracelets,2900,89.00,5
ORGCBB1-21-R,PEACE - SNAKE CHAIN,Charm Bracelets,2900,89.00,8
ORGCBB1-21-K,PEACE - SNAKE CHAIN,Charm Bracelets,2900,89.00,8
ORGCBB1-21-B,PEACE - SNAKE CHAIN,Charm Bracelets,2900,89.00,8
ORGCB56-L,"Love Charm, Blue Enamel",Charms,1200,49.00,27
ORGCB56-R,"Love Charm, Red Enamel",Charms,1200,49.00,27
ORGCB177,ORGCB177,Charms,1200,,28
ORGCB175,Hans Christian Andersen Charm,Charms,1200,39.00,26
ORGCB109,ORGCB109,Charms,1200,,28
ORGCB110,ORGCB110,Charms,1200,,27
ORGCB182-1,"Aristotle Quote Charm, Discipline",Charms,1200,49.00,12
ORGCB182-2,"Aristotle Quote Charm, Happiness",Charms,1200,49.00,12
ORGCB182-3,"Aristotle Quote Charm, Friendship",Charms,1200,49.00,12
ORGCB182-5,"Aristotle Quote Charm, Knowledge",Charms,1200,49.00,11
ORGCB182-6,"Aristotle Quote Charm, Education",Charms,1200,49.00,11
ORGCB182-7,"Aristotle Quote Charm, Purpose",Charms,1200,49.00,11
ORGCB182-8,"Aristotle Quote Charm, Wisdom",Charms,1200,49.00,12
ORGCB184-1,"Lao Tzu Quote Charm, The Journey",Charms,1200,49.00,11
ORGCB184-2,"Lao Tzu Quote Charm, Freedom",Charms,1200,49.00,10
ORGCB184-3,"Lao Tzu Quote Charm, Silence",Charms,1200,49.00,12
ORGCB184-4,"Lao Tzu Quote Charm, The Flame",Charms,1200,49.00,10
ORGCB184-5,"Lao Tzu Quote Charm, Love",Charms,1200,49.00,12
ORGCB184-6,"Lao Tzu Quote Charm, The Traveller",Charms,1200,49.00,12
ORGCB184-7,"Lao Tzu Quote Charm, Calm",Charms,1200,49.00,10
ORGCB185-14K,"Lemon Charm, 14K Gold",Charms,1200,49.00,27
ORGCB186-1,"Engraved Quote Charm, A Smile",Charms,1200,49.00,12
ORGCB186-2,"Engraved Quote Charm, The Mirror",Charms,1200,49.00,13
ORGCB181,Aubergine Charm,Charms,1200,39.00,27
ORGCB187-14K-1,"Engraved Quote Charm, The Moon",Charms,1200,39.00,13
ORGCB187-14K-2,"Engraved Quote Charm, Possible",Charms,1200,39.00,12
ORCB145,"Daisy Charm, Gold and White",Charms,1200,39.00,15
