"SKU","Parent Product SKU","Product Name","Category","Price Type","Unit","Tax-Inclusive Price","Min Price","Max Price","Cost","Supplier Price","Product Tags","Inventory Type","Track Stock Levels","Barcode","Variant Name 1","Variant Value 1","Variant Name 2","Variant Value 2","Variant Name 3","Variant Value 3","Supplier","Tax Name","Store Credits","Kitchen Station","ORLOFF OF DENMARK (BLUPORT)_Quantity","ORLOFF OF DENMARK (BLUPORT)_Warning Stock Level","ORLOFF OF DENMARK (BLUPORT)_Ideal Stock Level","Online Price","Online Discounted Price","Product Description"
"ORSE18","","ORSE18","Earrings","Fixed","","1900","","","177.31","","","Simple","1","","","","","","","","","","","","10","","","","",""
"ORSE19","","ORSE19","Earrings","Fixed","","1900","","","220.64","","","Simple","1","","","","","","","","","","","","14","","","","",""
"ORSE22","","ORSE22","Earrings","Fixed","","1900","","","296.73","","","Simple","1","","","","","","","","","","","","11","","","","",""
"ORSE42","","ORSE42","Earrings","Fixed","","1900","","","383.40","","","Simple","1","","","","","","","","","","","","15","","","","",""
"ORSE46","","ORSE46","Earrings","Fixed","","3900","","","470.40","","Premium","Simple","1","","","","","","","","","","","","13","","","","",""
"ORSE71-L","","ORSE71-L","Earrings","Fixed","","1900","","","104.86","","","Simple","1","","","","","","","","","","","","12","","","","",""
"ORSE71-R","","ORSE71-R","Earrings","Fixed","","1900","","","101.22","","","Simple","1","","","","","","","","","","","","13","","","","",""
"ORSE71-W","","ORSE71-W","Earrings","Fixed","","1900","","","101.22","","","Simple","1","","","","","","","","","","","","12","","","","",""
"ORSE76","","ORSE76","Earrings","Fixed","","1900","","","162.75","","","Simple","1","","","","","","","","","","","","15","","","","",""
"ORSE84","","ORSE84","Earrings","Fixed","","1900","","","93.95","","","Simple","1","","","","","","","","","","","","22","","","","",""
"ORSE102","","ORSE102","Earrings","Fixed","","1900","","","131.33","","","Simple","1","","","","","","","","","","","","24","","","","",""
"ORSE103","","ORSE103","Earrings","Fixed","","1900","","","124.05","","","Simple","1","","","","","","","","","","","","22","","","","",""
"ORSE114","","ORSE114","Earrings","Fixed","","1900","","","108.50","","","Simple","1","","","","","","","","","","","","15","","","","",""
"ORSE266","","ORSE266","Earrings","Fixed","","1900","","","110.82","","","Simple","1","","","","","","","","","","","","9","","","","",""
"ORSN04","","ORSN04","Necklaces","Fixed","","1900","","","137.61","","","Simple","1","","","","","","","","","","","","15","","","","",""
"ORSN38","","ORSN38","Necklaces","Fixed","","1900","","","168.71","","","Simple","1","","","","","","","","","","","","15","","","","",""
"ORSN40","","ORSN40","Necklaces","Fixed","","1900","","","179.62","","","Simple","1","","","","","","","","","","","","15","","","","",""
"ORSN41","","ORSN41","Necklaces","Fixed","","1900","","","186.57","","","Simple","1","","","","","","","","","","","","15","","","","",""
"ORSN43","","ORSN43","Necklaces","Fixed","","1900","","","212.04","","","Simple","1","","","","","","","","","","","","15","","","","",""
"ORSN44","","ORSN44","Necklaces","Fixed","","1900","","","193.85","","","Simple","1","","","","","","","","","","","","12","","","","",""
"ORSN60","","ORSN60","Necklaces","Fixed","","1900","","","258.35","","","Simple","1","","","","","","","","","","","","15","","","","",""
"ORSN89-P","","ORSN89-P","Necklaces","Fixed","","1900","","","201.13","","","Simple","1","","","","","","","","","","","","11","","","","",""
"ORSN174-P","","ORSN174-P","Necklaces","Fixed","","1900","","","218.99","","","Simple","1","","","","","","","","","","","","15","","","","",""
"ORSME13","","ORSME13","Earrings","Fixed","","1900","","","254.39","","","Simple","1","","","","","","","","","","","","2","","","","",""
"ORSWB07","","ORSWB07","Bracelets (Swarovski)","Fixed","","3900","","","503.15","","Premium","Simple","1","","","","","","","","","","","","4","","","","",""
"ORSWE07","","ORSWE07","Earrings (Swarovski)","Fixed","","1900","","","293.09","","","Simple","1","","","","","","","","","","","","17","","","","",""
"ORSWE08","","ORSWE08","Earrings (Swarovski)","Fixed","","1900","","","277.21","","","Simple","1","","","","","","","","","","","","20","","","","",""
"ORSWE09","","ORSWE09","Earrings (Swarovski)","Fixed","","1900","","","243.80","","","Simple","1","","","","","","","","","","","","20","","","","",""
"ORSWE10","","ORSWE10","Earrings (Swarovski)","Fixed","","1900","","","220.31","","","Simple","1","","","","","","","","","","","","20","","","","",""
"ORSWE11","","ORSWE11","Earrings (Swarovski)","Fixed","","1900","","","157.79","","","Simple","1","","","","","","","","","","","","15","","","","",""
"ORSWE12","","ORSWE12","Earrings (Swarovski)","Fixed","","1900","","","249.09","","","Simple","1","","","","","","","","","","","","15","","","","",""
"ORSWE14-B","","ORSWE14-B","Earrings (Swarovski)","Fixed","","1900","","","226.27","","","Simple","1","","","","","","","","","","","","15","","","","",""
"ORSWE14-F","","ORSWE14-F","Earrings (Swarovski)","Fixed","","1900","","","226.27","","","Simple","1","","","","","","","","","","","","20","","","","",""
"ORSWE15","","ORSWE15","Earrings (Swarovski)","Fixed","","1900","","","181.28","","","Simple","1","","","","","","","","","","","","15","","","","",""
"ORSWE16","","ORSWE16","Earrings (Swarovski)","Fixed","","1900","","","278.53","","","Simple","1","","","","","","","","","","","","15","","","","",""
"ORSWB04-F","","ORSWB04-F","Bracelets (Swarovski)","Fixed","","2500","","","411.52","","","Simple","1","","","","","","","","","","","","20","","","","",""
"ORSWB04-B","","ORSWB04-B","Bracelets (Swarovski)","Fixed","","2500","","","411.52","","","Simple","1","","","","","","","","","","","","19","","","","",""
"ORSWB05","","ORSWB05","Bracelets (Swarovski)","Fixed","","2500","","","404.57","","","Simple","1","","","","","","","","","","","","15","","","","",""
"ORSWB06-B","","ORSWB06-B","Bracelets (Swarovski)","Fixed","","2500","","","426.07","","","Simple","1","","","","","","","","","","","","20","","","","",""
"ORSWB06-F","","ORSWB06-F","Bracelets (Swarovski)","Fixed","","2500","","","426.07","","","Simple","1","","","","","","","","","","","","20","","","","",""
"ORSWB06-P","","ORSWB06-P","Bracelets (Swarovski)","Fixed","","2500","","","426.07","","","Simple","1","","","","","","","","","","","","19","","","","",""
"ORSWB08","","ORSWB08","Bracelets (Swarovski)","Fixed","","2500","","","356.93","","","Simple","1","","","","","","","","","","","","21","","","","",""
"ORSWN05-G","","ORSWN05-G","Necklaces (Swarovski)","Fixed","","1900","","","271.26","","","Simple","1","","","","","","","","","","","","20","","","","",""
"ORSWN05-P","","ORSWN05-P","Necklaces (Swarovski)","Fixed","","1900","","","271.26","","","Simple","1","","","","","","","","","","","","20","","","","",""
"ORSWN06-F","","ORSWN06-F","Necklaces (Swarovski)","Fixed","","1900","","","286.47","","","Simple","1","","","","","","","","","","","","20","","","","",""
"ORSWN06-B","","ORSWN06-B","Necklaces (Swarovski)","Fixed","","1900","","","286.47","","","Simple","1","","","","","","","","","","","","18","","","","",""
"ORSWN07","","ORSWN07","Necklaces (Swarovski)","Fixed","","1900","","","277.21","","","Simple","1","","","","","","","","","","","","20","","","","",""
"ORSWN08","","ORSWN08","Necklaces (Swarovski)","Fixed","","1900","","","269.93","","","Simple","1","","","","","","","","","","","","20","","","","",""
"ORSWE01-R","","ORSWE01-R","Earrings (Swarovski)","Fixed","","1900","","","185.25","","","Simple","1","","","","","","","","","","","","19","","","","",""
"ORSWE02-P","","ORSWE02-P","Earrings (Swarovski)","Fixed","","1900","","","137.94","","","Simple","1","","","","","","","","","","","","20","","","","",""
"ORSWE03-P","","ORSWE03-P","Earrings (Swarovski)","Fixed","","1900","","","178.63","","","Simple","1","","","","","","","","","","","","20","","","","",""
"ORSWE04-P","","ORSWE04-P","Earrings (Swarovski)","Fixed","","1900","","","167.72","","","Simple","1","","","","","","","","","","","","20","","","","",""
"ORSWE05-P","","ORSWE05-P","Earrings (Swarovski)","Fixed","","1900","","","229.24","","","Simple","1","","","","","","","","","","","","15","","","","",""
"ORSWE06-B","","ORSWE06-B","Earrings (Swarovski)","Fixed","","1900","","","141.91","","","Simple","1","","","","","","","","","","","","19","","","","",""
"ORSWE06-F","","ORSWE06-F","Earrings (Swarovski)","Fixed","","1900","","","141.91","","","Simple","1","","","","","","","","","","","","15","","","","",""
"ORSWN01-P","","ORSWN01-P","Necklaces (Swarovski)","Fixed","","1900","","","249.09","","","Simple","1","","","","","","","","","","","","20","","","","",""
"ORSWN02-P","","ORSWN02-P","Necklaces (Swarovski)","Fixed","","1900","","","213.04","","","Simple","1","","","","","","","","","","","","20","","","","",""
"ORSWN03-P","","ORSWN03-P","Necklaces (Swarovski)","Fixed","","1900","","","252.40","","","Simple","1","","","","","","","","","","","","18","","","","",""
"ORSWN04-B","","ORSWN04-B","Necklaces (Swarovski)","Fixed","","1900","","","230.24","","","Simple","1","","","","","","","","","","","","19","","","","",""
"ORSWN04-F","","ORSWN04-F","Necklaces (Swarovski)","Fixed","","1900","","","230.24","","","Simple","1","","","","","","","","","","","","20","","","","",""
"ORSWN04-P","","ORSWN04-P","Necklaces (Swarovski)","Fixed","","1900","","","230.24","","","Simple","1","","","","","","","","","","","","20","","","","",""
"ORSWN04-G","","ORSWN04-G","Necklaces (Swarovski)","Fixed","","1900","","","230.24","","","Simple","1","","","","","","","","","","","","20","","","","",""
"ORSWB01-P","","ORSWB01-P","Bracelets (Swarovski)","Fixed","","3900","","","437.65","","Premium","Simple","1","","","","","","","","","","","","20","","","","",""
"ORSWB02-P","","ORSWB02-P","Bracelets (Swarovski)","Fixed","","2500","","","234.21","","","Simple","1","","","","","","","","","","","","20","","","","",""
"ORSWB03-B","","ORSWB03-B","Bracelets (Swarovski)","Fixed","","2500","","","288.13","","","Simple","1","","","","","","","","","","","","20","","","","",""
"ORSWB03-F","","ORSWB03-F","Bracelets (Swarovski)","Fixed","","2500","","","288.13","","","Simple","1","","","","","","","","","","","","20","","","","",""
"ORSWE17-F","","ORSWE17-F","Earrings (Swarovski)","Fixed","","1900","","","201.79","","","Simple","1","","","","","","","","","","","","20","","","","",""
"ORSWE17-B","","ORSWE17-B","Earrings (Swarovski)","Fixed","","1900","","","201.79","","","Simple","1","","","","","","","","","","","","20","","","","",""
"ORSWN15","","ORSWN15","Necklaces (Swarovski)","Fixed","","1900","","","278.20","","","Simple","1","","","","","","","","","","","","20","","","","",""
"ORSWN16","","ORSWN16","Necklaces (Swarovski)","Fixed","","1900","","","274.56","","","Simple","1","","","","","","","","","","","","19","","","","",""
"ORSB42","","ORSB42","Bracelets","Fixed","","2500","","","281.84","","","Simple","1","","","","","","","","","","","","20","","","","",""
"ORSB43","","ORSB43","Bracelets","Fixed","","2500","","","255.05","","","Simple","1","","","","","","","","","","","","20","","","","",""
"ORSB61-16.5","","ORSB61-16.5","Bracelets","Fixed","","2500","","","311.28","","","Simple","1","","","","","","","","","","","","20","","","","",""
"ORSB61-18","","ORSB61-18","Bracelets","Fixed","","2500","","","325.51","","","Simple","1","","","","","","","","","","","","19","","","","",""
"ORSB62-16.5","","ORSB62-16.5","Bracelets","Fixed","","2500","","","365.53","","","Simple","1","","","","","","","","","","","","19","","","","",""
"ORSB62-18","","ORSB62-18","Bracelets","Fixed","","2500","","","376.45","","","Simple","1","","","","","","","","","","","","19","","","","",""
"ORSB92-6.5""","","ORSB92-6.5""","Bracelets","Fixed","","2500","","","350.98","","","Simple","1","","","","","","","","","","","","19","","","","",""
"ORSB92-7""","","ORSB92-7""","Bracelets","Fixed","","2500","","","369.17","","","Simple","1","","","","","","","","","","","","19","","","","",""
"ORSB93-6.5""","","ORSB93-6.5""","Bracelets","Fixed","","3900","","","441.29","","Premium","Simple","1","","","","","","","","","","","","20","","","","",""
"ORSB93-7""","","ORSB93-7""","Bracelets","Fixed","","3900","","","448.56","","Premium","Simple","1","","","","","","","","","","","","19","","","","",""
"ORSB94-6.5""","","ORSB94-6.5""","Bracelets","Fixed","","2500","","","387.04","","","Simple","1","","","","","","","","","","","","15","","","","",""
"ORSB94-7""","","ORSB94-7""","Bracelets","Fixed","","2500","","","427.06","","","Simple","1","","","","","","","","","","","","16","","","","",""
"ORSB95-6.5""","","ORSB95-6.5""","Bracelets","Fixed","","3900","","","528.29","","Premium","Simple","1","","","","","","","","","","","","13","","","","",""
"ORSB95-7""","","ORSB95-7""","Bracelets","Fixed","","3900","","","571.62","","Premium","Simple","1","","","","","","","","","","","","14","","","","",""
"ORCB01","","Whale Charm","Charms","Fixed","","1200","","","124.05","","","Simple","1","","","","","","","","","","","","10","","","","",""
"ORCB02","","Turtle Charm","Charms","Fixed","","1200","","","127.03","","","Simple","1","","","","","","","","","","","","10","","","","",""
"ORCB03","","Elephant Charm","Charms","Fixed","","1200","","","133.31","","","Simple","1","","","","","","","","","","","","10","","","","",""
"ORCB04","","ORCB04","Charms","Fixed","","1200","","","144.89","","","Simple","1","","","","","","","","","","","","10","","","","",""
"ORCB05","","Unicorn Charm","Charms","Fixed","","1200","","","169.37","","","Simple","1","","","","","","","","","","","","10","","","","",""
"ORCB06","","Fox Charm, Rose Gold","Charms","Fixed","","1200","","","137.28","","","Simple","1","","","","","","","","","","","","10","","","","",""
"ORCB07","","Hippo Charm","Charms","Fixed","","1200","","","96.59","","","Simple","1","","","","","","","","","","","","10","","","","",""
"ORCB08","","Rabbit Charm","Charms","Fixed","","1200","","","133.97","","","Simple","1","","","","","","","","","","","","10","","","","",""
"ORCB09","","Puppy Charm","Charms","Fixed","","1200","","","146.21","","","Simple","1","","","","","","","","","","","","10","","","","",""
"ORCB10","","Carousel Charm","Charms","Fixed","","1200","","","157.46","","","Simple","1","","","","","","","","","","","","10","","","","",""
"ORCB11","","Birthday Balloon Charm","Charms","Fixed","","1200","","","173.34","","","Simple","1","","","","","","","","","","","","10","","","","",""
"ORCB12","","Boy Charm","Charms","Fixed","","1200","","","117.10","","","Simple","1","","","","","","","","","","","","10","","","","",""
"ORCB13","","Girl Charm","Charms","Fixed","","1200","","","109.16","","","Simple","1","","","","","","","","","","","","9","","","","",""
"ORCB14","","Couple in a Boat Charm","Charms","Fixed","","1200","","","124.71","","","Simple","1","","","","","","","","","","","","9","","","","",""
"ORCB15","","Footballer Charm","Charms","Fixed","","1200","","","115.78","","","Simple","1","","","","","","","","","","","","10","","","","",""
"ORCB16","","Gondola Charm","Charms","Fixed","","1200","","","123.06","","","Simple","1","","","","","","","","","","","","10","","","","",""
"ORCB17","","Sisters Charm","Charms","Fixed","","1200","","","181.28","","","Simple","1","","","","","","","","","","","","10","","","","",""
"ORCB18","","Folk Costume Couple Charm","Charms","Fixed","","1200","","","168.71","","","Simple","1","","","","","","","","","","","","9","","","","",""
"ORCB20","","Easter Basket Charm","Charms","Fixed","","1200","","","108.50","","","Simple","1","","","","","","","","","","","","10","","","","",""
"ORCB21","","Palm Tree Charm","Charms","Fixed","","1200","","","94.94","","","Simple","1","","","","","","","","","","","","10","","","","",""
"ORCB22","","Daisy Heart Charm","Charms","Fixed","","1200","","","151.84","","","Simple","1","","","","","","","","","","","","10","","","","",""
"ORCB23","","Daisy Heart Dangle","Charms","Fixed","","1200","","","116.44","","","Simple","1","","","","","","","","","","","","10","","","","",""
"ORCB25","","Christmas Sleigh Charm","Charms","Fixed","","1200","","","134.64","","","Simple","1","","","","","","","","","","","","10","","","","",""
"ORCB26","","Coffee Cup Charm","Charms","Fixed","","1200","","","130.00","","","Simple","1","","","","","","","","","","","","10","","","","",""
"ORCB27","","Cupcake Charm","Charms","Fixed","","1200","","","165.07","","","Simple","1","","","","","","","","","","","","10","","","","",""
"ORCB28","","Champagne Toast Charm","Charms","Fixed","","1200","","","91.30","","","Simple","1","","","","","","","","","","","","10","","","","",""
"ORCB29","","Engagement Ring Charm","Charms","Fixed","","1200","","","118.76","","","Simple","1","","","","","","","","","","","","10","","","","",""
"ORCB30","","Baby Pram Charm","Charms","Fixed","","1200","","","221.31","","","Simple","1","","","","","","","","","","","","10","","","","",""
"ORCB34","","Openwork Hearts Charm, Pink","Charms","Fixed","","1200","","","166.39","","","Simple","1","","","","","","","","","","","","10","","","","",""
"ORCB35","","Four Leaf Clover Charm","Charms","Fixed","","1200","","","151.84","","","Simple","1","","","","","","","","","","","","10","","","","",""
"ORCB36","","Crystal Cluster Charm, Blue","Charms","Fixed","","1200","","","238.84","","","Simple","1","","","","","","","","","","","","10","","","","",""
"ORCB37","","Heart Charm, Light Blue Enamel","Charms","Fixed","","1200","","","130.34","","","Simple","1","","","","","","","","","","","","10","","","","",""
"ORCB38","","Butterfly Charm, Light Blue","Charms","Fixed","","1200","","","162.75","","","Simple","1","","","","","","","","","","","","10","","","","",""
"ORCB39","","Primrose Charm, Light Blue","Charms","Fixed","","1200","","","177.31","","","Simple","1","","","","","","","","","","","","10","","","","",""
"ORCB40","","Red Rose Charm","Charms","Fixed","","1200","","","141.25","","","Simple","1","","","","","","","","","","","","10","","","","",""
"ORCB41","","Love Padlock Charm, Blue","Charms","Fixed","","1200","","","184.59","","","Simple","1","","","","","","","","","","","","9","","","","",""
"ORCB42","","Butterfly Charm, Pink","Charms","Fixed","","1200","","","137.61","","","Simple","1","","","","","","","","","","","","10","","","","",""
"ORCB43","","Cherry Blossom Charm, Pink","Charms","Fixed","","1200","","","133.97","","","Simple","1","","","","","","","","","","","","10","","","","",""
"ORCB44","","Pave Heart Charm, Pink","Charms","Fixed","","1200","","","162.75","","","Simple","1","","","","","","","","","","","","10","","","","",""
"ORCB45","","Daisy Charm, Pink","Charms","Fixed","","1200","","","159.11","","","Simple","1","","","","","","","","","","","","10","","","","",""
"ORCB46","","Sunglasses Charm","Charms","Fixed","","1200","","","170.03","","","Simple","1","","","","","","","","","","","","10","","","","",""
"ORCB47","","Teddy Bear Charm","Charms","Fixed","","1200","","","148.20","","","Simple","1","","","","","","","","","","","","10","","","","",""
"ORCB48","","Baby Shoe Charm, Blue","Charms","Fixed","","1200","","","238.84","","","Simple","1","","","","","","","","","","","","10","","","","",""
"ORCB49","","Linked Hearts Charm","Charms","Fixed","","1200","","","209.73","","","Simple","1","","","","","","","","","","","","10","","","","",""
"ORCB50","","Dragonfly Crystal Charm","Charms","Fixed","","1200","","","206.09","","","Simple","1","","","","","","","","","","","","10","","","","",""
"ORCB51","","Royal Carriage Charm","Charms","Fixed","","1200","","","260.67","","","Simple","1","","","","","","","","","","","","10","","","","",""
"ORCB52","","Blossom and Butterfly Charm","Charms","Fixed","","1200","","","137.61","","","Simple","1","","","","","","","","","","","","10","","","","",""
"ORCB53","","Angel Pearl Charm","Charms","Fixed","","1200","","","180.95","","","Simple","1","","","","","","","","","","","","10","","","","",""
"ORCB54","","Devil Pearl Charm","Charms","Fixed","","1200","","","195.50","","","Simple","1","","","","","","","","","","","","10","","","","",""
"ORCB55","","Dreamcatcher Charm","Charms","Fixed","","1200","","","176.98","","","Simple","1","","","","","","","","","","","","10","","","","",""
"ORCB56","","Crown Charm","Charms","Fixed","","1200","","","174.66","","","Simple","1","","","","","","","","","","","","10","","","","",""
"ORCB58","","Scissors and Comb Charm","Charms","Fixed","","1200","","","132.65","","","Simple","1","","","","","","","","","","","","9","","","","",""
"ORCB59","","Takeaway Coffee Charm","Charms","Fixed","","1200","","","141.25","","","Simple","1","","","","","","","","","","","","10","","","","",""
"ORCB60","","Owl Charm, Turquoise","Charms","Fixed","","1200","","","181.61","","","Simple","1","","","","","","","","","","","","10","","","","",""
"ORCB61","","Origami Crane Charm","Charms","Fixed","","1200","","","143.24","","","Simple","1","","","","","","","","","","","","10","","","","",""
"ORCB62","","Family Tree Charm","Charms","Fixed","","1200","","","185.91","","","Simple","1","","","","","","","","","","","","10","","","","",""
"ORCB63","","Puzzle Heart Charm","Charms","Fixed","","1200","","","157.79","","","Simple","1","","","","","","","","","","","","10","","","","",""
"ORCB64","","Sunglasses and Stiletto Charm","Charms","Fixed","","1200","","","180.62","","","Simple","1","","","","","","","","","","","","10","","","","",""
"ORCB65","","Flamingo Charm, Pink","Charms","Fixed","","1200","","","186.57","","","Simple","1","","","","","","","","","","","","10","","","","",""
"ORCB66","","Violin Charm","Charms","Fixed","","1200","","","115.78","","","Simple","1","","","","","","","","","","","","8","","","","",""
"ORCB67","","Feather Charm","Charms","Fixed","","1200","","","128.35","","","Simple","1","","","","","","","","","","","","10","","","","",""
"ORCB70","","Witch Hat Charm","Charms","Fixed","","1200","","","176.98","","","Simple","1","","","","","","","","","","","","10","","","","",""
"ORCB71","","Key Charm, Red Enamel","Charms","Fixed","","1200","","","136.62","","","Simple","1","","","","","","","","","","","","10","","","","",""
"ORCB73","","Lucky Cat Charm","Charms","Fixed","","1200","","","151.84","","","Simple","1","","","","","","","","","","","","10","","","","",""
"ORCB74","","Elephant Charm, Blue Enamel","Charms","Fixed","","1200","","","169.70","","","Simple","1","","","","","","","","","","","","10","","","","",""
"ORCB76","","Treasure Chest Charm","Charms","Fixed","","1200","","","242.81","","","Simple","1","","","","","","","","","","","","7","","","","",""
"ORCB77","","Owl Charm, Gold Heart","Charms","Fixed","","1200","","","238.84","","","Simple","1","","","","","","","","","","","","10","","","","",""
"ORCB78","","Mother and Child Charm","Charms","Fixed","","1200","","","191.86","","","Simple","1","","","","","","","","","","","","10","","","","",""
"ORCB79","","Safety Chain","Charms","Fixed","","1200","","","307.64","","","Simple","1","","","","","","","","","","","","10","","","","",""
"ORCB80","","Sea Turtle Charm","Charms","Fixed","","1200","","","161.10","","","Simple","1","","","","","","","","","","","","10","","","","",""
"ORCB81","","I Love You Heart Charm","Charms","Fixed","","1200","","","151.84","","","Simple","1","","","","","","","","","","","","10","","","","",""
"ORCB82","","Rainbow Heart Charm","Charms","Fixed","","1200","","","181.94","","","Simple","1","","","","","","","","","","","","10","","","","",""
"ORCB83","","Corgi Charm","Charms","Fixed","","1200","","","172.35","","","Simple","1","","","","","","","","","","","","10","","","","",""
"ORCB84","","Dog Kennel Charm","Charms","Fixed","","1200","","","161.10","","","Simple","1","","","","","","","","","","","","10","","","","",""
"ORCB85","","Puppy Face Charm","Charms","Fixed","","1200","","","159.11","","","Simple","1","","","","","","","","","","","","10","","","","",""
"ORCB86","","Dachshund Charm","Charms","Fixed","","1200","","","188.23","","","Simple","1","","","","","","","","","","","","10","","","","",""
"ORCB88","","Faceted Glass Charm, Red","Charms","Fixed","","1200","","","111.15","","","Simple","1","","","","","","","","","","","","10","","","","",""
"ORCB89","","Snowman Charm","Charms","Fixed","","1200","","","194.51","","","Simple","1","","","","","","","","","","","","10","","","","",""
"ORCB100","","Star Pave Charm, Purple","Charms","Fixed","","1200","","","206.75","","","Simple","1","","","","","","","","","","","","9","","","","",""
"ORCB101","","Sweet Wrapper Charm","Charms","Fixed","","1200","","","232.22","","","Simple","1","","","","","","","","","","","","10","","","","",""
"ORCB102","","Star Charm, Purple Centre","Charms","Fixed","","1200","","","213.70","","","Simple","1","","","","","","","","","","","","10","","","","",""
"ORCB103","","Rainbow Egg Charm","Charms","Fixed","","1200","","","232.22","","","Simple","1","","","","","","","","","","","","10","","","","",""
"ORCB104","","Ribbon Bow Charm, Red Heart","Charms","Fixed","","1200","","","198.48","","","Simple","1","","","","","","","","","","","","8","","","","",""
"ORCB106","","Angel Charm, Pink Heart","Charms","Fixed","","1200","","","171.02","","","Simple","1","","","","","","","","","","","","10","","","","",""
"ORCB107","","Graduation Owl Charm","Charms","Fixed","","1200","","","202.78","","","Simple","1","","","","","","","","","","","","9","","","","",""
"ORCB108","","Unicorn Charm, Gold Mane","Charms","Fixed","","1200","","","140.92","","","Simple","1","","","","","","","","","","","","10","","","","",""
"ORCB110","","Princess Charm","Charms","Fixed","","1200","","","202.78","","","Simple","1","","","","","","","","","","","","10","","","","",""
"ORCB111","","Butterfly Charm, Turquoise Spots","Charms","Fixed","","1200","","","180.62","","","Simple","1","","","","","","","","","","","","10","","","","",""
"ORCB113","","Puzzle Heart Charm, Multicolour","Charms","Fixed","","1200","","","208.40","","","Simple","1","","","","","","","","","","","","10","","","","",""
"ORCB114","","Mom Heart Charm","Charms","Fixed","","1200","","","171.69","","","Simple","1","","","","","","","","","","","","10","","","","",""
"ORCB115","","Stitched Heart Charm","Charms","Fixed","","1200","","","166.39","","","Simple","1","","","","","","","","","","","","10","","","","",""
"ORCB116","","Heart Padlock Charm, Blue","Charms","Fixed","","1200","","","210.06","","","Simple","1","","","","","","","","","","","","10","","","","",""
"ORCB117","","Frangipani Charm, Yellow","Charms","Fixed","","1200","","","164.08","","","Simple","1","","","","","","","","","","","","10","","","","",""
"ORCB118","","Dreamcatcher Charm, Rainbow","Charms","Fixed","","1200","","","220.97","","","Simple","1","","","","","","","","","","","","7","","","","",""
"ORCB119","","Graduation Charm","Charms","Fixed","","1200","","","184.59","","","Simple","1","","","","","","","","","","","","10","","","","",""
"ORCB120","","Angel Wing Charm","Charms","Fixed","","1200","","","178.63","","","Simple","1","","","","","","","","","","","","10","","","","",""
"ORCB122","","Witch Hat Charm, Rose Gold","Charms","Fixed","","1200","","","173.67","","","Simple","1","","","","","","","","","","","","8","","","","",""
"ORCB123","","Horse Charm","Charms","Fixed","","1200","","","231.56","","","Simple","1","","","","","","","","","","","","10","","","","",""
"ORCB124","","Clover Charm, Purple","Charms","Fixed","","1200","","","238.84","","","Simple","1","","","","","","","","","","","","10","","","","",""
"ORCB125","","Basketball Charm","Charms","Fixed","","1200","","","166.39","","","Simple","1","","","","","","","","","","","","9","","","","",""
"ORCB126","","Cactus Charm","Charms","Fixed","","1200","","","113.46","","","Simple","1","","","","","","","","","","","","10","","","","",""
"ORCB127","","Rabbit and Strawberry Charm","Charms","Fixed","","1200","","","151.84","","","Simple","1","","","","","","","","","","","","10","","","","",""
"ORCB128","","Ladybird Charm","Charms","Fixed","","1200","","","224.94","","","Simple","1","","","","","","","","","","","","10","","","","",""
"ORCB129","","Two Cats and Moon Charm","Charms","Fixed","","1200","","","150.51","","","Simple","1","","","","","","","","","","","","9","","","","",""
"ORCB135","","Medical Chart Charm","Charms","Fixed","","1200","","","164.41","","","Simple","1","","","","","","","","","","","","10","","","","",""
"ORCB136","","Camera Charm, Pink","Charms","Fixed","","1200","","","164.74","","","Simple","1","","","","","","","","","","","","10","","","","",""
"ORCB137","","Elephant Charm, Pink and Green","Charms","Fixed","","1200","","","200.80","","","Simple","1","","","","","","","","","","","","10","","","","",""
"ORCB138","","Lucky Clover Heart Charm","Charms","Fixed","","1200","","","141.25","","","Simple","1","","","","","","","","","","","","10","","","","",""
"ORCB139","","Sunflower Charm","Charms","Fixed","","1200","","","277.87","","","Simple","1","","","","","","","","","","","","9","","","","",""
"ORCB140","","Rainbow Charm","Charms","Fixed","","1200","","","155.15","","","Simple","1","","","","","","","","","","","","10","","","","",""
"ORCB142","","Mermaid Charm","Charms","Fixed","","1200","","","173.01","","","Simple","1","","","","","","","","","","","","10","","","","",""
"ORCB144","","Best Friends Charm","Charms","Fixed","","1200","","","188.23","","","Simple","1","","","","","","","","","","","","10","","","","",""
"ORCB146","","Ship's Wheel Charm","Charms","Fixed","","1200","","","138.94","","","Simple","1","","","","","","","","","","","","10","","","","",""
"ORCB149","","Giraffe Charm","Charms","Fixed","","1200","","","149.19","","","Simple","1","","","","","","","","","","","","10","","","","",""
"ORCB150","","Lucky Star Charm, Gold","Charms","Fixed","","1200","","","160.44","","","Simple","1","","","","","","","","","","","","9","","","","",""
"ORCB151","","Sunflower Charm, Gold","Charms","Fixed","","1200","","","166.39","","","Simple","1","","","","","","","","","","","","9","","","","",""
"ORCB152","","Stars and Moon Charm, Blue","Charms","Fixed","","1200","","","225.61","","","Simple","1","","","","","","","","","","","","10","","","","",""
"ORCB153","","Flower Heart Charm","Charms","Fixed","","1200","","","180.95","","","Simple","1","","","","","","","","","","","","10","","","","",""
"ORCB154","","I Love My Family Charm","Charms","Fixed","","1200","","","180.95","","","Simple","1","","","","","","","","","","","","10","","","","",""
"ORCB155","","Cocktail Charm","Charms","Fixed","","1200","","","151.84","","","Simple","1","","","","","","","","","","","","10","","","","",""
"ORCB156","","Shopping Bag Charm","Charms","Fixed","","1200","","","166.39","","","Simple","1","","","","","","","","","","","","10","","","","",""
"ORCB157","","Heartbeat Charm","Charms","Fixed","","1200","","","166.39","","","Simple","1","","","","","","","","","","","","9","","","","",""
"ORCB159","","Cool Drink Charm","Charms","Fixed","","1200","","","166.39","","","Simple","1","","","","","","","","","","","","10","","","","",""
"ORCB160","","Casino Charm","Charms","Fixed","","1200","","","166.39","","","Simple","1","","","","","","","","","","","","10","","","","",""
"ORCB161","","Gift Box Charm","Charms","Fixed","","1200","","","180.95","","","Simple","1","","","","","","","","","","","","10","","","","",""
"ORCB162","","Wristwatch Charm","Charms","Fixed","","1200","","","144.89","","","Simple","1","","","","","","","","","","","","9","","","","",""
"ORCB163","","Hot Air Balloon Charm","Charms","Fixed","","1200","","","180.95","","","Simple","1","","","","","","","","","","","","10","","","","",""
"ORCB164","","Birthday Cake Charm","Charms","Fixed","","1200","","","151.84","","","Simple","1","","","","","","","","","","","","10","","","","",""
"ORCB165","","Ice Lolly Charm","Charms","Fixed","","1200","","","151.84","","","Simple","1","","","","","","","","","","","","10","","","","",""
"ORCB166","","Carrot Charm","Charms","Fixed","","1200","","","159.11","","","Simple","1","","","","","","","","","","","","10","","","","",""
"ORCB168","","Cow Charm","Charms","Fixed","","1200","","","166.39","","","Simple","1","","","","","","","","","","","","10","","","","",""
"ORCB169","","Pony Charm","Charms","Fixed","","1200","","","209.73","","","Simple","1","","","","","","","","","","","","10","","","","",""
"ORCB170","","Police Box Charm","Charms","Fixed","","1200","","","151.84","","","Simple","1","","","","","","","","","","","","9","","","","",""
"ORCB171","","Umbrella Charm","Charms","Fixed","","1200","","","166.39","","","Simple","1","","","","","","","","","","","","10","","","","",""
"ORCB173","","Planet Charm","Charms","Fixed","","1200","","","188.23","","","Simple","1","","","","","","","","","","","","10","","","","",""
"ORCB174","","Handbag Charm","Charms","Fixed","","1200","","","159.11","","","Simple","1","","","","","","","","","","","","10","","","","",""
"ORCB175","","Treble Clef Charm","Charms","Fixed","","1200","","","151.84","","","Simple","1","","","","","","","","","","","","9","","","","",""
"ORCB176","","ORCB176","Charms","Fixed","","1200","","","242.15","","","Simple","1","","","","","","","","","","","","50","","","","",""
"ORCB177","","Ice Cream Cart Charm","Charms","Fixed","","1200","","","195.50","","","Simple","1","","","","","","","","","","","","10","","","","",""
"ORCB179","","Panda Charm","Charms","Fixed","","1200","","","209.73","","","Simple","1","","","","","","","","","","","","10","","","","",""
"ORCB180","","Crowned Shield Charm","Charms","Fixed","","1200","","","166.39","","","Simple","1","","","","","","","","","","","","15","","","","",""
"ORCB182","","Puzzle Cube Charm","Charms","Fixed","","1200","","","188.23","","","Simple","1","","","","","","","","","","","","16","","","","",""
"ORCBB01-17","","SPARKLE - SNAKE CHAIN","Charm Bracelets","Fixed","","2900","","","732.72","","","Simple","1","","","","","","","","","","","","44","","","","",""
"ORCBB01-19","","SPARKLE - SNAKE CHAIN","Charm Bracelets","Fixed","","2900","","","792.27","","","Simple","1","","","","","","","","","","","","44","","","","",""
"ORCBB01-21","","SPARKLE - SNAKE CHAIN","Charm Bracelets","Fixed","","2900","","","888.20","","","Simple","1","","","","","","","","","","","","46","","","","",""
"ORCB183-A","","Letter A Charm","Charms","Fixed","","1200","","","146.88","","","Simple","1","","","","","","","","","","","","10","","","","",""
"ORCB183-B","","Letter B Charm","Charms","Fixed","","1200","","","146.88","","","Simple","1","","","","","","","","","","","","10","","","","",""
"ORCB183-C","","Letter C Charm","Charms","Fixed","","1200","","","139.60","","","Simple","1","","","","","","","","","","","","10","","","","",""
"ORCB183-D","","Letter D Charm","Charms","Fixed","","1200","","","154.48","","","Simple","1","","","","","","","","","","","","10","","","","",""
"ORCB183-E","","Letter E Charm","Charms","Fixed","","1200","","","146.88","","","Simple","1","","","","","","","","","","","","10","","","","",""
"ORCB183-F","","Letter F Charm","Charms","Fixed","","1200","","","146.88","","","Simple","1","","","","","","","","","","","","10","","","","",""
"ORCB183-G","","Letter G Charm","Charms","Fixed","","1200","","","139.60","","","Simple","1","","","","","","","","","","","","10","","","","",""
"ORCB183-H","","Letter H Charm","Charms","Fixed","","1200","","","154.48","","","Simple","1","","","","","","","","","","","","10","","","","",""
"ORCB183-I","","Letter I Charm","Charms","Fixed","","1200","","","132.32","","","Simple","1","","","","","","","","","","","","10","","","","",""
"ORCB183-J","","Letter J Charm","Charms","Fixed","","1200","","","154.48","","","Simple","1","","","","","","","","","","","","10","","","","",""
"ORCB183-K","","Letter K Charm","Charms","Fixed","","1200","","","161.76","","","Simple","1","","","","","","","","","","","","10","","","","",""
"ORCB183-L","","Letter L Charm","Charms","Fixed","","1200","","","132.32","","","Simple","1","","","","","","","","","","","","10","","","","",""
"ORCB183-M","","Letter M Charm","Charms","Fixed","","1200","","","146.88","","","Simple","1","","","","","","","","","","","","10","","","","",""
"ORCB183-N","","Letter N Charm","Charms","Fixed","","1200","","","146.88","","","Simple","1","","","","","","","","","","","","10","","","","",""
"ORCB183-O","","Letter O Charm","Charms","Fixed","","1200","","","132.32","","","Simple","1","","","","","","","","","","","","10","","","","",""
"ORCB183-P","","Letter P Charm","Charms","Fixed","","1200","","","146.88","","","Simple","1","","","","","","","","","","","","10","","","","",""
"ORCB183-Q","","Letter Q Charm","Charms","Fixed","","1200","","","146.88","","","Simple","1","","","","","","","","","","","","10","","","","",""
"ORCB183-R","","Letter R Charm","Charms","Fixed","","1200","","","146.88","","","Simple","1","","","","","","","","","","","","9","","","","",""
"ORCB183-S","","Letter S Charm","Charms","Fixed","","1200","","","132.32","","","Simple","1","","","","","","","","","","","","10","","","","",""
"ORCB183-T","","Letter T Charm","Charms","Fixed","","1200","","","139.60","","","Simple","1","","","","","","","","","","","","10","","","","",""
"ORCB183-U","","Letter U Charm","Charms","Fixed","","1200","","","146.88","","","Simple","1","","","","","","","","","","","","10","","","","",""
"ORCB183-V","","Letter V Charm","Charms","Fixed","","1200","","","139.60","","","Simple","1","","","","","","","","","","","","10","","","","",""
"ORCB183-W","","Letter W Charm","Charms","Fixed","","1200","","","139.60","","","Simple","1","","","","","","","","","","","","10","","","","",""
"ORCB183-X","","Letter X Charm","Charms","Fixed","","1200","","","139.60","","","Simple","1","","","","","","","","","","","","10","","","","",""
"ORCB183-Y","","Letter Y Charm","Charms","Fixed","","1200","","","117.76","","","Simple","1","","","","","","","","","","","","10","","","","",""
"ORCB183-Z","","Letter Z Charm","Charms","Fixed","","1200","","","169.04","","","Simple","1","","","","","","","","","","","","10","","","","",""
"ORSE340-P","","ORSE340-P","Earrings","Fixed","","1900","","","316.58","","","Simple","1","","","","","","","","","","","","10","","","","",""
"ORSE340-14K","","ORSE340-14K","Earrings","Fixed","","1900","","","301.03","","","Simple","1","","","","","","","","","","","","10","","","","",""
"ORSN290-P","","ORSN290-P","Necklaces","Fixed","","1900","","","266.29","","","Simple","1","","","","","","","","","","","","7","","","","",""
"ORSN290-14K","","ORSN290-14K","Necklaces","Fixed","","1900","","","257.36","","","Simple","1","","","","","","","","","","","","10","","","","",""
"ORSN292","","ORSN292","Necklaces","Fixed","","1900","","","311.94","","","Simple","1","","","","","","","","","","","","10","","","","",""
"ORSE341","","ORSE341","Earrings","Fixed","","1900","","","319.55","","","Simple","1","","","","","","","","","","","","10","","","","",""
"ORSE37","","ORSE37","Earrings","Fixed","","1900","","","168.71","","","Simple","1","","","","","","","","","","","","15","","","","",""
"ORSE80","","ORSE80","Earrings","Fixed","","1900","","","157.46","","","Simple","1","","","","","","","","","","","","10","","","","",""
"ORSE82","","ORSE82","Earrings","Fixed","","1900","","","240.16","","","Simple","1","","","","","","","","","","","","15","","","","",""
"ORSE86-P","","ORSE86-P","Earrings","Fixed","","1900","","","63.84","","","Simple","1","","","","","","","","","","","","1","","","","",""
"ORSE97","","ORSE97","Earrings","Fixed","","1900","","","120.08","","","Simple","1","","","","","","","","","","","","9","","","","",""
"ORSE101-R","","ORSE101-R","Earrings","Fixed","","1900","","","209.40","","","Simple","1","","","","","","","","","","","","2","","","","",""
"ORSE105-P","","ORSE105-P","Earrings","Fixed","","1900","","","127.36","","","Simple","1","","","","","","","","","","","","10","","","","",""
"ORSE105-R","","ORSE105-R","Earrings","Fixed","","1900","","","127.36","","","Simple","1","","","","","","","","","","","","15","","","","",""
"ORSE106-R","","ORSE106-R","Earrings","Fixed","","1900","","","81.05","","","Simple","1","","","","","","","","","","","","10","","","","",""
"ORSE106-P","","ORSE106-P","Earrings","Fixed","","1900","","","84.02","","","Simple","1","","","","","","","","","","","","10","","","","",""
"ORSE118","","ORSE118","Earrings","Fixed","","1900","","","101.22","","","Simple","1","","","","","","","","","","","","10","","","","",""
"ORSE119-W","","ORSE119-W","Earrings","Fixed","","1900","","","76.41","","","Simple","1","","","","","","","","","","","","10","","","","",""
"ORSE146-40cm","","ORSE146-40cm","Earrings","Fixed","","1900","","","168.71","","","Simple","1","","","","","","","","","","","","10","","","","",""
"ORSE146-50cm","","ORSE146-50cm","Earrings","Fixed","","1900","","","206.42","","","Simple","1","","","","","","","","","","","","10","","","","",""
"ORSE151-P","","ORSE151-P","Earrings","Fixed","","1900","","","191.20","","","Simple","1","","","","","","","","","","","","10","","","","",""
"ORSE152-G","","ORSE152-G","Earrings","Fixed","","1900","","","213.70","","","Simple","1","","","","","","","","","","","","8","","","","",""
"ORSE152-P","","ORSE152-P","Earrings","Fixed","","1900","","","213.70","","","Simple","1","","","","","","","","","","","","5","","","","",""
"ORSE164","","ORSE164","Earrings","Fixed","","1900","","","157.46","","","Simple","1","","","","","","","","","","","","10","","","","",""
"ORSE171-G","","ORSE171-G","Earrings","Fixed","","1900","","","101.22","","","Simple","1","","","","","","","","","","","","10","","","","",""
"ORSE171-P","","ORSE171-P","Earrings","Fixed","","1900","","","101.22","","","Simple","1","","","","","","","","","","","","10","","","","",""
"ORSE186-W","","ORSE186-W","Earrings","Fixed","","1900","","","114.46","","","Simple","1","","","","","","","","","","","","10","","","","",""
"ORSE186-B","","ORSE186-B","Earrings","Fixed","","1900","","","114.46","","","Simple","1","","","","","","","","","","","","10","","","","",""
"ORSE192-B","","ORSE192-B","Earrings","Fixed","","1900","","","123.72","","","Simple","1","","","","","","","","","","","","10","","","","",""
"ORSE192-W","","ORSE192-W","Earrings","Fixed","","1900","","","117.10","","","Simple","1","","","","","","","","","","","","15","","","","",""
"ORSE205","","ORSE205","Earrings","Fixed","","1900","","","127.36","","","Simple","1","","","","","","","","","","","","10","","","","",""
"ORSE207","","ORSE207","Earrings","Fixed","","1900","","","195.17","","","Simple","1","","","","","","","","","","","","15","","","","",""
"ORSE208","","ORSE208","Earrings","Fixed","","1900","","","127.36","","","Simple","1","","","","","","","","","","","","18","","","","",""
"ORSE210","","ORSE210","Earrings","Fixed","","1900","","","157.46","","","Simple","1","","","","","","","","","","","","5","","","","",""
"ORSE212","","ORSE212","Earrings","Fixed","","1900","","","179.96","","","Simple","1","","","","","","","","","","","","10","","","","",""
"ORSE218","","ORSE218","Earrings","Fixed","","1900","","","120.08","","","Simple","1","","","","","","","","","","","","10","","","","",""
"ORSE220","","ORSE220","Earrings","Fixed","","1900","","","406.55","","","Simple","1","","","","","","","","","","","","10","","","","",""
"ORSE221","","ORSE221","Earrings","Fixed","","9900","","","678.80","","Premium","Simple","1","","","","","","","","","","","","10","","","","",""
"ORSE222","","ORSE222","Earrings","Fixed","","1900","","","425.08","","","Simple","1","","","","","","","","","","","","8","","","","",""
"ORSE223","","ORSE223","Earrings","Fixed","","3900","","","624.88","","Premium","Simple","1","","","","","","","","","","","","10","","","","",""
"ORSE229","","ORSE229","Earrings","Fixed","","1900","","","252.73","","","Simple","1","","","","","","","","","","","","10","","","","",""
"ORSE231","","ORSE231","Earrings","Fixed","","1900","","","182.93","","","Simple","1","","","","","","","","","","","","15","","","","",""
"ORSE232","","ORSE232","Earrings","Fixed","","1900","","","200.13","","","Simple","1","","","","","","","","","","","","8","","","","",""
"ORSE234","","ORSE234","Earrings","Fixed","","1900","","","227.26","","","Simple","1","","","","","","","","","","","","10","","","","",""
"ORSE237","","ORSE237","Earrings","Fixed","","1900","","","206.42","","","Simple","1","","","","","","","","","","","","10","","","","",""
"ORSE238","","ORSE238","Earrings","Fixed","","1900","","","151.51","","","Simple","1","","","","","","","","","","","","10","","","","",""
"ORSE240","","ORSE240","Earrings","Fixed","","1900","","","218.99","","","Simple","1","","","","","","","","","","","","10","","","","",""
"ORSE243","","ORSE243","Earrings","Fixed","","1900","","","225.94","","","Simple","1","","","","","","","","","","","","10","","","","",""
"ORSE245-R","","ORSE245-R","Earrings","Fixed","","1900","","","198.81","","","Simple","1","","","","","","","","","","","","10","","","","",""
"ORSE245-G","","ORSE245-G","Earrings","Fixed","","1900","","","198.81","","","Simple","1","","","","","","","","","","","","10","","","","",""
"ORSE247-G","","ORSE247-G","Earrings","Fixed","","1900","","","194.18","","","Simple","1","","","","","","","","","","","","10","","","","",""
"ORSE247-R","","ORSE247-R","Earrings","Fixed","","1900","","","184.59","","","Simple","1","","","","","","","","","","","","10","","","","",""
"ORSE247-P","","ORSE247-P","Earrings","Fixed","","1900","","","201.13","","","Simple","1","","","","","","","","","","","","10","","","","",""
"ORSE248-G","","ORSE248-G","Earrings","Fixed","","1900","","","117.76","","","Simple","1","","","","","","","","","","","","10","","","","",""
"ORSE248-P","","ORSE248-P","Earrings","Fixed","","1900","","","117.76","","","Simple","1","","","","","","","","","","","","10","","","","",""
"ORSE248-R","","ORSE248-R","Earrings","Fixed","","1900","","","117.76","","","Simple","1","","","","","","","","","","","","9","","","","",""
"ORSE259","","ORSE259","Earrings","Fixed","","1900","","","117.10","","","Simple","1","","","","","","","","","","","","10","","","","",""
"ORSE262","","ORSE262","Earrings","Fixed","","1900","","","247.44","","","Simple","1","","","","","","","","","","","","10","","","","",""
"ORSE267","","ORSE267","Earrings","Fixed","","1900","","","228.91","","","Simple","1","","","","","","","","","","","","10","","","","",""
"ORSE279-R","","ORSE279-R","Earrings","Fixed","","1900","","","165.07","","","Simple","1","","","","","","","","","","","","10","","","","",""
"ORSE280","","ORSE280","Earrings","Fixed","","1900","","","131.99","","","Simple","1","","","","","","","","","","","","10","","","","",""
"ORSE290","","ORSE290","Earrings","Fixed","","1900","","","221.31","","","Simple","1","","","","","","","","","","","","10","","","","",""
"ORSE291","","ORSE291","Earrings","Fixed","","1900","","","288.79","","","Simple","1","","","","","","","","","","","","9","","","","",""
"ORSE294","","ORSE294","Earrings","Fixed","","1900","","","232.55","","","Simple","1","","","","","","","","","","","","5","","","","",""
"ORSE295-P","","ORSE295-P","Earrings","Fixed","","1900","","","161.43","","","Simple","1","","","","","","","","","","","","10","","","","",""
"ORSE295-G","","ORSE295-G","Earrings","Fixed","","1900","","","153.82","","","Simple","1","","","","","","","","","","","","9","","","","",""
"ORSE296-G","","ORSE296-G","Earrings","Fixed","","1900","","","183.92","","","Simple","1","","","","","","","","","","","","10","","","","",""
"ORSE296-P","","ORSE296-P","Earrings","Fixed","","1900","","","183.92","","","Simple","1","","","","","","","","","","","","10","","","","",""
"ORSE302","","ORSE302","Earrings","Fixed","","1900","","","165.07","","","Simple","1","","","","","","","","","","","","10","","","","",""
"ORSE303","","ORSE303","Earrings","Fixed","","1900","","","163.75","","","Simple","1","","","","","","","","","","","","10","","","","",""
"ORSE306","","ORSE306","Earrings","Fixed","","1900","","","207.08","","","Simple","1","","","","","","","","","","","","10","","","","",""
"ORSE308","","ORSE308","Earrings","Fixed","","1900","","","190.54","","","Simple","1","","","","","","","","","","","","10","","","","",""
"ORSE309","","ORSE309","Earrings","Fixed","","1900","","","154.48","","","Simple","1","","","","","","","","","","","","10","","","","",""
"ORSE310","","ORSE310","Earrings","Fixed","","1900","","","152.17","","","Simple","1","","","","","","","","","","","","10","","","","",""
"ORSE312","","ORSE312","Earrings","Fixed","","1900","","","206.42","","","Simple","1","","","","","","","","","","","","10","","","","",""
"ORSE314","","ORSE314","Earrings","Fixed","","1900","","","211.38","","","Simple","1","","","","","","","","","","","","7","","","","",""
"ORSE317","","ORSE317","Earrings","Fixed","","1900","","","127.36","","","Simple","1","","","","","","","","","","","","10","","","","",""
"ORSE320","","ORSE320","Earrings","Fixed","","1900","","","404.90","","","Simple","1","","","","","","","","","","","","9","","","","",""
"ORSE321","","ORSE321","Earrings","Fixed","","1900","","","112.47","","","Simple","1","","","","","","","","","","","","10","","","","",""
"ORSE322","","ORSE322","Earrings","Fixed","","1900","","","82.37","","","Simple","1","","","","","","","","","","","","10","","","","",""
"ORSE323","","ORSE323","Earrings","Fixed","","1900","","","82.37","","","Simple","1","","","","","","","","","","","","10","","","","",""
"ORSE326","","ORSE326","Earrings","Fixed","","1900","","","168.71","","","Simple","1","","","","","","","","","","","","10","","","","",""
"ORSE327","","ORSE327","Earrings","Fixed","","1900","","","172.68","","","Simple","1","","","","","","","","","","","","9","","","","",""
"ORSE329","","ORSE329","Earrings","Fixed","","1900","","","165.07","","","Simple","1","","","","","","","","","","","","10","","","","",""
"ORSE331-P","","ORSE331-P","Earrings","Fixed","","1900","","","112.47","","","Simple","1","","","","","","","","","","","","10","","","","",""
"ORSE331-R","","ORSE331-R","Earrings","Fixed","","1900","","","112.47","","","Simple","1","","","","","","","","","","","","10","","","","",""
"ORSE332-4mm","","ORSE332-4mm","Earrings","Fixed","","1900","","","95.93","","","Simple","1","","","","","","","","","","","","15","","","","",""
"ORSE333-P-W","","ORSE333-P-W","Earrings","Fixed","","1900","","","307.64","","","Simple","1","","","","","","","","","","","","10","","","","",""
"ORSE333-P-F","","ORSE333-P-F","Earrings","Fixed","","1900","","","314.92","","","Simple","1","","","","","","","","","","","","10","","","","",""
"ORSE335-P","","ORSE335-P","Earrings","Fixed","","1900","","","111.15","","","Simple","1","","","","","","","","","","","","15","","","","",""
"ORSE336-P","","ORSE336-P","Earrings","Fixed","","1900","","","330.14","","","Simple","1","","","","","","","","","","","","15","","","","",""
"ORSE337","","ORSE337","Earrings","Fixed","","1900","","","208.73","","","Simple","1","","","","","","","","","","","","10","","","","",""
"OREQE01","","OREQE01","Earrings","Fixed","","1900","","","116.11","","","Simple","1","","","","","","","","","","","","10","","","","",""
"OREQE02","","OREQE02","Earrings","Fixed","","1900","","","108.83","","","Simple","1","","","","","","","","","","","","10","","","","",""
"OREQE04","","OREQE04","Earrings","Fixed","","1900","","","206.42","","","Simple","1","","","","","","","","","","","","15","","","","",""
"OREQE09","","OREQE09","Earrings","Fixed","","1900","","","127.36","","","Simple","1","","","","","","","","","","","","15","","","","",""
"OREQE10","","OREQE10","Earrings","Fixed","","1900","","","112.47","","","Simple","1","","","","","","","","","","","","10","","","","",""
"OREQE18","","OREQE18","Earrings","Fixed","","1900","","","154.48","","","Simple","1","","","","","","","","","","","","10","","","","",""
"OREQE19","","OREQE19","Earrings","Fixed","","1900","","","213.04","","","Simple","1","","","","","","","","","","","","15","","","","",""
"OREQE20","","OREQE20","Earrings","Fixed","","1900","","","291.77","","","Simple","1","","","","","","","","","","","","10","","","","",""
"OREQE21","","OREQE21","Earrings","Fixed","","1900","","","213.04","","","Simple","1","","","","","","","","","","","","16","","","","",""
"OREQE23","","OREQE23","Earrings","Fixed","","1900","","","146.21","","","Simple","1","","","","","","","","","","","","10","","","","",""
"OREQE24","","OREQE24","Earrings","Fixed","","1900","","","224.94","","","Simple","1","","","","","","","","","","","","10","","","","",""
"OREQE25","","OREQE25","Earrings","Fixed","","1900","","","146.21","","","Simple","1","","","","","","","","","","","","10","","","","",""
"OREQE28-P","","OREQE28-P","Earrings","Fixed","","1900","","","134.97","","","Simple","1","","","","","","","","","","","","10","","","","",""
"OREQE33","","OREQE33","Earrings","Fixed","","1900","","","232.55","","","Simple","1","","","","","","","","","","","","10","","","","",""
"ORGPE01","","ORGPE01","Earrings","Fixed","","1900","","","162.75","","","Simple","1","","","","","","","","","","","","10","","","","",""
"ORGPE03","","ORGPE03","Earrings","Fixed","","1900","","","138.94","","","Simple","1","","","","","","","","","","","","10","","","","",""
"ORGPE04","","ORGPE04","Earrings","Fixed","","1900","","","195.17","","","Simple","1","","","","","","","","","","","","15","","","","",""
"ORAPE01","","ORAPE01","Earrings","Fixed","","1900","","","97.59","","","Simple","1","","","","","","","","","","","","10","","","","",""
"ORAPE02","","ORAPE02","Earrings","Fixed","","1900","","","90.64","","","Simple","1","","","","","","","","","","","","10","","","","",""
"ORAPE04","","ORAPE04","Earrings","Fixed","","1900","","","75.09","","","Simple","1","","","","","","","","","","","","10","","","","",""
"ORAPE05","","ORAPE05","Earrings","Fixed","","1900","","","93.62","","","Simple","1","","","","","","","","","","","","10","","","","",""
"ORAPE06","","ORAPE06","Earrings","Fixed","","1900","","","82.37","","","Simple","1","","","","","","","","","","","","10","","","","",""
"ORAPE07","","ORAPE07","Earrings","Fixed","","1900","","","89.98","","","Simple","1","","","","","","","","","","","","10","","","","",""
"ORAPE09","","ORAPE09","Earrings","Fixed","","1900","","","84.02","","","Simple","1","","","","","","","","","","","","10","","","","",""
"ORAPE10","","ORAPE10","Earrings","Fixed","","1900","","","91.63","","","Simple","1","","","","","","","","","","","","10","","","","",""
"ORAPE11","","ORAPE11","Earrings","Fixed","","1900","","","75.09","","","Simple","1","","","","","","","","","","","","10","","","","",""
"ORAPE12","","ORAPE12","Earrings","Fixed","","1900","","","98.91","","","Simple","1","","","","","","","","","","","","10","","","","",""
"ORAPE15","","ORAPE15","Earrings","Fixed","","1900","","","110.16","","","Simple","1","","","","","","","","","","","","10","","","","",""
"ORAPE16","","ORAPE16","Earrings","Fixed","","1900","","","93.62","","","Simple","1","","","","","","","","","","","","10","","","","",""
"ORAPE17","","ORAPE17","Earrings","Fixed","","1900","","","109.49","","","Simple","1","","","","","","","","","","","","10","","","","",""
"ORAPE23","","ORAPE23","Earrings","Fixed","","1900","","","135.63","","","Simple","1","","","","","","","","","","","","10","","","","",""
"ORAPE13","","ORAPE13","Earrings","Fixed","","1900","","","117.10","","","Simple","1","","","","","","","","","","","","10","","","","",""
"ORAPE19","","ORAPE19","Earrings","Fixed","","1900","","","159.78","","","Simple","1","","","","","","","","","","","","10","","","","",""
"ORAPE20","","ORAPE20","Earrings","Fixed","","1900","","","152.17","","","Simple","1","","","","","","","","","","","","10","","","","",""
"ORAPE21","","ORAPE21","Earrings","Fixed","","1900","","","108.83","","","Simple","1","","","","","","","","","","","","10","","","","",""
"ORHAPE27-P","","ORHAPE27-P","Earrings","Fixed","","1900","","","45.65","","","Simple","1","","","","","","","","","","","","10","","","","",""
"ORHAPE27-G","","ORHAPE27-G","Earrings","Fixed","","1900","","","45.65","","","Simple","1","","","","","","","","","","","","10","","","","",""
"ORHAPE28-P","","ORHAPE28-P","Earrings","Fixed","","1900","","","46.64","","","Simple","1","","","","","","","","","","","","10","","","","",""
"ORHAPE28-G","","ORHAPE28-G","Earrings","Fixed","","1900","","","46.64","","","Simple","1","","","","","","","","","","","","10","","","","",""
"ORHAPE29-P","","ORHAPE29-P","Earrings","Fixed","","1900","","","46.64","","","Simple","1","","","","","","","","","","","","10","","","","",""
"ORHAPE29-G","","ORHAPE29-G","Earrings","Fixed","","1900","","","46.64","","","Simple","1","","","","","","","","","","","","10","","","","",""
"ORGCB05-P-18","","Durian Charm","Charms","Fixed","","1200","","","168.38","","","Simple","1","","","","","","","","","","","","30","","","","",""
"ORGCB06-P","","Danish Flag Charm, Pave","Charms","Fixed","","1200","","","234.54","","","Simple","1","","","","","","","","","","","","15","","","","",""
"ORGCB50P","","Danish Flag Charm, Red Enamel","Charms","Fixed","","1200","","","234.54","","","Simple","1","","","","","","","","","","","","15","","","","",""
"ORGCB07-18K","","Lotus Flower Charm, 18K Gold","Charms","Fixed","","1200","","","192.19","","","Simple","1","","","","","","","","","","","","15","","","","",""
"ORGCB07-P","","Lotus Flower Charm","Charms","Fixed","","1200","","","199.80","","","Simple","1","","","","","","","","","","","","15","","","","",""
"ORGCB08-P","","Tassel Charm","Charms","Fixed","","1200","","","181.61","","","Simple","1","","","","","","","","","","","","15","","","","",""
"ORGCB08-18K","","Tassel Charm, 18K Gold","Charms","Fixed","","1200","","","174.00","","","Simple","1","","","","","","","","","","","","15","","","","",""
"ORGCB09-P","","Whale Tail Charm","Charms","Fixed","","1200","","","131.99","","","Simple","1","","","","","","","","","","","","30","","","","",""
"ORGCB10-P","","Royal Guard Charm","Charms","Fixed","","1200","","","161.43","","","Simple","1","","","","","","","","","","","","30","","","","",""
"ORGCB11-18K","","ORGCB11-18K","Charms","Fixed","","1200","","","205.43","","","Simple","1","","","","","","","","","","","","30","","","","",""
"ORGCB12-18K","","ORGCB12-18K","Charms","Fixed","","1200","","","169.37","","","Simple","1","","","","","","","","","","","","30","","","","",""
"ORGCB18","","ORGCB18","Charms","Fixed","","1200","","","180.29","","","Simple","1","","","","","","","","","","","","30","","","","",""
"ORGCB19-18K","","ORGCB19-18K","Charms","Fixed","","1200","","","202.78","","","Simple","1","","","","","","","","","","","","15","","","","",""
"ORGCB19-P","","ORGCB19-P","Charms","Fixed","","1200","","","202.78","","","Simple","1","","","","","","","","","","","","15","","","","",""
"ORGCB20-18K","","ORGCB20-18K","Charms","Fixed","","1200","","","190.21","","","Simple","1","","","","","","","","","","","","15","","","","",""
"ORGCB20-P","","ORGCB20-P","Charms","Fixed","","1200","","","190.21","","","Simple","1","","","","","","","","","","","","15","","","","",""
"ORGCB21-18K","","ORGCB21-18K","Charms","Fixed","","1200","","","253.06","","","Simple","1","","","","","","","","","","","","15","","","","",""
"ORGCB21-P","","ORGCB21-P","Charms","Fixed","","1200","","","253.06","","","Simple","1","","","","","","","","","","","","15","","","","",""
"ORGCB22-18K","","ORGCB22-18K","Charms","Fixed","","1200","","","143.57","","","Simple","1","","","","","","","","","","","","15","","","","",""
"ORGCB22-P","","ORGCB22-P","Charms","Fixed","","1200","","","143.57","","","Simple","1","","","","","","","","","","","","14","","","","",""
"ORGCB23-18K","","ORGCB23-18K","Charms","Fixed","","1200","","","165.07","","","Simple","1","","","","","","","","","","","","15","","","","",""
"ORGCB23-P","","ORGCB23-P","Charms","Fixed","","1200","","","165.07","","","Simple","1","","","","","","","","","","","","15","","","","",""
"ORGCB24-18K","","ORGCB24-18K","Charms","Fixed","","1200","","","173.67","","","Simple","1","","","","","","","","","","","","15","","","","",""
"ORGCB24-P","","ORGCB24-P","Charms","Fixed","","1200","","","173.67","","","Simple","1","","","","","","","","","","","","15","","","","",""
"ORGCB25","","Little Mermaid Charm","Charms","Fixed","","1200","","","239.83","","","Simple","1","","","","","","","","","","","","30","","","","",""
"ORGCB26-18K","","ORGCB26-18K","Charms","Fixed","","1200","","","168.71","","","Simple","1","","","","","","","","","","","","15","","","","",""
"ORGCB26-P","","ORGCB26-P","Charms","Fixed","","1200","","","168.71","","","Simple","1","","","","","","","","","","","","13","","","","",""
"ORGCB27","","Coat of Arms Charm","Charms","Fixed","","1200","","","132.98","","","Simple","1","","","","","","","","","","","","30","","","","",""
"ORGCB28-18K","","ORGCB28-18K","Charms","Fixed","","1200","","","176.98","","","Simple","1","","","","","","","","","","","","15","","","","",""
"ORGCB28-P","","ORGCB28-P","Charms","Fixed","","1200","","","176.98","","","Simple","1","","","","","","","","","","","","15","","","","",""
"ORGCB29-18K","","ORGCB29-18K","Charms","Fixed","","1200","","","139.27","","","Simple","1","","","","","","","","","","","","15","","","","",""
"ORGCB29-P","","ORGCB29-P","Charms","Fixed","","1200","","","139.27","","","Simple","1","","","","","","","","","","","","14","","","","",""
"ORGCB30-18K","","ORGCB30-18K","Charms","Fixed","","1200","","","199.47","","","Simple","1","","","","","","","","","","","","15","","","","",""
"ORGCB30-P","","ORGCB30-P","Charms","Fixed","","1200","","","199.47","","","Simple","1","","","","","","","","","","","","15","","","","",""
"ORGSB106-P-180","","ORGSB106-P-180","Bracelets","Fixed","","9900","","","1568.98","","Premium","Simple","1","","","","","","","","","","","","30","","","","",""
"ORGSB106-P-190","","ORGSB106-P-190","Bracelets","Fixed","","9900","","","1613.97","","Premium","Simple","1","","","","","","","","","","","","30","","","","",""
"ORGPN13","","ORGPN13","Necklaces","Fixed","","1900","","","235.86","","","Simple","1","","","","","","","","","","","","15","","","","",""
"ORGPB01","","ORGPB01","Bracelets","Fixed","","2500","","","159.78","","","Simple","1","","","","","","","","","","","","15","","","","",""
"ORGPB02","","ORGPB02","Bracelets","Fixed","","2500","","","144.56","","","Simple","1","","","","","","","","","","","","15","","","","",""
"ORGPE05","","ORGPE05","Earrings","Fixed","","1900","","","182.60","","","Simple","1","","","","","","","","","","","","15","","","","",""
"ORGPN14","","ORGPN14","Necklaces","Fixed","","1900","","","380.75","","","Simple","1","","","","","","","","","","","","15","","","","",""
"ORGPE06","","ORGPE06","Earrings","Fixed","","1900","","","174.99","","","Simple","1","","","","","","","","","","","","15","","","","",""
"ORPA0010","","Fluted Clip, Clear Stone","Spacers & Clips","Fixed","","900","","","195.83","","","Simple","1","","","","","","","","","","","","10","","","","",""
"ORPA034","","Polished Dome Spacer","Spacers & Clips","Fixed","","900","","","154.15","","","Simple","1","","","","","","","","","","","","10","","","","",""
"ORPA0035","","Polished Spacer, Pink Stone","Spacers & Clips","Fixed","","900","","","176.98","","","Simple","1","","","","","","","","","","","","9","","","","",""
"ORPA0094","","Pink Enamel Spacer","Spacers & Clips","Fixed","","900","","","158.45","","","Simple","1","","","","","","","","","","","","10","","","","",""
"ORPA0097","","Lilac Daisy Spacer","Spacers & Clips","Fixed","","900","","","184.26","","","Simple","1","","","","","","","","","","","","10","","","","",""
"ORPA0123","","Starry Night Spacer, Blue Enamel","Spacers & Clips","Fixed","","900","","","145.22","","","Simple","1","","","","","","","","","","","","10","","","","",""
"ORPA0132","","Butterfly Clip, Red Stone","Spacers & Clips","Fixed","","900","","","180.62","","","Simple","1","","","","","","","","","","","","10","","","","",""
"ORPA0142","","Tulip Spacer, Pink Stone","Spacers & Clips","Fixed","","900","","","124.71","","","Simple","1","","","","","","","","","","","","10","","","","",""
"ORPA0147","","Butterfly Spacer, Clear Stones","Spacers & Clips","Fixed","","900","","","124.05","","","Simple","1","","","","","","","","","","","","10","","","","",""
"ORPA0149","","Scroll Spacer, Oxidized Silver","Spacers & Clips","Fixed","","900","","","119.75","","","Simple","1","","","","","","","","","","","","10","","","","",""
"ORPA0107","","Dragonfly Clip, Blue Enamel","Spacers & Clips","Fixed","","900","","","181.94","","","Simple","1","","","","","","","","","","","","10","","","","",""
"ORGCB51-WY","","Daisy Charm, White and Yellow","Charms","Fixed","","1200","","","163.08","","","Simple","1","","","","","","","","","","","","30","","","","",""
"ORGCB51-YL","","Daisy Charm, Blue","Charms","Fixed","","1200","","","163.08","","","Simple","1","","","","","","","","","","","","30","","","","",""
"ORGCB51-YP","","Daisy Charm, Purple","Charms","Fixed","","1200","","","163.08","","","Simple","1","","","","","","","","","","","","29","","","","",""
"ORGCB51-YR","","Daisy Charm, Red","Charms","Fixed","","1200","","","163.08","","","Simple","1","","","","","","","","","","","","30","","","","",""
"ORGCB51-P","","Daisy Dangle, Pink","Charms","Fixed","","1200","","","163.08","","","Simple","1","","","","","","","","","","","","30","","","","",""
"ORGCB52-L","","Fortune Charm, Blue Enamel","Charms","Fixed","","1200","","","250.08","","","Simple","1","","","","","","","","","","","","28","","","","",""
"ORGCB53-L","","Longevity Charm, Blue Enamel","Charms","Fixed","","1200","","","251.41","","","Simple","1","","","","","","","","","","","","28","","","","",""
"ORGCB54-L","","Prosperity Charm, Blue Enamel","Charms","Fixed","","1200","","","253.06","","","Simple","1","","","","","","","","","","","","28","","","","",""
"ORGCB55-L","","Good Luck Charm, Blue Enamel","Charms","Fixed","","1200","","","255.71","","","Simple","1","","","","","","","","","","","","29","","","","",""
"ORGCB56-B","","Love Charm, Black Enamel","Charms","Fixed","","1200","","","250.42","","","Simple","1","","","","","","","","","","","","26","","","","",""
"ORGCB57-Z","","Acorn Charm","Charms","Fixed","","1200","","","258.69","","","Simple","1","","","","","","","","","","","","27","","","","",""
"ORGCB58-LVR","","Good Luck Clover Charm","Charms","Fixed","","1200","","","186.90","","","Simple","1","","","","","","","","","","","","23","","","","",""
"ORCB32-Vir","","Virgo Zodiac Charm","Charms","Fixed","","1200","","","142.57","","","Simple","1","","","","","","","","","","","","16","","","","",""
"ORCB32-Tau","","Taurus Zodiac Charm","Charms","Fixed","","1200","","","146.21","","","Simple","1","","","","","","","","","","","","16","","","","",""
"ORCB32-Ari","","Aries Zodiac Charm","Charms","Fixed","","1200","","","140.92","","","Simple","1","","","","","","","","","","","","15","","","","",""
"ORCB32-Sco","","Scorpio Zodiac Charm","Charms","Fixed","","1200","","","142.57","","","Simple","1","","","","","","","","","","","","11","","","","",""
"ORCB32-Psc","","Pisces Zodiac Charm","Charms","Fixed","","1200","","","137.94","","","Simple","1","","","","","","","","","","","","15","","","","",""
"ORCB32-Cap","","Capricorn Zodiac Charm","Charms","Fixed","","1200","","","146.21","","","Simple","1","","","","","","","","","","","","13","","","","",""
"ORCB32-Cnc","","Cancer Zodiac Charm","Charms","Fixed","","1200","","","140.92","","","Simple","1","","","","","","","","","","","","16","","","","",""
"ORCB32-Sgr","","Sagittarius Zodiac Charm","Charms","Fixed","","1200","","","142.57","","","Simple","1","","","","","","","","","","","","16","","","","",""
"ORCB32-Leo","","Leo Zodiac Charm","Charms","Fixed","","1200","","","142.57","","","Simple","1","","","","","","","","","","","","16","","","","",""
"ORCB32-Gem","","Gemini Zodiac Charm","Charms","Fixed","","1200","","","142.57","","","Simple","1","","","","","","","","","","","","16","","","","",""
"ORCB32-Lib","","Libra Zodiac Charm","Charms","Fixed","","1200","","","143.90","","","Simple","1","","","","","","","","","","","","15","","","","",""
"ORCB32-Agr","","Aquarius Zodiac Charm","Charms","Fixed","","1200","","","147.87","","","Simple","1","","","","","","","","","","","","13","","","","",""
"ORCB33-R","","January Birthstone Charm, Garnet","Charms","Fixed","","1200","","","115.78","","","Simple","1","","","","","","","","","","","","20","","","","",""
"ORCB33-P","","February Birthstone Charm, Amethyst","Charms","Fixed","","1200","","","115.78","","","Simple","1","","","","","","","","","","","","20","","","","",""
"ORCB33-Q","","March Birthstone Charm, Aquamarine","Charms","Fixed","","1200","","","115.78","","","Simple","1","","","","","","","","","","","","20","","","","",""
"ORCB33-W","","April Birthstone Charm, White","Charms","Fixed","","1200","","","115.78","","","Simple","1","","","","","","","","","","","","20","","","","",""
"ORCB33-LV","","May Birthstone Charm, Emerald","Charms","Fixed","","1200","","","115.78","","","Simple","1","","","","","","","","","","","","20","","","","",""
"ORCB33-PL","","June Birthstone Charm, Alexandrite","Charms","Fixed","","1200","","","115.78","","","Simple","1","","","","","","","","","","","","20","","","","",""
"ORCB33-M","","July Birthstone Charm, Ruby","Charms","Fixed","","1200","","","115.78","","","Simple","1","","","","","","","","","","","","19","","","","",""
"ORCB33-G","","August Birthstone Charm, Peridot","Charms","Fixed","","1200","","","115.78","","","Simple","1","","","","","","","","","","","","20","","","","",""
"ORCB33-BL","","September Birthstone Charm, Sapphire","Charms","Fixed","","1200","","","115.78","","","Simple","1","","","","","","","","","","","","20","","","","",""
"ORCB33-F","","October Birthstone Charm, Tourmaline","Charms","Fixed","","1200","","","115.78","","","Simple","1","","","","","","","","","","","","20","","","","",""
"ORCB33-X","","November Birthstone Charm, Yellow Topaz","Charms","Fixed","","1200","","","115.78","","","Simple","1","","","","","","","","","","","","20","","","","",""
"ORCB33-L","","December Birthstone Charm, Turquoise","Charms","Fixed","","1200","","","115.78","","","Simple","1","","","","","","","","","","","","20","","","","",""
"ORSMN30","","ORSMN30","Necklaces","Fixed","","9900","","","967.59","","Premium","Simple","1","","","","","","","","","","","","20","","","","",""
"ORSWE13","","ORSWE13","Earrings (Swarovski)","Fixed","","9900","","","900.11","","Premium","Simple","1","","","","","","","","","","","","14","","","","",""
"ORSMR69","","ORSMR69","Rings","Fixed","","9900","","","695.01","","Premium","Simple","1","","","","","","","","","","","","24","","","","",""
"ORSMN45","","ORSMN45","Necklaces","Fixed","","9900","","","772.09","","Premium","Simple","1","","","","","","","","","","","","20","","","","",""
"ORCB199","","Tree of Life Charm, Pink and Purple","Charms","Fixed","","1200","","","218.99","","","Simple","1","","","","","","","","","","","","21","","","","",""
"ORCB200","","Tree of Life Heart Charm","Charms","Fixed","","1200","","","152.17","","","Simple","1","","","","","","","","","","","","20","","","","",""
"ORCB201","","Tree of Life Charm, Pave Halo","Charms","Fixed","","1200","","","218.99","","","Simple","1","","","","","","","","","","","","21","","","","",""
"ORCB202","","Tree of Life Charm, Engraved","Charms","Fixed","","1200","","","176.65","","","Simple","1","","","","","","","","","","","","19","","","","",""
"ORCB203","","Tree of Life Charm, Celtic Knot","Charms","Fixed","","1200","","","143.90","","","Simple","1","","","","","","","","","","","","19","","","","",""
"ORCB204","","Tree of Life Heart Charm, Stone Set","Charms","Fixed","","1200","","","178.63","","","Simple","1","","","","","","","","","","","","19","","","","",""
"ORCB205","","Tree of Life Charm, Scrolled","Charms","Fixed","","1200","","","222.63","","","Simple","1","","","","","","","","","","","","21","","","","",""
"ORCB206","","Tree of Life Charm, Oxidized","Charms","Fixed","","1200","","","173.34","","","Simple","1","","","","","","","","","","","","20","","","","",""
"ORCB208","","Tree of Life Heart Charm, Red","Charms","Fixed","","1200","","","215.68","","","Simple","1","","","","","","","","","","","","21","","","","",""
"ORCB209","","Tree of Life Heart Charm, Turquoise","Charms","Fixed","","1200","","","213.37","","","Simple","1","","","","","","","","","","","","21","","","","",""
"ORCB210","","Tree of Life Dangle, Scrolled","Charms","Fixed","","1200","","","190.87","","","Simple","1","","","","","","","","","","","","20","","","","",""
"ORCB211","","Tree of Life Heart Dangle, Pink","Charms","Fixed","","1200","","","218.99","","","Simple","1","","","","","","","","","","","","21","","","","",""
"ORCB212","","Tree of Life Dangle, Blue Stones","Charms","Fixed","","1200","","","142.24","","","Simple","1","","","","","","","","","","","","20","","","","",""
"ORCB213","","Tree of Life Dangle, Beaded Ring","Charms","Fixed","","1200","","","214.69","","","Simple","1","","","","","","","","","","","","21","","","","",""
"ORCB214","","Flamingo Charm","Charms","Fixed","","1200","","","152.17","","","Simple","1","","","","","","","","","","","","19","","","","",""
"ORCB215","","Flamingo Charm, Magenta","Charms","Fixed","","1200","","","201.46","","","Simple","1","","","","","","","","","","","","20","","","","",""
"ORCB216","","Flamingo Charm, Pale Pink","Charms","Fixed","","1200","","","218.66","","","Simple","1","","","","","","","","","","","","20","","","","",""
"ORCB217","","Camel Charm","Charms","Fixed","","1200","","","235.86","","","Simple","1","","","","","","","","","","","","21","","","","",""
"ORCB218","","Dinosaur Charm","Charms","Fixed","","1200","","","216.67","","","Simple","1","","","","","","","","","","","","12","","","","",""
"ORCB219","","Rubber Duck Charm","Charms","Fixed","","1200","","","203.44","","","Simple","1","","","","","","","","","","","","20","","","","",""
"ORCB220","","Giraffe Charm, Brown Spots","Charms","Fixed","","1200","","","245.12","","","Simple","1","","","","","","","","","","","","20","","","","",""
"ORCB221","","Carousel Horse Charm","Charms","Fixed","","1200","","","210.06","","","Simple","1","","","","","","","","","","","","19","","","","",""
"ORGSB114-195","","ORGSB114-195","Bracelets","Fixed","","9900","","","1610.33","","Premium","Simple","1","","","","","","","","","","","","29","","","","",""
"ORGSB114-205","","ORGSB114-205","Bracelets","Fixed","","9900","","","1674.84","","Premium","Simple","1","","","","","","","","","","","","27","","","","",""
"ORGCBB1-17-W","","PEACE - SNAKE CHAIN","Charm Bracelets","Fixed","","2900","","","732.72","","","Simple","1","","","","","","","","","","","","8","","","","",""
"ORGCBB1-17-R","","PEACE - SNAKE CHAIN","Charm Bracelets","Fixed","","2900","","","732.72","","","Simple","1","","","","","","","","","","","","5","","","","",""
"ORGCBB1-17-K","","PEACE - SNAKE CHAIN","Charm Bracelets","Fixed","","2900","","","732.72","","","Simple","1","","","","","","","","","","","","6","","","","",""
"ORGCBB1-17-B","","PEACE - SNAKE CHAIN","Charm Bracelets","Fixed","","2900","","","732.72","","","Simple","1","","","","","","","","","","","","6","","","","",""
"ORGCBB1-17-G","","PEACE - SNAKE CHAIN","Charm Bracelets","Fixed","","2900","","","732.72","","","Simple","1","","","","","","","","","","","","8","","","","",""
"ORGCBB1-19-W","","PEACE - SNAKE CHAIN","Charm Bracelets","Fixed","","2900","","","792.27","","","Simple","1","","","","","","","","","","","","8","","","","",""
"ORGCBB1-19-R","","PEACE - SNAKE CHAIN","Charm Bracelets","Fixed","","2900","","","792.27","","","Simple","1","","","","","","","","","","","","8","","","","",""
"ORGCBB1-19-K","","PEACE - SNAKE CHAIN","Charm Bracelets","Fixed","","2900","","","792.27","","","Simple","1","","","","","","","","","","","","7","","","","",""
"ORGCBB1-19-B","","PEACE - SNAKE CHAIN","Charm Bracelets","Fixed","","2900","","","792.27","","","Simple","1","","","","","","","","","","","","8","","","","",""
"ORGCBB1-19-G","","PEACE - SNAKE CHAIN","Charm Bracelets","Fixed","","2900","","","792.27","","","Simple","1","","","","","","","","","","","","8","","","","",""
"ORGCBB1-21-W","","PEACE - SNAKE CHAIN","Charm Bracelets","Fixed","","2900","","","888.20","","","Simple","1","","","","","","","","","","","","5","","","","",""
"ORGCBB1-21-R","","PEACE - SNAKE CHAIN","Charm Bracelets","Fixed","","2900","","","888.20","","","Simple","1","","","","","","","","","","","","8","","","","",""
"ORGCBB1-21-K","","PEACE - SNAKE CHAIN","Charm Bracelets","Fixed","","2900","","","888.20","","","Simple","1","","","","","","","","","","","","8","","","","",""
"ORGCBB1-21-B","","PEACE - SNAKE CHAIN","Charm Bracelets","Fixed","","2900","","","888.20","","","Simple","1","","","","","","","","","","","","8","","","","",""
"ORGSN305-W","","ORGSN305-W","Necklaces","Fixed","","3900","","","462.79","","Premium","Simple","1","","","","","","","","","","","","26","","","","",""
"ORGSN305-B","","ORGSN305-B","Necklaces","Fixed","","3900","","","462.79","","Premium","Simple","1","","","","","","","","","","","","11","","","","",""
"ORGSN305-C","","ORGSN305-C","Necklaces","Fixed","","3900","","","462.79","","Premium","Simple","1","","","","","","","","","","","","26","","","","",""
"ORGCB56-L","","Love Charm, Blue Enamel","Charms","Fixed","","1200","","","250.42","","","Simple","1","","","","","","","","","","","","27","","","","",""
"ORGCB56-R","","Love Charm, Red Enamel","Charms","Fixed","","1200","","","250.42","","","Simple","1","","","","","","","","","","","","27","","","","",""
"ORGCB177","","ORGCB177","Charms","Fixed","","1200","","","185.91","","","Simple","1","","","","","","","","","","","","28","","","","",""
"ORGCB175","","Hans Christian Andersen Charm","Charms","Fixed","","1200","","","185.91","","","Simple","1","","","","","","","","","","","","26","","","","",""
"ORGCB109","","ORGCB109","Charms","Fixed","","3900","","","515.39","","Premium","Simple","1","","","","","","","","","","","","28","","","","",""
"ORGCB110","","ORGCB110","Charms","Fixed","","1200","","","100.89","","","Simple","1","","","","","","","","","","","","27","","","","",""
"ORGCB182-1","","Aristotle Quote Charm, Discipline","Charms","Fixed","","1200","","","275.56","","","Simple","1","","","","","","","","","","","","12","","","","",""
"ORGCB182-2","","Aristotle Quote Charm, Happiness","Charms","Fixed","","1200","","","275.56","","","Simple","1","","","","","","","","","","","","12","","","","",""
"ORGCB182-3","","Aristotle Quote Charm, Friendship","Charms","Fixed","","1200","","","275.56","","","Simple","1","","","","","","","","","","","","12","","","","",""
"ORGCB182-5","","Aristotle Quote Charm, Knowledge","Charms","Fixed","","1200","","","275.56","","","Simple","1","","","","","","","","","","","","11","","","","",""
"ORGCB182-6","","Aristotle Quote Charm, Education","Charms","Fixed","","1200","","","275.56","","","Simple","1","","","","","","","","","","","","11","","","","",""
"ORGCB182-7","","Aristotle Quote Charm, Purpose","Charms","Fixed","","1200","","","275.56","","","Simple","1","","","","","","","","","","","","11","","","","",""
"ORGCB182-8","","Aristotle Quote Charm, Wisdom","Charms","Fixed","","1200","","","275.56","","","Simple","1","","","","","","","","","","","","12","","","","",""
"ORGCB184-1","","Lao Tzu Quote Charm, The Journey","Charms","Fixed","","1200","","","275.56","","","Simple","1","","","","","","","","","","","","11","","","","",""
"ORGCB184-2","","Lao Tzu Quote Charm, Freedom","Charms","Fixed","","1200","","","275.56","","","Simple","1","","","","","","","","","","","","10","","","","",""
"ORGCB184-3","","Lao Tzu Quote Charm, Silence","Charms","Fixed","","1200","","","275.56","","","Simple","1","","","","","","","","","","","","12","","","","",""
"ORGCB184-4","","Lao Tzu Quote Charm, The Flame","Charms","Fixed","","1200","","","275.56","","","Simple","1","","","","","","","","","","","","10","","","","",""
"ORGCB184-5","","Lao Tzu Quote Charm, Love","Charms","Fixed","","1200","","","275.56","","","Simple","1","","","","","","","","","","","","12","","","","",""
"ORGCB184-6","","Lao Tzu Quote Charm, The Traveller","Charms","Fixed","","1200","","","275.56","","","Simple","1","","","","","","","","","","","","12","","","","",""
"ORGCB184-7","","Lao Tzu Quote Charm, Calm","Charms","Fixed","","1200","","","275.56","","","Simple","1","","","","","","","","","","","","10","","","","",""
"ORGCB185-14K","","Lemon Charm, 14K Gold","Charms","Fixed","","1200","","","260.01","","","Simple","1","","","","","","","","","","","","27","","","","",""
"ORGCB186-1","","Engraved Quote Charm, A Smile","Charms","Fixed","","1200","","","260.01","","","Simple","1","","","","","","","","","","","","12","","","","",""
"ORGCB186-2","","Engraved Quote Charm, The Mirror","Charms","Fixed","","1200","","","260.01","","","Simple","1","","","","","","","","","","","","13","","","","",""
"ORGCB181","","Aubergine Charm","Charms","Fixed","","1200","","","185.25","","","Simple","1","","","","","","","","","","","","27","","","","",""
"ORGCB187-14K-1","","Engraved Quote Charm, The Moon","Charms","Fixed","","1200","","","181.28","","","Simple","1","","","","","","","","","","","","13","","","","",""
"ORGCB187-14K-2","","Engraved Quote Charm, Possible","Charms","Fixed","","1200","","","181.28","","","Simple","1","","","","","","","","","","","","12","","","","",""
"ORCB145","","Daisy Charm, Gold and White","Charms","Fixed","","1200","","","202.78","","","Simple","1","","","","","","","","","","","","15","","","","",""
"ORSE107-R","","ORSE107-R","Earrings","Fixed","","1900","","","101.89","","","Simple","1","","","","","","","","","","","","8","","","","",""
"ORSN15","","ORSN15","Necklaces","Fixed","","1900","","","231.23","","","Simple","1","","","","","","","","","","","","10","","","","",""
"ORSE89","","ORSE89","Earrings","Fixed","","1900","","","164.08","","","Simple","1","","","","","","","","","","","","1","","","","",""
