sku,category,unit_cost_usd,suggested_price_thb,margin_pct
ORSE18,Earrings,5.36,1900,91
ORSE19,Earrings,6.67,1900,88
ORSE22,Earrings,8.97,1900,84
ORSE42,Earrings,11.59,1900,80
ORSE46,Earrings,14.22,3900,88
ORSE71-L,Earrings,3.17,1900,94
ORSE71-R,Earrings,3.06,1900,95
ORSE71-W,Earrings,3.06,1900,95
ORSE76,Earrings,4.92,1900,91
ORSE84,Earrings,2.84,1900,95
ORSE102,Earrings,3.97,1900,93
ORSE103,Earrings,3.75,1900,93
ORSE114,Earrings,3.28,1900,94
ORSE266,Earrings,3.35,1900,94
ORSN04,Necklaces,4.16,1900,93
ORSN38,Necklaces,5.10,1900,91
ORSN40,Necklaces,5.43,1900,91
ORSN41,Necklaces,5.64,1900,90
ORSN43,Necklaces,6.41,1900,89
ORSN44,Necklaces,5.86,1900,90
ORSN60,Necklaces,7.81,1900,86
ORSN89-P,Necklaces,6.08,1900,89
ORSN174-P,Necklaces,6.62,1900,88
ORSME13,Earrings,7.69,1900,87
ORSWB07,Bracelets (Swarovski),15.21,3900,87
ORSWE07,Earrings (Swarovski),8.86,1900,85
ORSWE08,Earrings (Swarovski),8.38,1900,85
ORSWE09,Earrings (Swarovski),7.37,1900,87
ORSWE10,Earrings (Swarovski),6.66,1900,88
ORSWE11,Earrings (Swarovski),4.77,1900,92
ORSWE12,Earrings (Swarovski),7.53,1900,87
ORSWE14-B,Earrings (Swarovski),6.84,1900,88
ORSWE14-F,Earrings (Swarovski),6.84,1900,88
ORSWE15,Earrings (Swarovski),5.48,1900,90
ORSWE16,Earrings (Swarovski),8.42,1900,85
ORSWB04-F,Bracelets (Swarovski),12.44,2500,84
ORSWB04-B,Bracelets (Swarovski),12.44,2500,84
ORSWB05,Bracelets (Swarovski),12.23,2500,84
ORSWB06-B,Bracelets (Swarovski),12.88,2500,83
ORSWB06-F,Bracelets (Swarovski),12.88,2500,83
ORSWB06-P,Bracelets (Swarovski),12.88,2500,83
ORSWB08,Bracelets (Swarovski),10.79,2500,86
ORSWN05-G,Necklaces (Swarovski),8.20,1900,86
ORSWN05-P,Necklaces (Swarovski),8.20,1900,86
ORSWN06-F,Necklaces (Swarovski),8.66,1900,85
ORSWN06-B,Necklaces (Swarovski),8.66,1900,85
ORSWN07,Necklaces (Swarovski),8.38,1900,85
ORSWN08,Necklaces (Swarovski),8.16,1900,86
ORSWE01-R,Earrings (Swarovski),5.60,1900,90
ORSWE02-P,Earrings (Swarovski),4.17,1900,93
ORSWE03-P,Earrings (Swarovski),5.40,1900,91
ORSWE04-P,Earrings (Swarovski),5.07,1900,91
ORSWE05-P,Earrings (Swarovski),6.93,1900,88
ORSWE06-B,Earrings (Swarovski),4.29,1900,93
ORSWE06-F,Earrings (Swarovski),4.29,1900,93
ORSWN01-P,Necklaces (Swarovski),7.53,1900,87
ORSWN02-P,Necklaces (Swarovski),6.44,1900,89
ORSWN03-P,Necklaces (Swarovski),7.63,1900,87
ORSWN04-B,Necklaces (Swarovski),6.96,1900,88
ORSWN04-F,Necklaces (Swarovski),6.96,1900,88
ORSWN04-P,Necklaces (Swarovski),6.96,1900,88
ORSWN04-G,Necklaces (Swarovski),6.96,1900,88
ORSWB01-P,Bracelets (Swarovski),13.23,3900,89
ORSWB02-P,Bracelets (Swarovski),7.08,2500,91
ORSWB03-B,Bracelets (Swarovski),8.71,2500,88
ORSWB03-F,Bracelets (Swarovski),8.71,2500,88
ORSWE17-F,Earrings (Swarovski),6.10,1900,89
ORSWE17-B,Earrings (Swarovski),6.10,1900,89
ORSWN15,Necklaces (Swarovski),8.41,1900,85
ORSWN16,Necklaces (Swarovski),8.30,1900,86
ORSB42,Bracelets,8.52,2500,89
ORSB43,Bracelets,7.71,2500,90
ORSB61-16.5,Bracelets,9.41,2500,88
ORSB61-18,Bracelets,9.84,2500,87
ORSB62-16.5,Bracelets,11.05,2500,85
ORSB62-18,Bracelets,11.38,2500,85
"ORSB92-6.5""",Bracelets,10.61,2500,86
"ORSB92-7""",Bracelets,11.16,2500,85
"ORSB93-6.5""",Bracelets,13.34,3900,89
"ORSB93-7""",Bracelets,13.56,3900,88
"ORSB94-6.5""",Bracelets,11.70,2500,85
"ORSB94-7""",Bracelets,12.91,2500,83
"ORSB95-6.5""",Bracelets,15.97,3900,86
"ORSB95-7""",Bracelets,17.28,3900,85
ORCB01,Charms,3.75,1200,90
ORCB02,Charms,3.84,1200,89
ORCB03,Charms,4.03,1200,89
ORCB04,Charms,4.38,1200,88
ORCB05,Charms,5.12,1200,86
ORCB06,Charms,4.15,1200,89
ORCB07,Charms,2.92,1200,92
ORCB08,Charms,4.05,1200,89
ORCB09,Charms,4.42,1200,88
ORCB10,Charms,4.76,1200,87
ORCB11,Charms,5.24,1200,86
ORCB12,Charms,3.54,1200,90
ORCB13,Charms,3.30,1200,91
ORCB14,Charms,3.77,1200,90
ORCB15,Charms,3.50,1200,90
ORCB16,Charms,3.72,1200,90
ORCB17,Charms,5.48,1200,85
ORCB18,Charms,5.10,1200,86
ORCB20,Charms,3.28,1200,91
ORCB21,Charms,2.87,1200,92
ORCB22,Charms,4.59,1200,87
ORCB23,Charms,3.52,1200,90
ORCB25,Charms,4.07,1200,89
ORCB26,Charms,3.93,1200,89
ORCB27,Charms,4.99,1200,86
ORCB28,Charms,2.76,1200,92
ORCB29,Charms,3.59,1200,90
ORCB30,Charms,6.69,1200,82
ORCB34,Charms,5.03,1200,86
ORCB35,Charms,4.59,1200,87
ORCB36,Charms,7.22,1200,80
ORCB37,Charms,3.94,1200,89
ORCB38,Charms,4.92,1200,86
ORCB39,Charms,5.36,1200,85
ORCB40,Charms,4.27,1200,88
ORCB41,Charms,5.58,1200,85
ORCB42,Charms,4.16,1200,89
ORCB43,Charms,4.05,1200,89
ORCB44,Charms,4.92,1200,86
ORCB45,Charms,4.81,1200,87
ORCB46,Charms,5.14,1200,86
ORCB47,Charms,4.48,1200,88
ORCB48,Charms,7.22,1200,80
ORCB49,Charms,6.34,1200,83
ORCB50,Charms,6.23,1200,83
ORCB51,Charms,7.88,1200,78
ORCB52,Charms,4.16,1200,89
ORCB53,Charms,5.47,1200,85
ORCB54,Charms,5.91,1200,84
ORCB55,Charms,5.35,1200,85
ORCB56,Charms,5.28,1200,85
ORCB58,Charms,4.01,1200,89
ORCB59,Charms,4.27,1200,88
ORCB60,Charms,5.49,1200,85
ORCB61,Charms,4.33,1200,88
ORCB62,Charms,5.62,1200,85
ORCB63,Charms,4.77,1200,87
ORCB64,Charms,5.46,1200,85
ORCB65,Charms,5.64,1200,84
ORCB66,Charms,3.50,1200,90
ORCB67,Charms,3.88,1200,89
ORCB70,Charms,5.35,1200,85
ORCB71,Charms,4.13,1200,89
ORCB73,Charms,4.59,1200,87
ORCB74,Charms,5.13,1200,86
ORCB76,Charms,7.34,1200,80
ORCB77,Charms,7.22,1200,80
ORCB78,Charms,5.80,1200,84
ORCB79,Charms,9.30,1200,74
ORCB80,Charms,4.87,1200,87
ORCB81,Charms,4.59,1200,87
ORCB82,Charms,5.50,1200,85
ORCB83,Charms,5.21,1200,86
ORCB84,Charms,4.87,1200,87
ORCB85,Charms,4.81,1200,87
ORCB86,Charms,5.69,1200,84
ORCB88,Charms,3.36,1200,91
ORCB89,Charms,5.88,1200,84
ORCB100,Charms,6.25,1200,83
ORCB101,Charms,7.02,1200,81
ORCB102,Charms,6.46,1200,82
ORCB103,Charms,7.02,1200,81
ORCB104,Charms,6.00,1200,83
ORCB106,Charms,5.17,1200,86
ORCB107,Charms,6.13,1200,83
ORCB108,Charms,4.26,1200,88
ORCB110,Charms,6.13,1200,83
ORCB111,Charms,5.46,1200,85
ORCB113,Charms,6.30,1200,83
ORCB114,Charms,5.19,1200,86
ORCB115,Charms,5.03,1200,86
ORCB116,Charms,6.35,1200,82
ORCB117,Charms,4.96,1200,86
ORCB118,Charms,6.68,1200,82
ORCB119,Charms,5.58,1200,85
ORCB120,Charms,5.40,1200,85
ORCB122,Charms,5.25,1200,86
ORCB123,Charms,7.00,1200,81
ORCB124,Charms,7.22,1200,80
ORCB125,Charms,5.03,1200,86
ORCB126,Charms,3.43,1200,91
ORCB127,Charms,4.59,1200,87
ORCB128,Charms,6.80,1200,81
ORCB129,Charms,4.55,1200,87
ORCB135,Charms,4.97,1200,86
ORCB136,Charms,4.98,1200,86
ORCB137,Charms,6.07,1200,83
ORCB138,Charms,4.27,1200,88
ORCB139,Charms,8.40,1200,77
ORCB140,Charms,4.69,1200,87
ORCB142,Charms,5.23,1200,86
ORCB144,Charms,5.69,1200,84
ORCB146,Charms,4.20,1200,88
ORCB149,Charms,4.51,1200,88
ORCB150,Charms,4.85,1200,87
ORCB151,Charms,5.03,1200,86
ORCB152,Charms,6.82,1200,81
ORCB153,Charms,5.47,1200,85
ORCB154,Charms,5.47,1200,85
ORCB155,Charms,4.59,1200,87
ORCB156,Charms,5.03,1200,86
ORCB157,Charms,5.03,1200,86
ORCB159,Charms,5.03,1200,86
ORCB160,Charms,5.03,1200,86
ORCB161,Charms,5.47,1200,85
ORCB162,Charms,4.38,1200,88
ORCB163,Charms,5.47,1200,85
ORCB164,Charms,4.59,1200,87
ORCB165,Charms,4.59,1200,87
ORCB166,Charms,4.81,1200,87
ORCB168,Charms,5.03,1200,86
ORCB169,Charms,6.34,1200,83
ORCB170,Charms,4.59,1200,87
ORCB171,Charms,5.03,1200,86
ORCB173,Charms,5.69,1200,84
ORCB174,Charms,4.81,1200,87
ORCB175,Charms,4.59,1200,87
ORCB176,Charms,7.32,1200,80
ORCB177,Charms,5.91,1200,84
ORCB179,Charms,6.34,1200,83
ORCB180,Charms,5.03,1200,86
ORCB182,Charms,5.69,1200,84
ORCBB01-17,Charm Bracelets,22.15,2900,75
ORCBB01-19,Charm Bracelets,23.95,2900,73
ORCBB01-21,Charm Bracelets,26.85,2900,69
ORCB183-A,Charms,4.44,1200,88
ORCB183-B,Charms,4.44,1200,88
ORCB183-C,Charms,4.22,1200,88
ORCB183-D,Charms,4.67,1200,87
ORCB183-E,Charms,4.44,1200,88
ORCB183-F,Charms,4.44,1200,88
ORCB183-G,Charms,4.22,1200,88
ORCB183-H,Charms,4.67,1200,87
ORCB183-I,Charms,4.00,1200,89
ORCB183-J,Charms,4.67,1200,87
ORCB183-K,Charms,4.89,1200,87
ORCB183-L,Charms,4.00,1200,89
ORCB183-M,Charms,4.44,1200,88
ORCB183-N,Charms,4.44,1200,88
ORCB183-O,Charms,4.00,1200,89
ORCB183-P,Charms,4.44,1200,88
ORCB183-Q,Charms,4.44,1200,88
ORCB183-R,Charms,4.44,1200,88
ORCB183-S,Charms,4.00,1200,89
ORCB183-T,Charms,4.22,1200,88
ORCB183-U,Charms,4.44,1200,88
ORCB183-V,Charms,4.22,1200,88
ORCB183-W,Charms,4.22,1200,88
ORCB183-X,Charms,4.22,1200,88
ORCB183-Y,Charms,3.56,1200,90
ORCB183-Z,Charms,5.11,1200,86
ORSE340-P,Earrings,9.57,1900,83
ORSE340-14K,Earrings,9.10,1900,84
ORSN290-P,Necklaces,8.05,1900,86
ORSN290-14K,Necklaces,7.78,1900,86
ORSN292,Necklaces,9.43,1900,84
ORSE341,Earrings,9.66,1900,83
ORSE37,Earrings,5.10,1900,91
ORSE80,Earrings,4.76,1900,92
ORSE82,Earrings,7.26,1900,87
ORSE86-P,Earrings,1.93,1900,97
ORSE97,Earrings,3.63,1900,94
ORSE101-R,Earrings,6.33,1900,89
ORSE105-P,Earrings,3.85,1900,93
ORSE105-R,Earrings,3.85,1900,93
ORSE106-R,Earrings,2.45,1900,96
ORSE106-P,Earrings,2.54,1900,96
ORSE118,Earrings,3.06,1900,95
ORSE119-W,Earrings,2.31,1900,96
ORSE146-40cm,Earrings,5.10,1900,91
ORSE146-50cm,Earrings,6.24,1900,89
ORSE151-P,Earrings,5.78,1900,90
ORSE152-G,Earrings,6.46,1900,89
ORSE152-P,Earrings,6.46,1900,89
ORSE164,Earrings,4.76,1900,92
ORSE171-G,Earrings,3.06,1900,95
ORSE171-P,Earrings,3.06,1900,95
ORSE186-W,Earrings,3.46,1900,94
ORSE186-B,Earrings,3.46,1900,94
ORSE192-B,Earrings,3.74,1900,93
ORSE192-W,Earrings,3.54,1900,94
ORSE205,Earrings,3.85,1900,93
ORSE207,Earrings,5.90,1900,90
ORSE208,Earrings,3.85,1900,93
ORSE210,Earrings,4.76,1900,92
ORSE212,Earrings,5.44,1900,91
ORSE218,Earrings,3.63,1900,94
ORSE220,Earrings,12.29,1900,79
ORSE221,Earrings,20.52,9900,93
ORSE222,Earrings,12.85,1900,78
ORSE223,Earrings,18.89,3900,84
ORSE229,Earrings,7.64,1900,87
ORSE231,Earrings,5.53,1900,90
ORSE232,Earrings,6.05,1900,89
ORSE234,Earrings,6.87,1900,88
ORSE237,Earrings,6.24,1900,89
ORSE238,Earrings,4.58,1900,92
ORSE240,Earrings,6.62,1900,88
ORSE243,Earrings,6.83,1900,88
ORSE245-R,Earrings,6.01,1900,90
ORSE245-G,Earrings,6.01,1900,90
ORSE247-G,Earrings,5.87,1900,90
ORSE247-R,Earrings,5.58,1900,90
ORSE247-P,Earrings,6.08,1900,89
ORSE248-G,Earrings,3.56,1900,94
ORSE248-P,Earrings,3.56,1900,94
ORSE248-R,Earrings,3.56,1900,94
ORSE259,Earrings,3.54,1900,94
ORSE262,Earrings,7.48,1900,87
ORSE267,Earrings,6.92,1900,88
ORSE279-R,Earrings,4.99,1900,91
ORSE280,Earrings,3.99,1900,93
ORSE290,Earrings,6.69,1900,88
ORSE291,Earrings,8.73,1900,85
ORSE294,Earrings,7.03,1900,88
ORSE295-P,Earrings,4.88,1900,92
ORSE295-G,Earrings,4.65,1900,92
ORSE296-G,Earrings,5.56,1900,90
ORSE296-P,Earrings,5.56,1900,90
ORSE302,Earrings,4.99,1900,91
ORSE303,Earrings,4.95,1900,91
ORSE306,Earrings,6.26,1900,89
ORSE308,Earrings,5.76,1900,90
ORSE309,Earrings,4.67,1900,92
ORSE310,Earrings,4.60,1900,92
ORSE312,Earrings,6.24,1900,89
ORSE314,Earrings,6.39,1900,89
ORSE317,Earrings,3.85,1900,93
ORSE320,Earrings,12.24,1900,79
ORSE321,Earrings,3.40,1900,94
ORSE322,Earrings,2.49,1900,96
ORSE323,Earrings,2.49,1900,96
ORSE326,Earrings,5.10,1900,91
ORSE327,Earrings,5.22,1900,91
ORSE329,Earrings,4.99,1900,91
ORSE331-P,Earrings,3.40,1900,94
ORSE331-R,Earrings,3.40,1900,94
ORSE332-4mm,Earrings,2.90,1900,95
ORSE333-P-W,Earrings,9.30,1900,84
ORSE333-P-F,Earrings,9.52,1900,83
ORSE335-P,Earrings,3.36,1900,94
ORSE336-P,Earrings,9.98,1900,83
ORSE337,Earrings,6.31,1900,89
OREQE01,Earrings,3.51,1900,94
OREQE02,Earrings,3.29,1900,94
OREQE04,Earrings,6.24,1900,89
OREQE09,Earrings,3.85,1900,93
OREQE10,Earrings,3.40,1900,94
OREQE18,Earrings,4.67,1900,92
OREQE19,Earrings,6.44,1900,89
OREQE20,Earrings,8.82,1900,85
OREQE21,Earrings,6.44,1900,89
OREQE23,Earrings,4.42,1900,92
OREQE24,Earrings,6.80,1900,88
OREQE25,Earrings,4.42,1900,92
OREQE28-P,Earrings,4.08,1900,93
OREQE33,Earrings,7.03,1900,88
ORGPE01,Earrings,4.92,1900,91
ORGPE03,Earrings,4.20,1900,93
ORGPE04,Earrings,5.90,1900,90
ORAPE01,Earrings,2.95,1900,95
ORAPE02,Earrings,2.74,1900,95
ORAPE04,Earrings,2.27,1900,96
ORAPE05,Earrings,2.83,1900,95
ORAPE06,Earrings,2.49,1900,96
ORAPE07,Earrings,2.72,1900,95
ORAPE09,Earrings,2.54,1900,96
ORAPE10,Earrings,2.77,1900,95
ORAPE11,Earrings,2.27,1900,96
ORAPE12,Earrings,2.99,1900,95
ORAPE15,Earrings,3.33,1900,94
ORAPE16,Earrings,2.83,1900,95
ORAPE17,Earrings,3.31,1900,94
ORAPE23,Earrings,4.10,1900,93
ORAPE13,Earrings,3.54,1900,94
ORAPE19,Earrings,4.83,1900,92
ORAPE20,Earrings,4.60,1900,92
ORAPE21,Earrings,3.29,1900,94
ORHAPE27-P,Earrings,1.38,1900,98
ORHAPE27-G,Earrings,1.38,1900,98
ORHAPE28-P,Earrings,1.41,1900,98
ORHAPE28-G,Earrings,1.41,1900,98
ORHAPE29-P,Earrings,1.41,1900,98
ORHAPE29-G,Earrings,1.41,1900,98
ORGCB05-P-18,Charms,5.09,1200,86
ORGCB06-P,Charms,7.09,1200,80
ORGCB50P,Charms,7.09,1200,80
ORGCB07-18K,Charms,5.81,1200,84
ORGCB07-P,Charms,6.04,1200,83
ORGCB08-P,Charms,5.49,1200,85
ORGCB08-18K,Charms,5.26,1200,85
ORGCB09-P,Charms,3.99,1200,89
ORGCB10-P,Charms,4.88,1200,87
ORGCB11-18K,Charms,6.21,1200,83
ORGCB12-18K,Charms,5.12,1200,86
ORGCB18,Charms,5.45,1200,85
ORGCB19-18K,Charms,6.13,1200,83
ORGCB19-P,Charms,6.13,1200,83
ORGCB20-18K,Charms,5.75,1200,84
ORGCB20-P,Charms,5.75,1200,84
ORGCB21-18K,Charms,7.65,1200,79
ORGCB21-P,Charms,7.65,1200,79
ORGCB22-18K,Charms,4.34,1200,88
ORGCB22-P,Charms,4.34,1200,88
ORGCB23-18K,Charms,4.99,1200,86
ORGCB23-P,Charms,4.99,1200,86
ORGCB24-18K,Charms,5.25,1200,86
ORGCB24-P,Charms,5.25,1200,86
ORGCB25,Charms,7.25,1200,80
ORGCB26-18K,Charms,5.10,1200,86
ORGCB26-P,Charms,5.10,1200,86
ORGCB27,Charms,4.02,1200,89
ORGCB28-18K,Charms,5.35,1200,85
ORGCB28-P,Charms,5.35,1200,85
ORGCB29-18K,Charms,4.21,1200,88
ORGCB29-P,Charms,4.21,1200,88
ORGCB30-18K,Charms,6.03,1200,83
ORGCB30-P,Charms,6.03,1200,83
ORGSB106-P-180,Bracelets,47.43,9900,84
ORGSB106-P-190,Bracelets,48.79,9900,84
ORGPN13,Necklaces,7.13,1900,88
ORGPB01,Bracelets,4.83,2500,94
ORGPB02,Bracelets,4.37,2500,94
ORGPE05,Earrings,5.52,1900,90
ORGPN14,Necklaces,11.51,1900,80
ORGPE06,Earrings,5.29,1900,91
ORPA0010,Spacers & Clips,5.92,900,78
ORPA034,Spacers & Clips,4.66,900,83
ORPA0035,Spacers & Clips,5.35,900,80
ORPA0094,Spacers & Clips,4.79,900,82
ORPA0097,Spacers & Clips,5.57,900,80
ORPA0123,Spacers & Clips,4.39,900,84
ORPA0132,Spacers & Clips,5.46,900,80
ORPA0142,Spacers & Clips,3.77,900,86
ORPA0147,Spacers & Clips,3.75,900,86
ORPA0149,Spacers & Clips,3.62,900,87
ORPA0107,Spacers & Clips,5.50,900,80
ORGCB51-WY,Charms,4.93,1200,86
ORGCB51-YL,Charms,4.93,1200,86
ORGCB51-YP,Charms,4.93,1200,86
ORGCB51-YR,Charms,4.93,1200,86
ORGCB51-P,Charms,4.93,1200,86
ORGCB52-L,Charms,7.56,1200,79
ORGCB53-L,Charms,7.60,1200,79
ORGCB54-L,Charms,7.65,1200,79
ORGCB55-L,Charms,7.73,1200,79
ORGCB56-B,Charms,7.57,1200,79
ORGCB57-Z,Charms,7.82,1200,78
ORGCB58-LVR,Charms,5.65,1200,84
ORCB32-Vir,Charms,4.31,1200,88
ORCB32-Tau,Charms,4.42,1200,88
ORCB32-Ari,Charms,4.26,1200,88
ORCB32-Sco,Charms,4.31,1200,88
ORCB32-Psc,Charms,4.17,1200,89
ORCB32-Cap,Charms,4.42,1200,88
ORCB32-Cnc,Charms,4.26,1200,88
ORCB32-Sgr,Charms,4.31,1200,88
ORCB32-Leo,Charms,4.31,1200,88
ORCB32-Gem,Charms,4.31,1200,88
ORCB32-Lib,Charms,4.35,1200,88
ORCB32-Agr,Charms,4.47,1200,88
ORCB33-R,Charms,3.50,1200,90
ORCB33-P,Charms,3.50,1200,90
ORCB33-Q,Charms,3.50,1200,90
ORCB33-W,Charms,3.50,1200,90
ORCB33-LV,Charms,3.50,1200,90
ORCB33-PL,Charms,3.50,1200,90
ORCB33-M,Charms,3.50,1200,90
ORCB33-G,Charms,3.50,1200,90
ORCB33-BL,Charms,3.50,1200,90
ORCB33-F,Charms,3.50,1200,90
ORCB33-X,Charms,3.50,1200,90
ORCB33-L,Charms,3.50,1200,90
ORSMN30,Necklaces,29.25,9900,90
ORSWE13,Earrings (Swarovski),27.21,9900,91
ORSMR69,Rings,21.01,9900,93
ORSMN45,Necklaces,23.34,9900,92
ORCB199,Charms,6.62,1200,82
ORCB200,Charms,4.60,1200,87
ORCB201,Charms,6.62,1200,82
ORCB202,Charms,5.34,1200,85
ORCB203,Charms,4.35,1200,88
ORCB204,Charms,5.40,1200,85
ORCB205,Charms,6.73,1200,81
ORCB206,Charms,5.24,1200,86
ORCB208,Charms,6.52,1200,82
ORCB209,Charms,6.45,1200,82
ORCB210,Charms,5.77,1200,84
ORCB211,Charms,6.62,1200,82
ORCB212,Charms,4.30,1200,88
ORCB213,Charms,6.49,1200,82
ORCB214,Charms,4.60,1200,87
ORCB215,Charms,6.09,1200,83
ORCB216,Charms,6.61,1200,82
ORCB217,Charms,7.13,1200,80
ORCB218,Charms,6.55,1200,82
ORCB219,Charms,6.15,1200,83
ORCB220,Charms,7.41,1200,80
ORCB221,Charms,6.35,1200,82
ORGSB114-195,Bracelets,48.68,9900,84
ORGSB114-205,Bracelets,50.63,9900,83
ORGCBB1-17-W,Charm Bracelets,22.15,2900,75
ORGCBB1-17-R,Charm Bracelets,22.15,2900,75
ORGCBB1-17-K,Charm Bracelets,22.15,2900,75
ORGCBB1-17-B,Charm Bracelets,22.15,2900,75
ORGCBB1-17-G,Charm Bracelets,22.15,2900,75
ORGCBB1-19-W,Charm Bracelets,23.95,2900,73
ORGCBB1-19-R,Charm Bracelets,23.95,2900,73
ORGCBB1-19-K,Charm Bracelets,23.95,2900,73
ORGCBB1-19-B,Charm Bracelets,23.95,2900,73
ORGCBB1-19-G,Charm Bracelets,23.95,2900,73
ORGCBB1-21-W,Charm Bracelets,26.85,2900,69
ORGCBB1-21-R,Charm Bracelets,26.85,2900,69
ORGCBB1-21-K,Charm Bracelets,26.85,2900,69
ORGCBB1-21-B,Charm Bracelets,26.85,2900,69
ORGSN305-W,Necklaces,13.99,3900,88
ORGSN305-B,Necklaces,13.99,3900,88
ORGSN305-C,Necklaces,13.99,3900,88
ORGCB56-L,Charms,7.57,1200,79
ORGCB56-R,Charms,7.57,1200,79
ORGCB177,Charms,5.62,1200,85
ORGCB175,Charms,5.62,1200,85
ORGCB109,Charms,15.58,3900,87
ORGCB110,Charms,3.05,1200,92
ORGCB182-1,Charms,8.33,1200,77
ORGCB182-2,Charms,8.33,1200,77
ORGCB182-3,Charms,8.33,1200,77
ORGCB182-5,Charms,8.33,1200,77
ORGCB182-6,Charms,8.33,1200,77
ORGCB182-7,Charms,8.33,1200,77
ORGCB182-8,Charms,8.33,1200,77
ORGCB184-1,Charms,8.33,1200,77
ORGCB184-2,Charms,8.33,1200,77
ORGCB184-3,Charms,8.33,1200,77
ORGCB184-4,Charms,8.33,1200,77
ORGCB184-5,Charms,8.33,1200,77
ORGCB184-6,Charms,8.33,1200,77
ORGCB184-7,Charms,8.33,1200,77
ORGCB185-14K,Charms,7.86,1200,78
ORGCB186-1,Charms,7.86,1200,78
ORGCB186-2,Charms,7.86,1200,78
ORGCB181,Charms,5.60,1200,85
ORGCB187-14K-1,Charms,5.48,1200,85
ORGCB187-14K-2,Charms,5.48,1200,85
ORCB145,Charms,6.13,1200,83
ORSE107-R,Earrings,3.08,1900,95
ORSN15,Necklaces,6.99,1900,88
ORSE89,Earrings,4.96,1900,91
