file	source	width	height	ratio	logo	skinEdge	pinkEdge	categories
ORCB01.jpg	shopify-upload	668	669	1,001	0	0	0	4-bad-ratio
ORCB02.jpg	shopify-upload	534	526	1,015	0	0	0	4-bad-ratio
ORCB03.jpg	shopify-upload	551	493	1,118	0	0	0,5	4-bad-ratio
ORCB05.jpg	shopify-upload	430	554	1,288	0	0	0	4-bad-ratio
ORCB06.jpg	shopify-upload	414	491	1,186	0	15,1	12,7	4-bad-ratio
ORCB07.jpg	shopify-upload	444	469	1,056	0	0	0	4-bad-ratio
ORCB08.jpg	shopify-upload	381	552	1,449	0	0,2	4,6	4-bad-ratio
ORCB09.jpg	shopify-upload	374	490	1,31	0	0	0	4-bad-ratio
ORCB10.jpg	shopify-upload	376	588	1,564	0	0	0	4-bad-ratio
ORCB100.jpg	shopify-upload	800	800	1	0	0	0	
ORCB101.jpg	shopify-upload	800	800	1	0	0	0	
ORCB102.jpg	shopify-upload	800	800	1	0	0	0	
ORCB103.jpg	shopify-upload	800	800	1	0	0	0,1	
ORCB104.jpg	shopify-upload	800	800	1	0	0	0,2	
ORCB106.jpg	shopify-upload	800	800	1	0	0	0	
ORCB107.jpg	shopify-upload	800	800	1	0	0	0	
ORCB108.jpg	shopify-upload	800	800	1	0	0	0	
ORCB11.jpg	shopify-upload	441	483	1,095	0	0	0	4-bad-ratio
ORCB110.jpg	shopify-upload	800	800	1	0	0	0	
ORCB111.jpg	shopify-upload	800	800	1	0	0	0	
ORCB113.jpg	shopify-upload	800	800	1	0	0	0,1	
ORCB114.jpg	shopify-upload	800	800	1	0	0	0,7	
ORCB115.jpg	shopify-upload	800	800	1	0	0	0	
ORCB116.jpg	shopify-upload	800	800	1	0	0	0	
ORCB117.jpg	shopify-upload	800	800	1	0	0	0,1	
ORCB118.jpg	shopify-upload	800	800	1	0	0	0	
ORCB119.jpg	shopify-upload	800	800	1	0	2,4	2	
ORCB12.jpg	shopify-upload	345	598	1,733	0	0	0	4-bad-ratio
ORCB120.jpg	shopify-upload	800	800	1	0	0,6	0,2	
ORCB122.jpg	shopify-upload	800	800	1	0	2	2	
ORCB123.jpg	shopify-upload	800	800	1	0	1,7	2,7	
ORCB124.jpg	shopify-upload	800	800	1	0	0	0	
ORCB125.jpg	shopify-upload	800	800	1	0	0,2	4,6	
ORCB126.jpg	shopify-upload	800	800	1	0	0	0	
ORCB127.jpg	shopify-upload	800	800	1	0	0	0,5	
ORCB128.jpg	shopify-upload	800	800	1	0	2,8	7,8	
ORCB129.jpg	shopify-upload	800	800	1	0	0	0	
ORCB13.jpg	shopify-upload	315	559	1,775	0	0	0	4-bad-ratio
ORCB135.jpg	shopify-upload	800	800	1	0	0,3	0,6	
ORCB136.jpg	shopify-upload	800	800	1	0	0	3,2	
ORCB137.jpg	shopify-upload	800	800	1	0	0	1,1	
ORCB138.jpg	shopify-upload	800	800	1	0	0,2	4,7	
ORCB139.jpg	shopify-upload	800	800	1	0	0	0	
ORCB14.jpg	shopify-upload	382	524	1,372	0	0	0	4-bad-ratio
ORCB140.jpg	shopify-upload	800	800	1	0	1,4	2,9	
ORCB142.jpg	shopify-upload	800	800	1	0	0	0	
ORCB144.jpg	shopify-upload	800	800	1	0	0	0	
ORCB145.jpg	shopify-upload	800	800	1	0	0	0,3	
ORCB146.jpg	shopify-upload	800	800	1	0	0	0	
ORCB149.jpg	shopify-upload	800	800	1	0	0,2	0,6	
ORCB15.jpg	shopify-upload	270	529	1,959	0	0	0	4-bad-ratio
ORCB150.jpg	shopify-upload	800	800	1	0	0	0	
ORCB151.jpg	shopify-upload	800	800	1	0	0	0	
ORCB152.jpg	shopify-upload	800	800	1	0	0	0	
ORCB153.jpg	shopify-upload	800	800	1	0	0	0	
ORCB154.jpg	shopify-upload	800	800	1	0	0	0	
ORCB155.jpg	shopify-upload	800	800	1	0	0	0	
ORCB156.jpg	shopify-upload	800	800	1	0	0	0	
ORCB157.jpg	shopify-upload	800	800	1	0	0	0	
ORCB159.jpg	shopify-upload	800	800	1	0	0	0	
ORCB16.jpg	shopify-upload	403	421	1,045	0	0,1	0,5	4-bad-ratio
ORCB160.jpg	shopify-upload	800	800	1	0	0	0	
ORCB161.jpg	shopify-upload	800	800	1	0	0	0,3	
ORCB162.jpg	shopify-upload	800	800	1	0	0	0	
ORCB163.jpg	shopify-upload	800	800	1	0	0	0	
ORCB164.jpg	shopify-upload	800	800	1	0	0	0	
ORCB165.jpg	shopify-upload	800	800	1	0	0	0	
ORCB166.jpg	shopify-upload	800	800	1	0	0,2	0,3	
ORCB168.jpg	shopify-upload	800	800	1	0	0	0	
ORCB169.jpg	shopify-upload	800	800	1	0	0	0	
ORCB17.jpg	shopify-upload	452	415	1,089	0	0,2	3,1	4-bad-ratio
ORCB170.jpg	shopify-upload	800	800	1	0	0	0	
ORCB171.jpg	shopify-upload	800	800	1	0	0	0	
ORCB173.jpg	shopify-upload	800	800	1	0	0	0	
ORCB174.jpg	shopify-upload	800	800	1	0	0	0	
ORCB175.jpg	shopify-upload	800	800	1	0	0	0	
ORCB177.jpg	shopify-upload	800	800	1	0	0	0	
ORCB179.jpg	shopify-upload	800	800	1	0	0	0	
ORCB18.jpg	shopify-upload	396	391	1,013	0	0	1,6	4-bad-ratio
ORCB180.jpg	shopify-upload	800	800	1	0	0	0	
ORCB182.jpg	shopify-upload	800	800	1	0	0	0	
ORCB183-A.jpg	shopify-upload	800	800	1	0	0	30,7	3-pink-ribbon
ORCB183-B.jpg	shopify-upload	382	374	1,021	0	0	31,4	3-pink-ribbon,4-bad-ratio
ORCB183-C.jpg	shopify-upload	384	378	1,016	0	0	35,5	3-pink-ribbon,4-bad-ratio
ORCB183-D.jpg	shopify-upload	387	379	1,021	0	0	37,1	3-pink-ribbon,4-bad-ratio
ORCB183-E.jpg	shopify-upload	383	377	1,016	0	0	35,3	3-pink-ribbon,4-bad-ratio
ORCB183-F.jpg	shopify-upload	386	379	1,018	0	0	30,6	3-pink-ribbon,4-bad-ratio
ORCB183-G.jpg	shopify-upload	382	378	1,011	0	0	35,5	3-pink-ribbon,4-bad-ratio
ORCB183-H.jpg	shopify-upload	381	380	1,003	0	0	35,3	3-pink-ribbon,4-bad-ratio
ORCB183-I.jpg	shopify-upload	381	372	1,024	0	0	40,4	3-pink-ribbon,4-bad-ratio
ORCB183-J.jpg	shopify-upload	382	380	1,005	0	0	31,3	3-pink-ribbon,4-bad-ratio
ORCB183-K.jpg	shopify-upload	382	380	1,005	0	0,1	23,3	3-pink-ribbon,4-bad-ratio
ORCB183-L.jpg	shopify-upload	391	378	1,034	0	0	22,3	3-pink-ribbon,4-bad-ratio
ORCB183-M.jpg	shopify-upload	386	382	1,01	0	0	20,5	3-pink-ribbon,4-bad-ratio
ORCB183-N.jpg	shopify-upload	388	379	1,024	0	0	26,8	3-pink-ribbon,4-bad-ratio
ORCB183-O.jpg	shopify-upload	386	381	1,013	0	0	30,5	3-pink-ribbon,4-bad-ratio
ORCB183-P.jpg	shopify-upload	386	378	1,021	0	0	29,5	3-pink-ribbon,4-bad-ratio
ORCB183-Q.jpg	shopify-upload	383	375	1,021	0	0	31,6	3-pink-ribbon,4-bad-ratio
ORCB183-R.jpg	shopify-upload	384	376	1,021	0	0	36,2	3-pink-ribbon,4-bad-ratio
ORCB183-S.jpg	shopify-upload	382	379	1,008	0	0	34,1	3-pink-ribbon,4-bad-ratio
ORCB183-T.jpg	shopify-upload	383	378	1,013	0	0	41,3	3-pink-ribbon,4-bad-ratio
ORCB183-U.jpg	shopify-upload	380	377	1,008	0	0	23,9	3-pink-ribbon,4-bad-ratio
ORCB183-V.jpg	shopify-upload	378	371	1,019	0	0	33,6	3-pink-ribbon,4-bad-ratio
ORCB183-W.jpg	shopify-upload	387	379	1,021	0	0	38	3-pink-ribbon,4-bad-ratio
ORCB183-X.jpg	shopify-upload	392	381	1,029	0	0	30,3	3-pink-ribbon,4-bad-ratio
ORCB183-Y.jpg	shopify-upload	387	376	1,029	0	0,6	32,3	3-pink-ribbon,4-bad-ratio
ORCB183-Z.jpg	shopify-upload	800	800	1	0	0	15,1	3-pink-ribbon
ORCB199.jpg	shopify-upload	800	800	1	0	0	0	
ORCB20.jpg	shopify-upload	340	548	1,612	0	0	0	4-bad-ratio
ORCB200.jpg	shopify-upload	800	800	1	0	0	0	
ORCB201.jpg	shopify-upload	800	800	1	0	0	0	
ORCB202.jpg	shopify-upload	800	800	1	0	0	0	
ORCB203.jpg	shopify-upload	800	800	1	0	0	0	
ORCB204.jpg	shopify-upload	800	800	1	0	0	0	
ORCB205.jpg	shopify-upload	800	800	1	0	0	0	
ORCB206.jpg	shopify-upload	800	800	1	0	0	0	
ORCB208.jpg	shopify-upload	800	800	1	0	0	0	
ORCB209.jpg	shopify-upload	800	800	1	0	0	0	
ORCB21.jpg	shopify-upload	347	560	1,614	0	0	0	4-bad-ratio
ORCB210.jpg	shopify-upload	800	800	1	0	0	0	
ORCB211.jpg	shopify-upload	800	800	1	0	0	0	
ORCB212.jpg	shopify-upload	800	800	1	0	0	0	
ORCB213.jpg	shopify-upload	800	800	1	0	0	0	
ORCB214-2.jpg	shopify-upload	800	800	1	0	0	0	
ORCB214-3.jpg	shopify-upload	800	800	1	0	0	0	
ORCB214-4.jpg	shopify-upload	800	800	1	0	0	20,8	3-pink-ribbon
ORCB214.jpg	shopify-upload	800	800	1	0	1	3,2	
ORCB215.jpg	shopify-upload	800	800	1	0	0	0	
ORCB216.jpg	shopify-upload	800	800	1	0	0	0	
ORCB217.jpg	shopify-upload	800	800	1	0	0	0	
ORCB218.jpg	shopify-upload	800	800	1	0	0	0	
ORCB219.jpg	shopify-upload	800	800	1	0	1	1,4	
ORCB22.jpg	shopify-upload	422	371	1,137	0	0	0	4-bad-ratio
ORCB220.jpg	shopify-upload	800	800	1	0	0	0	
ORCB221.jpg	shopify-upload	800	800	1	0	0	0	
ORCB23.jpg	shopify-upload	325	479	1,474	0	0,1	0,5	4-bad-ratio
ORCB25.jpg	shopify-upload	463	449	1,031	0	0	0	4-bad-ratio
ORCB26.jpg	shopify-upload	336	378	1,125	0	0	0	4-bad-ratio
ORCB27.jpg	shopify-upload	387	461	1,191	0	0,1	1,2	4-bad-ratio
ORCB28.jpg	shopify-upload	368	474	1,288	0	0	0	4-bad-ratio
ORCB29.jpg	shopify-upload	472	458	1,031	0	0	0	4-bad-ratio
ORCB30.jpg	shopify-upload	492	438	1,123	0	0	0	4-bad-ratio
ORCB32-Agr.jpg	shopify-upload	510	451	1,131	0	0	0	4-bad-ratio
ORCB32-Ari.jpg	shopify-upload	450	426	1,056	0	0	0	4-bad-ratio
ORCB32-Cap.jpg	shopify-upload	458	441	1,039	0	0	0	4-bad-ratio
ORCB32-Cnc.jpg	shopify-upload	526	453	1,161	0	0	0	4-bad-ratio
ORCB32-Gem.jpg	shopify-upload	265	296	1,117	0	0	0	4-bad-ratio
ORCB32-Leo.jpg	shopify-upload	494	457	1,081	0	0	0	4-bad-ratio
ORCB32-Lib.jpg	shopify-upload	520	463	1,123	0	0	0	4-bad-ratio
ORCB32-Psc.jpg	shopify-upload	484	446	1,085	0	0	0	4-bad-ratio
ORCB32-Sco.jpg	shopify-upload	458	404	1,134	0	0	0	4-bad-ratio
ORCB32-Sgr.jpg	shopify-upload	507	449	1,129	0	0	0	4-bad-ratio
ORCB32-Tau.jpg	shopify-upload	475	410	1,159	0	0	0	4-bad-ratio
ORCB32-Vir.jpg	shopify-upload	495	426	1,162	0	0	0	4-bad-ratio
ORCB33-BL.jpg	shopify-upload	370	407	1,1	0	0	0	4-bad-ratio
ORCB33-F.jpg	shopify-upload	410	409	1,002	0	0	0	4-bad-ratio
ORCB33-G.jpg	shopify-upload	378	385	1,019	0	0	0	4-bad-ratio
ORCB33-L.jpg	shopify-upload	391	397	1,015	0	0	0	4-bad-ratio
ORCB33-LV.jpg	shopify-upload	411	400	1,028	0	0	0	4-bad-ratio
ORCB33-M.jpg	shopify-upload	366	377	1,03	0	0	0	4-bad-ratio
ORCB33-P.jpg	shopify-upload	382	399	1,045	0	0	0	4-bad-ratio
ORCB33-PL.jpg	shopify-upload	426	417	1,022	0	0	0	4-bad-ratio
ORCB33-Q.jpg	shopify-upload	415	403	1,03	0	0	0	4-bad-ratio
ORCB33-R.jpg	shopify-upload	400	373	1,072	0	0	0	4-bad-ratio
ORCB33-W.jpg	shopify-upload	381	387	1,016	0	0	0	4-bad-ratio
ORCB33-X.jpg	shopify-upload	355	382	1,076	0	0	0	4-bad-ratio
ORCB34.jpg	shopify-upload	605	604	1,002	0	0	0	4-bad-ratio
ORCB35.jpg	shopify-upload	718	716	1,003	0	0	0	4-bad-ratio
ORCB36.jpg	shopify-upload	636	661	1,039	0	0	0	4-bad-ratio
ORCB37.jpg	shopify-upload	625	619	1,01	0	0	0	4-bad-ratio
ORCB38.jpg	shopify-upload	723	655	1,104	0	0	0	4-bad-ratio
ORCB39.jpg	shopify-upload	703	710	1,01	0	0	0	4-bad-ratio
ORCB40.jpg	shopify-upload	588	611	1,039	0	0	0	4-bad-ratio
ORCB41.jpg	shopify-upload	623	640	1,027	0	0	0	4-bad-ratio
ORCB42.jpg	shopify-upload	581	584	1,005	0	0,1	3,8	4-bad-ratio
ORCB43.jpg	shopify-upload	603	611	1,013	0	0	1,9	4-bad-ratio
ORCB44.jpg	shopify-upload	498	541	1,086	0	0	3,2	4-bad-ratio
ORCB45.jpg	shopify-upload	581	614	1,057	0	0	0,5	4-bad-ratio
ORCB46.jpg	shopify-upload	547	606	1,108	0	0	0	4-bad-ratio
ORCB47.jpg	shopify-upload	527	591	1,121	0	0	0	4-bad-ratio
ORCB48.jpg	shopify-upload	621	630	1,014	0	0	0	4-bad-ratio
ORCB49.jpg	shopify-upload	581	595	1,024	0	0	0	4-bad-ratio
ORCB50.jpg	shopify-upload	729	706	1,033	0	0	0	4-bad-ratio
ORCB51.jpg	shopify-upload	588	554	1,061	0	0	0	4-bad-ratio
ORCB52.jpg	shopify-upload	499	552	1,106	0	0	0	4-bad-ratio
ORCB53.jpg	shopify-upload	526	605	1,15	0	0	0	4-bad-ratio
ORCB54.jpg	shopify-upload	600	589	1,019	0	0	0	4-bad-ratio
ORCB55.jpg	shopify-upload	800	800	1	0	0	0	
ORCB56.jpg	shopify-upload	800	800	1	0	0	0	
ORCB58.jpg	shopify-upload	800	800	1	0	0	0	
ORCB59.jpg	shopify-upload	800	800	1	0	0	0	
ORCB60.jpg	shopify-upload	800	800	1	0	0	0	
ORCB61.jpg	shopify-upload	800	800	1	0	0	0	
ORCB62.jpg	shopify-upload	800	800	1	0	0	0	
ORCB63.jpg	shopify-upload	800	800	1	0	0,2	0,2	
ORCB64.jpg	shopify-upload	800	800	1	0	0	0,1	
ORCB65.jpg	shopify-upload	800	800	1	0	0	0	
ORCB66.jpg	shopify-upload	800	800	1	0	0	0	
ORCB67.jpg	shopify-upload	800	800	1	0	0	0	
ORCB70.jpg	shopify-upload	800	800	1	0	0	0	
ORCB71.jpg	shopify-upload	800	800	1	0	0	0	
ORCB73.jpg	shopify-upload	800	800	1	0	0	0	
ORCB74.jpg	shopify-upload	800	800	1	0	0	0	
ORCB76.jpg	shopify-upload	800	800	1	0	0	0	
ORCB77.jpg	shopify-upload	800	800	1	0	0	0	
ORCB78.jpg	shopify-upload	800	800	1	0	0	0	
ORCB79.jpg	shopify-upload	800	800	1	0	0	0	
ORCB80.jpg	shopify-upload	800	800	1	0	0	0	
ORCB81.jpg	shopify-upload	800	800	1	0	0	0	
ORCB82.jpg	shopify-upload	800	800	1	0	0	0	
ORCB83.jpg	shopify-upload	800	800	1	0	0	0	
ORCB84.jpg	shopify-upload	800	800	1	0	0	0	
ORCB85.jpg	shopify-upload	800	800	1	0	0	0	
ORCB86.jpg	shopify-upload	800	800	1	0	0	0	
ORCB88.jpg	shopify-upload	800	800	1	0	0	3,9	
ORCB89.jpg	shopify-upload	800	800	1	0	3,2	3,3	
ORCBB01-17-2.jpg	shopify-upload	970	658	1,474	0	0	0	4-bad-ratio
ORCBB01-17-3.jpg	shopify-upload	970	701	1,384	0	0	0	4-bad-ratio
ORCBB01-17-4.jpg	shopify-upload	970	668	1,452	0	0,1	0	4-bad-ratio
ORCBB01-17.jpg	shopify-upload	1001	1001	1	1	0	0	1-logo
ORCBB01-19-2.jpg	shopify-upload	970	658	1,474	0	0	0	4-bad-ratio
ORCBB01-19-3.jpg	shopify-upload	970	701	1,384	0	0	0	4-bad-ratio
ORCBB01-19-4.jpg	shopify-upload	970	668	1,452	0	0,1	0	4-bad-ratio
ORCBB01-19.jpg	shopify-upload	1001	1001	1	1	0	0	1-logo
ORCBB01-21-2.jpg	shopify-upload	970	658	1,474	0	0	0	4-bad-ratio
ORCBB01-21-3.jpg	shopify-upload	970	701	1,384	0	0	0	4-bad-ratio
ORCBB01-21-4.jpg	shopify-upload	970	668	1,452	0	0,1	0	4-bad-ratio
ORCBB01-21.jpg	shopify-upload	1001	1001	1	1	0	0	1-logo
ORGCB05-P-18-2.jpg	shopify-upload	970	739	1,313	0	0	0	4-bad-ratio
ORGCB05-P-18-3.jpg	shopify-upload	970	719	1,349	0	0	0	4-bad-ratio
ORGCB05-P-18-4.jpg	shopify-upload	1001	1001	1	0	0	0	
ORGCB05-P-18.jpg	shopify-upload	1001	1001	1	0	0	0	
ORGCB06-P-2.jpg	shopify-upload	970	728	1,332	0	0	0	4-bad-ratio
ORGCB06-P-3.jpg	shopify-upload	970	644	1,506	0	0	0	4-bad-ratio
ORGCB06-P-4.jpg	shopify-upload	1001	1001	1	1	0	0	1-logo
ORGCB06-P.jpg	shopify-upload	1001	1001	1	1	0	0,3	1-logo
ORGCB07-18K-2.jpg	shopify-upload	1001	1001	1	0	18,3	3,6	5-model-lifestyle
ORGCB07-18K-3.jpg	shopify-upload	1001	1001	1	0	24,1	19,8	5-model-lifestyle
ORGCB07-18K-4.jpg	shopify-upload	1001	1001	1	0	0	0	
ORGCB07-18K.jpg	shopify-upload	1001	1001	1	0	1	1	
ORGCB07-P-2.jpg	shopify-upload	1001	1001	1	1	0	0,2	1-logo
ORGCB07-P-3.jpg	shopify-upload	1001	1001	1	1	0	0	1-logo
ORGCB07-P-4.jpg	shopify-upload	1001	1001	1	1	0	0	1-logo
ORGCB07-P.jpg	shopify-upload	1001	1002	1,001	0	0	0	4-bad-ratio
ORGCB08-18K-2.jpg	shopify-upload	1001	1001	1	0	0	0	
ORGCB08-18K-3.jpg	shopify-upload	970	747	1,299	0	0	0	4-bad-ratio
ORGCB08-18K-4.jpg	shopify-upload	1001	1001	1	0	27,7	16,4	5-model-lifestyle
ORGCB08-18K.jpg	shopify-upload	970	731	1,327	0	2	1,9	4-bad-ratio
ORGCB08-P-2.jpg	shopify-upload	1001	1001	1	1	0	0	1-logo
ORGCB08-P-3.jpg	shopify-upload	970	717	1,353	0	0	0	4-bad-ratio
ORGCB08-P-4.jpg	shopify-upload	970	721	1,345	0	0	0	4-bad-ratio
ORGCB08-P.jpg	shopify-upload	1001	1001	1	0	0	0	
ORGCB09-P-2.jpg	shopify-upload	970	741	1,309	0	0	0	4-bad-ratio
ORGCB09-P-3.jpg	shopify-upload	970	726	1,336	0	0	0	4-bad-ratio
ORGCB09-P-4.jpg	shopify-upload	1001	1001	1	0	0	0	
ORGCB09-P.jpg	shopify-upload	1001	1001	1	1	0	0	1-logo
ORGCB10-P-2.jpg	shopify-upload	970	650	1,492	0	0	0	4-bad-ratio
ORGCB10-P-3.jpg	shopify-upload	970	734	1,322	0	0	0	4-bad-ratio
ORGCB10-P-4.jpg	shopify-upload	1001	1001	1	0	0	0	
ORGCB10-P.jpg	shopify-upload	1001	1001	1	0	0	0	
ORGCB175-2.jpg	shopify-upload	1001	1001	1	0	0	0	
ORGCB175-3.jpg	shopify-upload	1001	1001	1	0	0	0	
ORGCB175-4.jpg	shopify-upload	1001	1001	1	0	27,5	14,4	5-model-lifestyle
ORGCB175.jpg	shopify-upload	1001	1001	1	0	0	0	
ORGCB181-2.jpg	shopify-upload	1001	1001	1	0	0	0	
ORGCB181-3.jpg	shopify-upload	1299	806	1,612	0	0	0	4-bad-ratio
ORGCB181-4.jpg	shopify-upload	1001	1001	1	0	73	66,4	5-model-lifestyle
ORGCB181.jpg	shopify-upload	1001	1001	1	0	0	0	
ORGCB182-1-2.jpg	shopify-upload	1245	711	1,751	0	0	0	4-bad-ratio
ORGCB182-1-3.jpg	shopify-upload	1001	1001	1	0	0	0	
ORGCB182-1-4.jpg	shopify-upload	1001	1001	1	0	0	0	
ORGCB182-1.jpg	shopify-upload	1001	1001	1	0	0	0	
ORGCB182-2-2.jpg	shopify-upload	1203	749	1,606	0	0	0	4-bad-ratio
ORGCB182-2-3.jpg	shopify-upload	1001	1001	1	0	0	0	
ORGCB182-2-4.jpg	shopify-upload	1001	1001	1	0	0	0	
ORGCB182-2.jpg	shopify-upload	1001	1001	1	0	0	0	
ORGCB182-3-2.jpg	shopify-upload	1211	746	1,623	0	0	0	4-bad-ratio
ORGCB182-3-3.jpg	shopify-upload	1001	1001	1	0	0	0	
ORGCB182-3-4.jpg	shopify-upload	1001	1001	1	0	0	0	
ORGCB182-3.jpg	shopify-upload	1001	1001	1	0	0	0	
ORGCB182-5-2.jpg	shopify-upload	1227	782	1,569	0	0	0	4-bad-ratio
ORGCB182-5-3.jpg	shopify-upload	1001	1001	1	0	0	0	
ORGCB182-5-4.jpg	shopify-upload	1001	1001	1	0	0	0	
ORGCB182-5.jpg	shopify-upload	1001	1001	1	0	0	0	
ORGCB182-6-2.jpg	shopify-upload	1188	717	1,657	0	0	0	4-bad-ratio
ORGCB182-6-3.jpg	shopify-upload	1001	1001	1	0	0	0	
ORGCB182-6-4.jpg	shopify-upload	1001	1001	1	0	0	0	
ORGCB182-6.jpg	shopify-upload	1001	1001	1	0	0	0	
ORGCB182-7-2.jpg	shopify-upload	1230	761	1,616	0	0	0	4-bad-ratio
ORGCB182-7-3.jpg	shopify-upload	1001	1001	1	0	0	0	
ORGCB182-7-4.jpg	shopify-upload	1001	1001	1	0	0	0	
ORGCB182-7.jpg	shopify-upload	1001	1001	1	0	0	0	
ORGCB182-8-2.jpg	shopify-upload	1200	754	1,592	0	0	0	4-bad-ratio
ORGCB182-8-3.jpg	shopify-upload	1001	1001	1	0	0	0	
ORGCB182-8-4.jpg	shopify-upload	1001	1001	1	0	0	0	
ORGCB182-8.jpg	shopify-upload	1001	1001	1	0	0	0	
ORGCB184-1-2.jpg	shopify-upload	1287	767	1,678	0	0	0	4-bad-ratio
ORGCB184-1-3.jpg	shopify-upload	1001	1001	1	0	0	0	
ORGCB184-1-4.jpg	shopify-upload	1001	1001	1	0	0	0	
ORGCB184-1.jpg	shopify-upload	1001	1001	1	0	0	0	
ORGCB184-2-2.jpg	shopify-upload	1305	725	1,8	0	0	0	4-bad-ratio
ORGCB184-2-3.jpg	shopify-upload	1001	1001	1	0	0	0	
ORGCB184-2-4.jpg	shopify-upload	1001	1001	1	0	0	0	
ORGCB184-2.jpg	shopify-upload	1001	1001	1	0	0	0	
ORGCB184-3-2.jpg	shopify-upload	1294	770	1,681	0	0	0	4-bad-ratio
ORGCB184-3-3.jpg	shopify-upload	1001	1001	1	0	0	0	
ORGCB184-3-4.jpg	shopify-upload	1001	1001	1	0	0	0	
ORGCB184-3.jpg	shopify-upload	1001	1001	1	0	0	0	
ORGCB184-4-2.jpg	shopify-upload	1297	734	1,767	0	0	0	4-bad-ratio
ORGCB184-4-3.jpg	shopify-upload	1001	1001	1	0	0	0	
ORGCB184-4-4.jpg	shopify-upload	1001	1001	1	0	0	0	
ORGCB184-4.jpg	shopify-upload	1001	1001	1	0	0	0	
ORGCB184-5-2.jpg	shopify-upload	1297	736	1,762	0	0	0	4-bad-ratio
ORGCB184-5-3.jpg	shopify-upload	1001	1001	1	0	0	0	
ORGCB184-5-4.jpg	shopify-upload	1001	1001	1	0	0	0	
ORGCB184-5.jpg	shopify-upload	1001	1001	1	0	0	0	
ORGCB184-6-2.jpg	shopify-upload	1244	717	1,735	0	0	0	4-bad-ratio
ORGCB184-6-3.jpg	shopify-upload	1001	1001	1	0	0	0	
ORGCB184-6-4.jpg	shopify-upload	1001	1001	1	0	0	0	
ORGCB184-6.jpg	shopify-upload	1001	1001	1	0	0	0	
ORGCB184-7-2.jpg	shopify-upload	1201	690	1,741	0	0	0	4-bad-ratio
ORGCB184-7-3.jpg	shopify-upload	1001	1001	1	0	0	0	
ORGCB184-7-4.jpg	shopify-upload	1001	1001	1	0	0	0	
ORGCB184-7.jpg	shopify-upload	1001	1001	1	0	0	0	
ORGCB185-14K-2.jpg	shopify-upload	1001	1001	1	0	0,1	0,5	
ORGCB185-14K-3.jpg	shopify-upload	1001	1001	1	0	75,1	68,6	5-model-lifestyle
ORGCB185-14K-4.jpg	shopify-upload	1001	1001	1	0	75,1	68,5	5-model-lifestyle
ORGCB185-14K.jpg	shopify-upload	1001	1001	1	0	0,1	0,5	
ORGCB186-1-2.jpg	shopify-upload	1340	726	1,846	0	0	0	4-bad-ratio
ORGCB186-1-3.jpg	shopify-upload	1001	1001	1	0	0	0	
ORGCB186-1-4.jpg	shopify-upload	1001	1001	1	0	0	0	
ORGCB186-1.jpg	shopify-upload	1001	1001	1	0	0	0	
ORGCB186-2-2.jpg	shopify-upload	1278	696	1,836	0	0	0	4-bad-ratio
ORGCB186-2-3.jpg	shopify-upload	1001	1001	1	0	0	0	
ORGCB186-2-4.jpg	shopify-upload	1001	1001	1	0	0	0	
ORGCB186-2.jpg	shopify-upload	1001	1001	1	0	0	0	
ORGCB187-14K-1-2.jpg	shopify-upload	1311	846	1,55	0	1,1	3,1	4-bad-ratio
ORGCB187-14K-1-3.jpg	shopify-upload	1001	1001	1	0	0	0	
ORGCB187-14K-1-4.jpg	shopify-upload	1001	1001	1	0	0	0	
ORGCB187-14K-1.jpg	shopify-upload	1001	1001	1	0	0,7	1,1	
ORGCB187-14K-2-2.jpg	shopify-upload	1001	1001	1	0	0	0	
ORGCB187-14K-2-3.jpg	shopify-upload	1001	1001	1	0	0	0	
ORGCB187-14K-2-4.jpg	shopify-upload	1001	1001	1	0	0	0	
ORGCB187-14K-2.jpg	shopify-upload	1001	1001	1	0	0	0	
ORGCB25-2.jpg	shopify-upload	1001	1001	1	1	0	0	1-logo
ORGCB25-3.jpg	shopify-upload	970	703	1,38	0	0	0	4-bad-ratio
ORGCB25-4.jpg	shopify-upload	970	702	1,382	0	0	0	4-bad-ratio
ORGCB25.jpg	shopify-upload	2119	2119	1	0	0	0	
ORGCB27-2.jpg	shopify-upload	1001	1001	1	1	0	0	1-logo
ORGCB27-3.jpg	shopify-upload	970	650	1,492	0	0	0	4-bad-ratio
ORGCB27-4.jpg	shopify-upload	970	734	1,322	0	0	0	4-bad-ratio
ORGCB27.jpg	shopify-upload	1001	1001	1	0	0	0	
ORGCB50P-2.jpg	shopify-upload	970	658	1,474	0	0	0	4-bad-ratio
ORGCB50P-3.jpg	shopify-upload	970	640	1,516	0	0	0	4-bad-ratio
ORGCB50P-4.jpg	shopify-upload	1001	1001	1	0	0	0	
ORGCB50P.jpg	shopify-upload	1001	1001	1	0	0	0	
ORGCB51-P-2.jpg	shopify-upload	1001	1001	1	0	0	2,1	
ORGCB51-P-3.jpg	shopify-upload	1001	1001	1	0	0	0	
ORGCB51-P-4.jpg	shopify-upload	1001	1001	1	0	30,9	16,6	5-model-lifestyle
ORGCB51-P.jpg	shopify-upload	1001	1001	1	0	0	0	
ORGCB51-WY-2.jpg	shopify-upload	1001	1001	1	0	0	0	
ORGCB51-WY-3.jpg	shopify-upload	1001	1001	1	0	0	0	
ORGCB51-WY-4.jpg	shopify-upload	1001	1001	1	0	27,1	15,6	5-model-lifestyle
ORGCB51-WY.jpg	shopify-upload	1001	1001	1	0	0	0	
ORGCB51-YL-2.jpg	shopify-upload	1001	1001	1	0	0	0	
ORGCB51-YL-3.jpg	shopify-upload	1001	1001	1	0	0	0	
ORGCB51-YL-4.jpg	shopify-upload	1001	1001	1	0	21,2	14,4	5-model-lifestyle
ORGCB51-YL.jpg	shopify-upload	1001	1001	1	0	0	0	
ORGCB51-YP-2.jpg	shopify-upload	1001	1001	1	0	0	0	
ORGCB51-YP-3.jpg	shopify-upload	1001	1001	1	0	0	0	
ORGCB51-YP-4.jpg	shopify-upload	1001	1001	1	0	16,4	15,6	3-pink-ribbon
ORGCB51-YP.jpg	shopify-upload	1001	1001	1	0	0	0	
ORGCB51-YR-2.jpg	shopify-upload	1001	1001	1	0	0	2	
ORGCB51-YR-3.jpg	shopify-upload	1001	1001	1	0	0	0	
ORGCB51-YR-4.jpg	shopify-upload	1001	1001	1	0	17,1	2,7	
ORGCB51-YR.jpg	shopify-upload	1001	1001	1	0	0	0	
ORGCB52-L-2.jpg	shopify-upload	970	600	1,617	0	0	0	4-bad-ratio
ORGCB52-L-3.jpg	shopify-upload	1001	1001	1	0	0	0	
ORGCB52-L-4.jpg	shopify-upload	970	600	1,617	0	0	0	4-bad-ratio
ORGCB52-L.jpg	shopify-upload	1001	1001	1	0	0	0	
ORGCB53-L-2.jpg	shopify-upload	970	600	1,617	0	0	0	4-bad-ratio
ORGCB53-L-3.jpg	shopify-upload	1001	1001	1	0	0	0	
ORGCB53-L-4.jpg	shopify-upload	970	600	1,617	0	0	0	4-bad-ratio
ORGCB53-L.jpg	shopify-upload	1001	1001	1	0	0	0	
ORGCB54-L-2.jpg	shopify-upload	970	600	1,617	0	0	0	4-bad-ratio
ORGCB54-L-3.jpg	shopify-upload	1001	1001	1	0	0	0	
ORGCB54-L-4.jpg	shopify-upload	970	600	1,617	0	0	0	4-bad-ratio
ORGCB54-L.jpg	shopify-upload	1001	1001	1	0	0	0	
ORGCB55-L-2.jpg	shopify-upload	970	600	1,617	0	0	0	4-bad-ratio
ORGCB55-L-3.jpg	shopify-upload	1001	1001	1	0	0	0	
ORGCB55-L-4.jpg	shopify-upload	970	600	1,617	0	0	0	4-bad-ratio
ORGCB55-L.jpg	shopify-upload	1001	1001	1	0	0	0	
ORGCB56-B-2.jpg	shopify-upload	1001	1001	1	0	0	0	
ORGCB56-B-3.jpg	shopify-upload	970	600	1,617	0	0	0	4-bad-ratio
ORGCB56-B-4.jpg	shopify-upload	970	600	1,617	0	0	0	4-bad-ratio
ORGCB56-B.jpg	shopify-upload	970	600	1,617	0	0	0	4-bad-ratio
ORGCB56-L.jpg	shopify-upload	469	762	1,625	0	0	0	4-bad-ratio
ORGCB56-R.jpg	shopify-upload	438	786	1,795	0	0	1,8	4-bad-ratio
ORGCB57-Z-2.jpg	shopify-upload	1001	1001	1	0	0	0	
ORGCB57-Z-3.jpg	shopify-upload	970	600	1,617	0	0,1	0	4-bad-ratio
ORGCB57-Z-4.jpg	shopify-upload	970	600	1,617	0	0	0	4-bad-ratio
ORGCB57-Z.jpg	shopify-upload	970	600	1,617	0	0	0	4-bad-ratio
ORGCB58-LVR-2.jpg	shopify-upload	970	600	1,617	0	0	0	4-bad-ratio
ORGCB58-LVR-3.jpg	shopify-upload	970	600	1,617	0	0	0	4-bad-ratio
ORGCB58-LVR-4.jpg	shopify-upload	970	600	1,617	0	0	0	4-bad-ratio
ORGCB58-LVR.jpg	shopify-upload	1001	1001	1	0	0	0	
ORGCBB1-17-B-2.jpg	shopify-upload	1001	1001	1	0	0	0	
ORGCBB1-17-B-3.jpg	shopify-upload	1001	1001	1	0	0	0	
ORGCBB1-17-B-4.jpg	shopify-upload	1001	1001	1	0	0	0	
ORGCBB1-17-B.jpg	shopify-upload	1001	1001	1	0	0	0	
ORGCBB1-17-G-2.jpg	shopify-upload	1001	1001	1	0	0	0	
ORGCBB1-17-G-3.jpg	shopify-upload	1001	1001	1	0	0	0	
ORGCBB1-17-G-4.jpg	shopify-upload	1001	1001	1	0	32,5	19,3	5-model-lifestyle
ORGCBB1-17-G.jpg	shopify-upload	1001	1001	1	0	0	0	
ORGCBB1-17-K-2.jpg	shopify-upload	1001	1001	1	0	0	0	
ORGCBB1-17-K-3.jpg	shopify-upload	1001	1001	1	0	0	0	
ORGCBB1-17-K-4.jpg	shopify-upload	1001	1001	1	0	30,2	18,3	5-model-lifestyle
ORGCBB1-17-K.jpg	shopify-upload	1001	1001	1	0	0	0	
ORGCBB1-17-R-2.jpg	shopify-upload	1001	1001	1	0	0	0,1	
ORGCBB1-17-R-3.jpg	shopify-upload	1001	1001	1	0	0	0,2	
ORGCBB1-17-R.jpg	shopify-upload	1001	1001	1	0	0	0,2	
ORGCBB1-17-W-2.jpg	shopify-upload	1001	1001	1	0	0	0	
ORGCBB1-17-W-3.jpg	shopify-upload	1001	1001	1	0	0	0	
ORGCBB1-17-W.jpg	shopify-upload	1001	1001	1	0	0	0	
ORGCBB1-19-B-2.jpg	shopify-upload	1001	1001	1	0	0	0	
ORGCBB1-19-B-3.jpg	shopify-upload	1001	1001	1	0	0	0	
ORGCBB1-19-B-4.jpg	shopify-upload	1001	1001	1	0	0	0	
ORGCBB1-19-B.jpg	shopify-upload	1001	1001	1	0	0	0	
ORGCBB1-19-G-2.jpg	shopify-upload	1001	1001	1	0	0	0	
ORGCBB1-19-G-3.jpg	shopify-upload	1001	1001	1	0	0	0	
ORGCBB1-19-G-4.jpg	shopify-upload	1001	1001	1	0	32,5	19,3	5-model-lifestyle
ORGCBB1-19-G.jpg	shopify-upload	1001	1001	1	0	0	0	
ORGCBB1-19-K-2.jpg	shopify-upload	1001	1001	1	0	0	0	
ORGCBB1-19-K-3.jpg	shopify-upload	1001	1001	1	0	0	0	
ORGCBB1-19-K-4.jpg	shopify-upload	1001	1001	1	0	30,2	18,3	5-model-lifestyle
ORGCBB1-19-K.jpg	shopify-upload	1001	1001	1	0	0	0	
ORGCBB1-19-R-2.jpg	shopify-upload	1001	1001	1	0	0	0,1	
ORGCBB1-19-R-3.jpg	shopify-upload	1001	1001	1	0	0	0,2	
ORGCBB1-19-R.jpg	shopify-upload	1001	1001	1	0	0	0,2	
ORGCBB1-19-W-2.jpg	shopify-upload	1001	1001	1	0	0	0	
ORGCBB1-19-W-3.jpg	shopify-upload	1001	1001	1	0	0	0	
ORGCBB1-19-W.jpg	shopify-upload	1001	1001	1	0	0	0	
ORGCBB1-21-B-2.jpg	shopify-upload	1001	1001	1	0	0	0	
ORGCBB1-21-B-3.jpg	shopify-upload	1001	1001	1	0	0	0	
ORGCBB1-21-B-4.jpg	shopify-upload	1001	1001	1	0	0	0	
ORGCBB1-21-B.jpg	shopify-upload	1001	1001	1	0	0	0	
ORGCBB1-21-K-2.jpg	shopify-upload	1001	1001	1	0	0	0	
ORGCBB1-21-K-3.jpg	shopify-upload	1001	1001	1	0	0	0	
ORGCBB1-21-K-4.jpg	shopify-upload	1001	1001	1	0	30,2	18,3	5-model-lifestyle
ORGCBB1-21-K.jpg	shopify-upload	1001	1001	1	0	0	0	
ORGCBB1-21-R-2.jpg	shopify-upload	1001	1001	1	0	0	0,1	
ORGCBB1-21-R-3.jpg	shopify-upload	1001	1001	1	0	0	0,2	
ORGCBB1-21-R.jpg	shopify-upload	1001	1001	1	0	0	0,2	
ORGCBB1-21-W-2.jpg	shopify-upload	1001	1001	1	0	0	0	
ORGCBB1-21-W-3.jpg	shopify-upload	1001	1001	1	0	0	0	
ORGCBB1-21-W.jpg	shopify-upload	1001	1001	1	0	0	0	
ORPA0010-2.jpg	shopify-upload	800	800	1	0	0,1	23,9	3-pink-ribbon
ORPA0010-3.jpg	shopify-upload	800	800	1	0	0	15,7	3-pink-ribbon
ORPA0010.jpg	shopify-upload	800	800	1	0	0	0	
ORPA0035-2.jpg	shopify-upload	800	800	1	0	0	17,3	3-pink-ribbon
ORPA0035-3.jpg	shopify-upload	800	800	1	0	0	14,8	
ORPA0035.jpg	shopify-upload	800	800	1	0	0	0	
ORPA0094-2.jpg	shopify-upload	800	800	1	0	0	29,9	3-pink-ribbon
ORPA0094.jpg	shopify-upload	800	800	1	0	0	35,9	3-pink-ribbon
ORPA0097-2.jpg	shopify-upload	800	800	1	0	0	34,7	3-pink-ribbon
ORPA0097-3.jpg	shopify-upload	800	800	1	0	0	0	
ORPA0097.jpg	shopify-upload	800	800	1	0	0	27,1	3-pink-ribbon
ORPA0107-2.jpg	shopify-upload	800	800	1	0	0	33,7	3-pink-ribbon
ORPA0107-3.jpg	shopify-upload	800	800	1	0	0	25	3-pink-ribbon
ORPA0107.jpg	shopify-upload	800	800	1	0	0	0	
ORPA0123-2.jpg	shopify-upload	800	800	1	0	0	17,1	3-pink-ribbon
ORPA0123.jpg	shopify-upload	800	800	1	0	0	31,2	3-pink-ribbon
ORPA0132-2.jpg	shopify-upload	800	800	1	0	0,1	12,7	
ORPA0132-3.jpg	shopify-upload	800	800	1	0	0	4,9	
ORPA0132.jpg	shopify-upload	800	800	1	0	0	0	
ORPA0142-2.jpg	shopify-upload	800	800	1	0	0	61,3	2-pink-surface
ORPA0142.jpg	shopify-upload	800	800	1	0	0	0	
ORPA0147-2.jpg	shopify-upload	800	800	1	0	0	45,2	3-pink-ribbon
ORPA0147.jpg	shopify-upload	800	800	1	0	0	0	
ORPA0149-2.jpg	shopify-upload	800	800	1	0	0	44,7	3-pink-ribbon
ORPA0149-3.jpg	shopify-upload	800	800	1	0	0	40,7	3-pink-ribbon
ORPA0149.jpg	shopify-upload	800	800	1	0	0	0	
ORPA034-2.jpg	shopify-upload	800	800	1	0	0	35	3-pink-ribbon
ORPA034-3.jpg	shopify-upload	800	800	1	0	0	0	
ORPA034.jpg	shopify-upload	800	800	1	0	0	21,1	3-pink-ribbon
ORCB214-a.jpg	shopify-upload-v2	800	800	1	0	0	0	
ORCB214-b.jpg	shopify-upload-v2	800	800	1	0	1	3,2	
ORCB214-c.jpg	shopify-upload-v2	800	800	1	0	0	20,8	3-pink-ribbon
ORCB214-d.jpg	shopify-upload-v2	800	800	1	0	0	19,7	3-pink-ribbon
ORCBB01-17-a.jpg	shopify-upload-v2	1001	1001	1	1	0	0	1-logo
ORCBB01-17-b.jpg	shopify-upload-v2	1001	1001	1	1	0	0	1-logo
ORCBB01-17-c.jpg	shopify-upload-v2	1001	1001	1	1	0	0	1-logo
ORCBB01-17-d.jpg	shopify-upload-v2	970	701	1,384	0	0	0	4-bad-ratio
ORCBB01-19-a.jpg	shopify-upload-v2	1001	1001	1	1	0	0	1-logo
ORCBB01-19-b.jpg	shopify-upload-v2	1001	1001	1	1	0	0	1-logo
ORCBB01-19-c.jpg	shopify-upload-v2	1001	1001	1	1	0	0	1-logo
ORCBB01-19-d.jpg	shopify-upload-v2	970	701	1,384	0	0	0	4-bad-ratio
ORCBB01-21-a.jpg	shopify-upload-v2	1001	1001	1	1	0	0	1-logo
ORCBB01-21-b.jpg	shopify-upload-v2	1001	1001	1	1	0	0	1-logo
ORCBB01-21-c.jpg	shopify-upload-v2	1001	1001	1	1	0	0	1-logo
ORCBB01-21-d.jpg	shopify-upload-v2	970	701	1,384	0	0	0	4-bad-ratio
ORGCB05-P-18-a.jpg	shopify-upload-v2	1001	1001	1	0	0	0	
ORGCB05-P-18-b.jpg	shopify-upload-v2	1001	1001	1	1	0	0	1-logo
ORGCB05-P-18-c.jpg	shopify-upload-v2	1001	1001	1	1	0	0	1-logo
ORGCB05-P-18-d.jpg	shopify-upload-v2	970	739	1,313	0	0	0	4-bad-ratio
ORGCB06-P-a.jpg	shopify-upload-v2	1001	1001	1	1	0	0	1-logo
ORGCB06-P-b.jpg	shopify-upload-v2	1001	1001	1	1	0	0	1-logo
ORGCB06-P-c.jpg	shopify-upload-v2	1001	1001	1	1	0	0	1-logo
ORGCB06-P-d.jpg	shopify-upload-v2	970	728	1,332	0	0	0	4-bad-ratio
ORGCB07-18K-a.jpg	shopify-upload-v2	1001	1001	1	0	0	0	
ORGCB07-18K-b.jpg	shopify-upload-v2	1001	1001	1	0	0	0	
ORGCB07-18K-c.jpg	shopify-upload-v2	1001	1001	1	0	24,1	19,8	5-model-lifestyle
ORGCB07-18K-d.jpg	shopify-upload-v2	1001	1001	1	0	18,3	3,6	5-model-lifestyle
ORGCB07-P-a.jpg	shopify-upload-v2	1001	1002	1,001	0	0	0	4-bad-ratio
ORGCB07-P-b.jpg	shopify-upload-v2	1001	1001	1	1	0	0	1-logo
ORGCB07-P-c.jpg	shopify-upload-v2	1001	1001	1	1	0	0	1-logo
ORGCB07-P-d.jpg	shopify-upload-v2	1001	1001	1	1	0	0	1-logo
ORGCB08-18K-a.jpg	shopify-upload-v2	1001	1001	1	0	1,8	2	
ORGCB08-18K-b.jpg	shopify-upload-v2	1001	1001	1	0	0	0	
ORGCB08-18K-c.jpg	shopify-upload-v2	970	747	1,299	0	0	0	4-bad-ratio
ORGCB08-18K-d.jpg	shopify-upload-v2	970	731	1,327	0	2	1,9	4-bad-ratio
ORGCB08-P-a.jpg	shopify-upload-v2	1001	1001	1	0	0	0	
ORGCB08-P-b.jpg	shopify-upload-v2	1001	1001	1	1	0	0	1-logo
ORGCB08-P-c.jpg	shopify-upload-v2	1001	1001	1	1	0	0	1-logo
ORGCB08-P-d.jpg	shopify-upload-v2	970	721	1,345	0	0	0	4-bad-ratio
ORGCB09-P-a.jpg	shopify-upload-v2	1001	1001	1	0	0	0	
ORGCB09-P-b.jpg	shopify-upload-v2	1001	1001	1	1	0	0	1-logo
ORGCB09-P-c.jpg	shopify-upload-v2	1001	1001	1	1	0	0	1-logo
ORGCB09-P-d.jpg	shopify-upload-v2	1001	1001	1	1	0	0	1-logo
ORGCB10-P-a.jpg	shopify-upload-v2	1001	1001	1	0	0	0	
ORGCB10-P-b.jpg	shopify-upload-v2	1001	1001	1	1	0	0	1-logo
ORGCB10-P-c.jpg	shopify-upload-v2	1001	1001	1	1	0	0	1-logo
ORGCB10-P-d.jpg	shopify-upload-v2	1001	1001	1	1	0	0	1-logo
ORGCB109-a.jpg	shopify-upload-v2	1001	1001	1	0	0	0	
ORGCB109-b.jpg	shopify-upload-v2	1001	1001	1	0	0	0	
ORGCB109-c.jpg	shopify-upload-v2	1001	1001	1	0	0	0	
ORGCB109-d.jpg	shopify-upload-v2	970	600	1,617	0	0	0	4-bad-ratio
ORGCB11-18K-a.jpg	shopify-upload-v2	1001	1001	1	0	0	0	
ORGCB11-18K-b.jpg	shopify-upload-v2	1001	1001	1	1	0	0	1-logo
ORGCB11-18K-c.jpg	shopify-upload-v2	1001	1001	1	1	0	0	1-logo
ORGCB11-18K-d.jpg	shopify-upload-v2	1001	1001	1	1	24	27,1	1-logo,5-model-lifestyle
ORGCB110-a.jpg	shopify-upload-v2	1001	1001	1	0	0	0	
ORGCB110-b.jpg	shopify-upload-v2	1001	1001	1	0	0	0	
ORGCB110-c.jpg	shopify-upload-v2	1001	1001	1	0	0	0	
ORGCB110-d.jpg	shopify-upload-v2	970	600	1,617	0	0	0	4-bad-ratio
ORGCB12-18K-a.jpg	shopify-upload-v2	1001	1001	1	0	0,8	0,2	
ORGCB12-18K-b.jpg	shopify-upload-v2	1001	1001	1	1	0	0	1-logo
ORGCB12-18K-c.jpg	shopify-upload-v2	1001	1001	1	1	0	0	1-logo
ORGCB12-18K-d.jpg	shopify-upload-v2	1001	1001	1	1	0	0	1-logo
ORGCB175-a.jpg	shopify-upload-v2	1001	1001	1	0	0	0	
ORGCB175-b.jpg	shopify-upload-v2	1001	1001	1	0	0	0	
ORGCB175-c.jpg	shopify-upload-v2	1001	1001	1	0	0	0	
ORGCB175-d.jpg	shopify-upload-v2	970	600	1,617	0	0	0	4-bad-ratio
ORGCB177-a.jpg	shopify-upload-v2	1001	1001	1	0	0	0	
ORGCB177-b.jpg	shopify-upload-v2	1001	1001	1	0	0	0	
ORGCB177-c.jpg	shopify-upload-v2	1001	1001	1	0	0	0	
ORGCB177-d.jpg	shopify-upload-v2	970	600	1,617	0	0	0	4-bad-ratio
ORGCB18-a.jpg	shopify-upload-v2	1001	1001	1	0	0	0	
ORGCB18-b.jpg	shopify-upload-v2	1001	1001	1	1	0	0	1-logo
ORGCB18-c.jpg	shopify-upload-v2	1001	1001	1	1	0	0	1-logo
ORGCB18-d.jpg	shopify-upload-v2	1001	1001	1	1	0	0	1-logo
ORGCB181-a.jpg	shopify-upload-v2	1001	1001	1	0	0	0	
ORGCB181-b.jpg	shopify-upload-v2	1001	1001	1	0	0	0	
ORGCB181-c.jpg	shopify-upload-v2	1001	1001	1	0	0	0	
ORGCB181-d.jpg	shopify-upload-v2	1001	1001	1	0	0	0	
ORGCB182-1-a.jpg	shopify-upload-v2	1001	1001	1	0	0	0	
ORGCB182-1-b.jpg	shopify-upload-v2	1001	1001	1	0	0	0	
ORGCB182-1-c.jpg	shopify-upload-v2	1001	1001	1	0	0	0	
ORGCB182-1-d.jpg	shopify-upload-v2	1001	1001	1	0	0	0	
ORGCB182-2-a.jpg	shopify-upload-v2	1001	1001	1	0	0	0	
ORGCB182-2-b.jpg	shopify-upload-v2	1001	1001	1	0	0	0	
ORGCB182-2-c.jpg	shopify-upload-v2	1001	1001	1	0	0	0	
ORGCB182-2-d.jpg	shopify-upload-v2	1001	1001	1	0	0	0	
ORGCB182-3-a.jpg	shopify-upload-v2	1001	1001	1	0	0	0	
ORGCB182-3-b.jpg	shopify-upload-v2	1001	1001	1	0	0	0	
ORGCB182-3-c.jpg	shopify-upload-v2	1001	1001	1	0	0	0	
ORGCB182-3-d.jpg	shopify-upload-v2	1001	1001	1	0	0	0	
ORGCB182-5-a.jpg	shopify-upload-v2	1001	1001	1	0	0	0	
ORGCB182-5-b.jpg	shopify-upload-v2	1001	1001	1	0	0	0	
ORGCB182-5-c.jpg	shopify-upload-v2	1001	1001	1	0	0	0	
ORGCB182-5-d.jpg	shopify-upload-v2	1001	1001	1	0	0	0	
ORGCB182-6-a.jpg	shopify-upload-v2	1001	1001	1	0	0	0	
ORGCB182-6-b.jpg	shopify-upload-v2	1001	1001	1	0	0	0	
ORGCB182-6-c.jpg	shopify-upload-v2	1001	1001	1	0	0	0	
ORGCB182-6-d.jpg	shopify-upload-v2	1001	1001	1	0	0	0	
ORGCB182-7-a.jpg	shopify-upload-v2	1001	1001	1	0	0	0	
ORGCB182-7-b.jpg	shopify-upload-v2	1001	1001	1	0	0	0	
ORGCB182-7-c.jpg	shopify-upload-v2	1001	1001	1	0	0	0	
ORGCB182-7-d.jpg	shopify-upload-v2	1001	1001	1	0	0	0	
ORGCB182-8-a.jpg	shopify-upload-v2	1001	1001	1	0	0	0	
ORGCB182-8-b.jpg	shopify-upload-v2	1001	1001	1	0	0	0	
ORGCB182-8-c.jpg	shopify-upload-v2	1001	1001	1	0	0	0	
ORGCB182-8-d.jpg	shopify-upload-v2	1001	1001	1	0	0	0	
ORGCB184-1-a.jpg	shopify-upload-v2	1001	1001	1	0	0	0	
ORGCB184-1-b.jpg	shopify-upload-v2	1001	1001	1	0	0	0	
ORGCB184-1-c.jpg	shopify-upload-v2	1001	1001	1	0	0	0	
ORGCB184-1-d.jpg	shopify-upload-v2	1001	1001	1	0	0	0	
ORGCB184-2-a.jpg	shopify-upload-v2	1001	1001	1	0	0	0	
ORGCB184-2-b.jpg	shopify-upload-v2	1001	1001	1	0	0	0	
ORGCB184-2-c.jpg	shopify-upload-v2	1001	1001	1	0	0	0	
ORGCB184-2-d.jpg	shopify-upload-v2	1001	1001	1	0	0	0	
ORGCB184-3-a.jpg	shopify-upload-v2	1001	1001	1	0	0	0	
ORGCB184-3-b.jpg	shopify-upload-v2	1001	1001	1	0	0	0	
ORGCB184-3-c.jpg	shopify-upload-v2	1001	1001	1	0	0	0	
ORGCB184-3-d.jpg	shopify-upload-v2	1001	1001	1	0	0	0	
ORGCB184-4-a.jpg	shopify-upload-v2	1001	1001	1	0	0	0	
ORGCB184-4-b.jpg	shopify-upload-v2	1001	1001	1	0	0	0	
ORGCB184-4-c.jpg	shopify-upload-v2	1001	1001	1	0	0	0	
ORGCB184-4-d.jpg	shopify-upload-v2	1001	1001	1	0	0	0	
ORGCB184-5-a.jpg	shopify-upload-v2	1001	1001	1	0	0	0	
ORGCB184-5-b.jpg	shopify-upload-v2	1001	1001	1	0	0	0	
ORGCB184-5-c.jpg	shopify-upload-v2	1001	1001	1	0	0	0	
ORGCB184-5-d.jpg	shopify-upload-v2	1001	1001	1	0	0	0	
ORGCB184-6-a.jpg	shopify-upload-v2	1001	1001	1	0	0	0	
ORGCB184-6-b.jpg	shopify-upload-v2	1001	1001	1	0	0	0	
ORGCB184-6-c.jpg	shopify-upload-v2	1001	1001	1	0	0	0	
ORGCB184-6-d.jpg	shopify-upload-v2	1001	1001	1	0	0	0	
ORGCB184-7-a.jpg	shopify-upload-v2	1001	1001	1	0	0	0	
ORGCB184-7-b.jpg	shopify-upload-v2	1001	1001	1	0	0	0	
ORGCB184-7-c.jpg	shopify-upload-v2	1001	1001	1	0	0	0	
ORGCB184-7-d.jpg	shopify-upload-v2	1001	1001	1	0	0	0	
ORGCB185-14K-a.jpg	shopify-upload-v2	1001	1001	1	0	0	0	
ORGCB185-14K-b.jpg	shopify-upload-v2	1001	1001	1	0	0	0,1	
ORGCB185-14K-c.jpg	shopify-upload-v2	1001	1001	1	0	0	0	
ORGCB185-14K-d.jpg	shopify-upload-v2	1001	1001	1	0	0	0	
ORGCB186-1-a.jpg	shopify-upload-v2	1001	1001	1	0	0	0	
ORGCB186-1-b.jpg	shopify-upload-v2	1001	1001	1	0	0	0	
ORGCB186-1-c.jpg	shopify-upload-v2	1001	1001	1	0	0	0	
ORGCB186-1-d.jpg	shopify-upload-v2	1001	1001	1	0	0	0	
ORGCB186-2-a.jpg	shopify-upload-v2	1001	1001	1	0	0	0	
ORGCB186-2-b.jpg	shopify-upload-v2	1001	1001	1	0	0	0	
ORGCB186-2-c.jpg	shopify-upload-v2	1001	1001	1	0	0	0	
ORGCB186-2-d.jpg	shopify-upload-v2	1001	1001	1	0	0	0	
ORGCB187-14K-1-a.jpg	shopify-upload-v2	1001	1001	1	0	0	0	
ORGCB187-14K-1-b.jpg	shopify-upload-v2	1001	1001	1	0	0,7	1,1	
ORGCB187-14K-1-c.jpg	shopify-upload-v2	1001	1001	1	0	0	0	
ORGCB187-14K-1-d.jpg	shopify-upload-v2	1001	1001	1	0	0	0	
ORGCB187-14K-2-a.jpg	shopify-upload-v2	1001	1001	1	0	0	0	
ORGCB187-14K-2-b.jpg	shopify-upload-v2	1001	1001	1	0	0	0	
ORGCB187-14K-2-c.jpg	shopify-upload-v2	1001	1001	1	0	0	0	
ORGCB187-14K-2-d.jpg	shopify-upload-v2	1001	1001	1	0	0	0	
ORGCB19-18K-a.jpg	shopify-upload-v2	1001	1001	1	0	1	0,3	
ORGCB19-18K-b.jpg	shopify-upload-v2	1001	1001	1	1	1	0,3	1-logo
ORGCB19-18K-c.jpg	shopify-upload-v2	1001	1001	1	1	0	0	1-logo
ORGCB19-18K-d.jpg	shopify-upload-v2	970	627	1,547	0	4,1	2	4-bad-ratio
ORGCB19-P-a.jpg	shopify-upload-v2	1001	1001	1	0	0	0	
ORGCB19-P-b.jpg	shopify-upload-v2	1001	1001	1	0	0	0	
ORGCB19-P-c.jpg	shopify-upload-v2	970	652	1,488	0	0	0	4-bad-ratio
ORGCB19-P-d.jpg	shopify-upload-v2	1001	1001	1	0	15,1	10,5	
ORGCB20-18K-a.jpg	shopify-upload-v2	1001	1001	1	0	0,1	0,2	
ORGCB20-18K-b.jpg	shopify-upload-v2	1001	1001	1	1	0,8	0,4	1-logo
ORGCB20-18K-c.jpg	shopify-upload-v2	1001	1001	1	1	0	0	1-logo
ORGCB20-18K-d.jpg	shopify-upload-v2	970	708	1,37	0	0,1	0,1	4-bad-ratio
ORGCB20-P-a.jpg	shopify-upload-v2	1001	1001	1	0	0	0	
ORGCB20-P-b.jpg	shopify-upload-v2	1001	1001	1	0	0	0	
ORGCB20-P-c.jpg	shopify-upload-v2	970	631	1,537	0	0	0	4-bad-ratio
ORGCB20-P-d.jpg	shopify-upload-v2	1001	1001	1	0	24,6	15,8	5-model-lifestyle
ORGCB21-18K-a.jpg	shopify-upload-v2	3456	3457	1	0	0	0	4-bad-ratio
ORGCB21-18K-b.jpg	shopify-upload-v2	1001	1001	1	1	0	0	1-logo
ORGCB21-18K-c.jpg	shopify-upload-v2	1001	1001	1	1	0,2	0,1	1-logo
ORGCB21-18K-d.jpg	shopify-upload-v2	970	715	1,357	0	0	0	4-bad-ratio
ORGCB21-P-a.jpg	shopify-upload-v2	1001	1001	1	0	0	0	
ORGCB21-P-b.jpg	shopify-upload-v2	1001	1001	1	0	0	0	
ORGCB21-P-c.jpg	shopify-upload-v2	970	653	1,485	0	0	0	4-bad-ratio
ORGCB21-P-d.jpg	shopify-upload-v2	1001	1001	1	0	32,7	20,3	5-model-lifestyle
ORGCB22-18K-a.jpg	shopify-upload-v2	1001	1001	1	0	1,6	1,6	
ORGCB22-18K-b.jpg	shopify-upload-v2	1001	1001	1	1	0,1	0,6	1-logo
ORGCB22-18K-c.jpg	shopify-upload-v2	1001	1001	1	1	0	0	1-logo
ORGCB22-18K-d.jpg	shopify-upload-v2	970	633	1,532	0	1	1,2	4-bad-ratio
ORGCB22-P-a.jpg	shopify-upload-v2	1001	1001	1	0	0	0	
ORGCB22-P-b.jpg	shopify-upload-v2	1001	1001	1	0	0	0	
ORGCB22-P-c.jpg	shopify-upload-v2	1001	1001	1	0	0	0	
ORGCB22-P-d.jpg	shopify-upload-v2	1001	1001	1	0	0	0	
ORGCB23-18K-a.jpg	shopify-upload-v2	1001	1001	1	0	1,4	0,9	
ORGCB23-18K-b.jpg	shopify-upload-v2	1001	1001	1	1	1,5	0,8	1-logo
ORGCB23-18K-c.jpg	shopify-upload-v2	1001	1001	1	1	0	0	1-logo
ORGCB23-18K-d.jpg	shopify-upload-v2	970	751	1,292	0	0	0	4-bad-ratio
ORGCB23-P-a.jpg	shopify-upload-v2	1001	1001	1	0	0	0	
ORGCB23-P-b.jpg	shopify-upload-v2	970	659	1,472	0	0	0	4-bad-ratio
ORGCB23-P-c.jpg	shopify-upload-v2	970	625	1,552	0	0	0	4-bad-ratio
ORGCB23-P-d.jpg	shopify-upload-v2	1001	1001	1	0	0	0	
ORGCB24-18K-a.jpg	shopify-upload-v2	1001	1001	1	0	3,2	2,7	
ORGCB24-18K-b.jpg	shopify-upload-v2	1001	1001	1	1	3,2	2,7	1-logo
ORGCB24-18K-c.jpg	shopify-upload-v2	1001	1001	1	1	0	0,1	1-logo
ORGCB24-18K-d.jpg	shopify-upload-v2	970	700	1,386	0	0	0	4-bad-ratio
ORGCB24-P-a.jpg	shopify-upload-v2	1001	1001	1	0	0	0	
ORGCB24-P-b.jpg	shopify-upload-v2	1001	1001	1	0	0	0	
ORGCB24-P-c.jpg	shopify-upload-v2	1034	729	1,418	0	0	0	4-bad-ratio
ORGCB24-P-d.jpg	shopify-upload-v2	970	657	1,476	0	0	0	4-bad-ratio
ORGCB25-a.jpg	shopify-upload-v2	2119	2119	1	0	0	0	
ORGCB25-b.jpg	shopify-upload-v2	1001	1001	1	1	0	0	1-logo
ORGCB25-c.jpg	shopify-upload-v2	1001	1001	1	1	0	0	1-logo
ORGCB25-d.jpg	shopify-upload-v2	1001	1001	1	1	0	0	1-logo
ORGCB26-18K-a.jpg	shopify-upload-v2	3259	3259	1	0	1,1	1	
ORGCB26-18K-b.jpg	shopify-upload-v2	1001	1001	1	1	1,1	1	1-logo
ORGCB26-18K-c.jpg	shopify-upload-v2	1001	1001	1	1	0,1	0,1	1-logo
ORGCB26-18K-d.jpg	shopify-upload-v2	970	683	1,42	0	0	0	4-bad-ratio
ORGCB26-P-a.jpg	shopify-upload-v2	1001	1001	1	0	0	0	
ORGCB26-P-b.jpg	shopify-upload-v2	1001	1001	1	0	0	0	
ORGCB26-P-c.jpg	shopify-upload-v2	970	644	1,506	0	0	0	4-bad-ratio
ORGCB26-P-d.jpg	shopify-upload-v2	970	637	1,523	0	0	0	4-bad-ratio
ORGCB27-a.jpg	shopify-upload-v2	1001	1001	1	0	0	0	
ORGCB27-b.jpg	shopify-upload-v2	1001	1001	1	1	0	0	1-logo
ORGCB27-c.jpg	shopify-upload-v2	1001	1001	1	1	0	0	1-logo
ORGCB27-d.jpg	shopify-upload-v2	1001	1001	1	1	0	0	1-logo
ORGCB28-18K-a.jpg	shopify-upload-v2	3259	3259	1	0	0	0	
ORGCB28-18K-b.jpg	shopify-upload-v2	1001	1001	1	1	0	0	1-logo
ORGCB28-18K-c.jpg	shopify-upload-v2	1001	1001	1	1	0,3	0,2	1-logo
ORGCB28-18K-d.jpg	shopify-upload-v2	1001	1001	1	1	0	0	1-logo
ORGCB28-P-a.jpg	shopify-upload-v2	1001	1001	1	0	0	0	
ORGCB28-P-b.jpg	shopify-upload-v2	1001	1001	1	0	0	0	
ORGCB28-P-c.jpg	shopify-upload-v2	970	635	1,528	0	0	0	4-bad-ratio
ORGCB28-P-d.jpg	shopify-upload-v2	1001	1001	1	0	32,4	16,4	5-model-lifestyle
ORGCB29-18K-a.jpg	shopify-upload-v2	3150	3150	1	0	0,6	0,4	
ORGCB29-18K-b.jpg	shopify-upload-v2	1001	1001	1	1	0,6	0,5	1-logo
ORGCB29-18K-c.jpg	shopify-upload-v2	1001	1001	1	1	0	0	1-logo
ORGCB29-18K-d.jpg	shopify-upload-v2	970	658	1,474	0	1,9	1,9	4-bad-ratio
ORGCB29-P-a.jpg	shopify-upload-v2	1001	1001	1	0	0	0	
ORGCB29-P-b.jpg	shopify-upload-v2	1001	1001	1	0	0	0	
ORGCB29-P-c.jpg	shopify-upload-v2	970	669	1,45	0	0	0	4-bad-ratio
ORGCB29-P-d.jpg	shopify-upload-v2	970	653	1,485	0	0	0	4-bad-ratio
ORGCB30-18K-a.jpg	shopify-upload-v2	3063	3062	1	0	0,2	0,2	4-bad-ratio
ORGCB30-18K-b.jpg	shopify-upload-v2	1001	1001	1	1	0,5	0,8	1-logo
ORGCB30-18K-c.jpg	shopify-upload-v2	1001	1001	1	1	0	0	1-logo
ORGCB30-18K-d.jpg	shopify-upload-v2	1001	1001	1	1	0	0	1-logo
ORGCB30-P-a.jpg	shopify-upload-v2	1001	1001	1	0	0	0	
ORGCB30-P-b.jpg	shopify-upload-v2	1001	1001	1	0	0	0	
ORGCB30-P-c.jpg	shopify-upload-v2	1001	1001	1	0	0	0	
ORGCB30-P-d.jpg	shopify-upload-v2	1001	1001	1	0	0	0	
ORGCB50P-a.jpg	shopify-upload-v2	1001	1001	1	0	0	0	
ORGCB50P-b.jpg	shopify-upload-v2	1001	1001	1	1	0	0	1-logo
ORGCB50P-c.jpg	shopify-upload-v2	1001	1001	1	1	0	0	1-logo
ORGCB50P-d.jpg	shopify-upload-v2	1001	1001	1	1	0	0	1-logo
ORGCB51-P-a.jpg	shopify-upload-v2	1001	1001	1	0	0	2,1	
ORGCB51-P-b.jpg	shopify-upload-v2	1001	1001	1	0	0	0	
ORGCB51-P-c.jpg	shopify-upload-v2	1001	1001	1	0	0	0	
ORGCB51-P-d.jpg	shopify-upload-v2	1001	1001	1	0	25,8	17,8	5-model-lifestyle
ORGCB51-WY-a.jpg	shopify-upload-v2	1001	1001	1	0	0	0	
ORGCB51-WY-b.jpg	shopify-upload-v2	1001	1001	1	0	0	0	
ORGCB51-WY-c.jpg	shopify-upload-v2	1001	1001	1	0	0	0	
ORGCB51-WY-d.jpg	shopify-upload-v2	1001	1001	1	0	27,1	15,6	5-model-lifestyle
ORGCB51-YL-a.jpg	shopify-upload-v2	1001	1001	1	0	0	0	
ORGCB51-YL-b.jpg	shopify-upload-v2	1001	1001	1	0	0	0	
ORGCB51-YL-c.jpg	shopify-upload-v2	1001	1001	1	0	0	0	
ORGCB51-YL-d.jpg	shopify-upload-v2	1001	1001	1	0	25,5	20,5	5-model-lifestyle
ORGCB51-YP-a.jpg	shopify-upload-v2	1001	1001	1	0	0	0	
ORGCB51-YP-b.jpg	shopify-upload-v2	1001	1001	1	0	0	0	
ORGCB51-YP-c.jpg	shopify-upload-v2	1001	1001	1	0	0	0	
ORGCB51-YP-d.jpg	shopify-upload-v2	1001	1001	1	0	19,8	16,5	5-model-lifestyle
ORGCB51-YR-a.jpg	shopify-upload-v2	1001	1001	1	0	0	2	
ORGCB51-YR-b.jpg	shopify-upload-v2	1001	1001	1	0	0	0	
ORGCB51-YR-c.jpg	shopify-upload-v2	1001	1001	1	0	0	0	
ORGCB51-YR-d.jpg	shopify-upload-v2	1001	1001	1	0	31	25,6	5-model-lifestyle
ORGCB52-L-a.jpg	shopify-upload-v2	1001	1001	1	0	0	0	
ORGCB52-L-b.jpg	shopify-upload-v2	1001	1001	1	0	0	0	
ORGCB52-L-c.jpg	shopify-upload-v2	1001	1001	1	0	0	0	
ORGCB52-L-d.jpg	shopify-upload-v2	1001	1001	1	0	0	0	
ORGCB53-L-a.jpg	shopify-upload-v2	1001	1001	1	0	0	0	
ORGCB53-L-b.jpg	shopify-upload-v2	1001	1001	1	0	0	0	
ORGCB53-L-c.jpg	shopify-upload-v2	1001	1001	1	0	0	0	
ORGCB53-L-d.jpg	shopify-upload-v2	1001	1001	1	0	0	0	
ORGCB54-L-a.jpg	shopify-upload-v2	1001	1001	1	0	0	0	
ORGCB54-L-b.jpg	shopify-upload-v2	1001	1001	1	0	0	0	
ORGCB54-L-c.jpg	shopify-upload-v2	1001	1001	1	0	0	0	
ORGCB54-L-d.jpg	shopify-upload-v2	1001	1001	1	0	0	0	
ORGCB55-L-a.jpg	shopify-upload-v2	1001	1001	1	0	0	0	
ORGCB55-L-b.jpg	shopify-upload-v2	1001	1001	1	0	0	0	
ORGCB55-L-c.jpg	shopify-upload-v2	1001	1001	1	0	0	0	
ORGCB55-L-d.jpg	shopify-upload-v2	1001	1001	1	0	0	0	
ORGCB56-B-a.jpg	shopify-upload-v2	1001	1001	1	0	0	0	
ORGCB56-B-b.jpg	shopify-upload-v2	1001	1001	1	0	0	0	
ORGCB56-B-c.jpg	shopify-upload-v2	1001	1001	1	0	0	0	
ORGCB56-B-d.jpg	shopify-upload-v2	970	600	1,617	0	0	0	4-bad-ratio
ORGCB57-Z-a.jpg	shopify-upload-v2	1001	1001	1	0	0,1	0	
ORGCB57-Z-b.jpg	shopify-upload-v2	1001	1001	1	0	0	0	
ORGCB57-Z-c.jpg	shopify-upload-v2	970	600	1,617	0	0,1	0	4-bad-ratio
ORGCB57-Z-d.jpg	shopify-upload-v2	970	600	1,617	0	0	0	4-bad-ratio
ORGCB58-LVR-a.jpg	shopify-upload-v2	1001	1001	1	0	0	0	
ORGCB58-LVR-b.jpg	shopify-upload-v2	1001	1001	1	0	0	0	
ORGCB58-LVR-c.jpg	shopify-upload-v2	970	600	1,617	0	0	0	4-bad-ratio
ORGCB58-LVR-d.jpg	shopify-upload-v2	970	600	1,617	0	0	0	4-bad-ratio
ORGCBB1-17-B-a.jpg	shopify-upload-v2	1001	1001	1	0	0	0	
ORGCBB1-17-B-b.jpg	shopify-upload-v2	1001	1001	1	0	0	0	
ORGCBB1-17-B-c.jpg	shopify-upload-v2	1001	1001	1	0	0	0	
ORGCBB1-17-B-d.jpg	shopify-upload-v2	970	600	1,617	0	0	0	4-bad-ratio
ORGCBB1-17-G-a.jpg	shopify-upload-v2	1001	1001	1	0	0	0	
ORGCBB1-17-G-b.jpg	shopify-upload-v2	1001	1001	1	0	0	0	
ORGCBB1-17-G-c.jpg	shopify-upload-v2	1001	1001	1	0	0	0	
ORGCBB1-17-G-d.jpg	shopify-upload-v2	1001	1001	1	0	32,5	19,3	5-model-lifestyle
ORGCBB1-17-K-a.jpg	shopify-upload-v2	1001	1001	1	0	0	0	
ORGCBB1-17-K-b.jpg	shopify-upload-v2	1001	1001	1	0	0	0	
ORGCBB1-17-K-c.jpg	shopify-upload-v2	1001	1001	1	0	30,2	18,3	5-model-lifestyle
ORGCBB1-17-K-d.jpg	shopify-upload-v2	1001	1001	1	0	0	0	
ORGCBB1-17-R-a.jpg	shopify-upload-v2	1001	1001	1	0	0	0,2	
ORGCBB1-17-R-b.jpg	shopify-upload-v2	1001	1001	1	0	0	0,2	
ORGCBB1-17-R-c.jpg	shopify-upload-v2	1001	1001	1	0	0	0,1	
ORGCBB1-17-W-a.jpg	shopify-upload-v2	1001	1001	1	0	0	0	
ORGCBB1-17-W-b.jpg	shopify-upload-v2	1001	1001	1	0	0	0	
ORGCBB1-17-W-c.jpg	shopify-upload-v2	1001	1001	1	0	0	0	
ORGCBB1-19-B-a.jpg	shopify-upload-v2	1001	1001	1	0	0	0	
ORGCBB1-19-B-b.jpg	shopify-upload-v2	1001	1001	1	0	0	0	
ORGCBB1-19-B-c.jpg	shopify-upload-v2	1001	1001	1	0	0	0	
ORGCBB1-19-B-d.jpg	shopify-upload-v2	970	600	1,617	0	0	0	4-bad-ratio
ORGCBB1-19-G-a.jpg	shopify-upload-v2	1001	1001	1	0	0	0	
ORGCBB1-19-G-b.jpg	shopify-upload-v2	1001	1001	1	0	0	0	
ORGCBB1-19-G-c.jpg	shopify-upload-v2	1001	1001	1	0	0	0	
ORGCBB1-19-G-d.jpg	shopify-upload-v2	1001	1001	1	0	32,5	19,3	5-model-lifestyle
ORGCBB1-19-K-a.jpg	shopify-upload-v2	1001	1001	1	0	0	0	
ORGCBB1-19-K-b.jpg	shopify-upload-v2	1001	1001	1	0	0	0	
ORGCBB1-19-K-c.jpg	shopify-upload-v2	1001	1001	1	0	30,2	18,3	5-model-lifestyle
ORGCBB1-19-K-d.jpg	shopify-upload-v2	1001	1001	1	0	0	0	
ORGCBB1-19-R-a.jpg	shopify-upload-v2	1001	1001	1	0	0	0,2	
ORGCBB1-19-R-b.jpg	shopify-upload-v2	1001	1001	1	0	0	0,2	
ORGCBB1-19-R-c.jpg	shopify-upload-v2	1001	1001	1	0	0	0,1	
ORGCBB1-19-W-a.jpg	shopify-upload-v2	1001	1001	1	0	0	0	
ORGCBB1-19-W-b.jpg	shopify-upload-v2	1001	1001	1	0	0	0	
ORGCBB1-19-W-c.jpg	shopify-upload-v2	1001	1001	1	0	0	0	
ORGCBB1-21-B-a.jpg	shopify-upload-v2	1001	1001	1	0	0	0	
ORGCBB1-21-B-b.jpg	shopify-upload-v2	1001	1001	1	0	0	0	
ORGCBB1-21-B-c.jpg	shopify-upload-v2	1001	1001	1	0	0	0	
ORGCBB1-21-B-d.jpg	shopify-upload-v2	970	600	1,617	0	0	0	4-bad-ratio
ORGCBB1-21-K-a.jpg	shopify-upload-v2	1001	1001	1	0	0	0	
ORGCBB1-21-K-b.jpg	shopify-upload-v2	1001	1001	1	0	0	0	
ORGCBB1-21-K-c.jpg	shopify-upload-v2	1001	1001	1	0	30,2	18,3	5-model-lifestyle
ORGCBB1-21-K-d.jpg	shopify-upload-v2	1001	1001	1	0	0	0	
ORGCBB1-21-R-a.jpg	shopify-upload-v2	1001	1001	1	0	0	0,2	
ORGCBB1-21-R-b.jpg	shopify-upload-v2	1001	1001	1	0	0	0,2	
ORGCBB1-21-R-c.jpg	shopify-upload-v2	1001	1001	1	0	0	0,1	
ORGCBB1-21-W-a.jpg	shopify-upload-v2	1001	1001	1	0	0	0	
ORGCBB1-21-W-b.jpg	shopify-upload-v2	1001	1001	1	0	0	0	
ORGCBB1-21-W-c.jpg	shopify-upload-v2	1001	1001	1	0	0	0	
ORPA0010-a.jpg	shopify-upload-v2	800	800	1	0	0	0	
ORPA0010-b.jpg	shopify-upload-v2	800	800	1	0	0	15,7	3-pink-ribbon
ORPA0010-c.jpg	shopify-upload-v2	800	800	1	0	0,1	23,9	3-pink-ribbon
ORPA0035-a.jpg	shopify-upload-v2	800	800	1	0	0	0	
ORPA0035-b.jpg	shopify-upload-v2	800	800	1	0	0	14,8	
ORPA0035-c.jpg	shopify-upload-v2	800	800	1	0	0	17,3	3-pink-ribbon
ORPA0094-a.jpg	shopify-upload-v2	800	800	1	0	0	35,9	3-pink-ribbon
ORPA0094-b.jpg	shopify-upload-v2	800	800	1	0	0	29,9	3-pink-ribbon
ORPA0097-b.jpg	shopify-upload-v2	800	800	1	0	0	34,7	3-pink-ribbon
ORPA0107-a.jpg	shopify-upload-v2	800	800	1	0	0	0	
ORPA0107-b.jpg	shopify-upload-v2	800	800	1	0	0	25	3-pink-ribbon
ORPA0107-c.jpg	shopify-upload-v2	800	800	1	0	0	33,7	3-pink-ribbon
ORPA0123-a.jpg	shopify-upload-v2	800	800	1	0	0	17,1	3-pink-ribbon
ORPA0123-b.jpg	shopify-upload-v2	800	800	1	0	0	31,2	3-pink-ribbon
ORPA0132-a.jpg	shopify-upload-v2	800	800	1	0	0	0	
ORPA0132-b.jpg	shopify-upload-v2	800	800	1	0	0	4,9	
ORPA0132-c.jpg	shopify-upload-v2	800	800	1	0	0,1	12,7	
ORPA0142-a.jpg	shopify-upload-v2	800	800	1	0	0	0	
ORPA0142-b.jpg	shopify-upload-v2	800	800	1	0	0	35,4	3-pink-ribbon
ORPA0142-c.jpg	shopify-upload-v2	800	800	1	0	0	61,3	2-pink-surface
ORPA0147-a.jpg	shopify-upload-v2	800	800	1	0	0	0	
ORPA0147-b.jpg	shopify-upload-v2	800	800	1	0	0	35,4	3-pink-ribbon
ORPA0147-c.jpg	shopify-upload-v2	800	800	1	0	0	45,2	3-pink-ribbon
ORPA0149-a.jpg	shopify-upload-v2	800	800	1	0	0	0	
ORPA0149-b.jpg	shopify-upload-v2	800	800	1	0	0	40,7	3-pink-ribbon
ORPA0149-c.jpg	shopify-upload-v2	800	800	1	0	0	44,7	3-pink-ribbon
ORPA034-a.jpg	shopify-upload-v2	800	800	1	0	0	0	
ORPA034-b.jpg	shopify-upload-v2	800	800	1	0	0	21,1	3-pink-ribbon
ORPA034-c.jpg	shopify-upload-v2	800	800	1	0	0	35	3-pink-ribbon
ORPA0097-a.jpg	shopify-upload-v2	800	800	1	0	0	27,1	3-pink-ribbon
ORCBB01-17-a-nl.jpg	shopify-upload-v2-nologo	1001	1001	1	0	0	0	
ORCBB01-19-a-nl.jpg	shopify-upload-v2-nologo	1001	1001	1	0	0	0	
ORCBB01-21-a-nl.jpg	shopify-upload-v2-nologo	1001	1001	1	0	0	0	
ORGCB05-P-18-b-nl.jpg	shopify-upload-v2-nologo	1001	1001	1	0	0	0	
ORGCB06-P-a-nl.jpg	shopify-upload-v2-nologo	1001	1001	1	0	0	0	
ORGCB07-P-b-nl.jpg	shopify-upload-v2-nologo	1001	1001	1	0	0	0	
ORGCB08-P-b-nl.jpg	shopify-upload-v2-nologo	1001	1001	1	0	0	0	
ORGCB09-P-b-nl.jpg	shopify-upload-v2-nologo	1001	1001	1	0	0	0	
ORGCB10-P-b-nl.jpg	shopify-upload-v2-nologo	1001	1001	1	0	0	0	
ORGCB25-b-nl.jpg	shopify-upload-v2-nologo	1001	1001	1	0	0	0	
ORGCB27-b-nl.jpg	shopify-upload-v2-nologo	1001	1001	1	0	0	0	
ORGCB50P-b-nl.jpg	shopify-upload-v2-nologo	1001	1001	1	0	0	0	
