"SKU","File","Score"
"ORCB01","ORCB01.jpg","254,8"
"ORCB02","ORCB02.jpg","255"
"ORCB03","ORCB03.jpg","254,5"
"ORCB05","ORCB05.jpg","254,5"
"ORCB06","ORCB06.jpg","254"
"ORCB07","ORCB07.jpg","254,2"
"ORCB08","ORCB08.jpg","253,9"
"ORCB09","ORCB09.jpg","252,7"
"ORCB10","ORCB10.jpg","254,6"
"ORCB100","ORCB100.jpg","255"
"ORCB101","ORCB101.jpg","254,9"
"ORCB102","ORCB102.jpg","255"
"ORCB103","ORCB103.jpg","253,9"
"ORCB104","ORCB104.jpg","254"
"ORCB106","ORCB106.jpg","254,9"
"ORCB107","ORCB107.jpg","254,4"
"ORCB108","ORCB108.jpg","254,7"
"ORCB11","ORCB11.jpg","253,5"
"ORCB110","ORCB110.jpg","254,6"
"ORCB111","ORCB111.jpg","254,6"
"ORCB113","ORCB113.jpg","254,8"
"ORCB114","ORCB114.jpg","255"
"ORCB115","ORCB115.jpg","255"
"ORCB116","ORCB116.jpg","255"
"ORCB117","ORCB117.jpg","243,8"
"ORCB118","ORCB118.jpg","254,9"
"ORCB119","ORCB119.jpg","245,1"
"ORCB12","ORCB12.jpg","254,3"
"ORCB120","ORCB120.jpg","253,1"
"ORCB122","ORCB122.jpg","255"
"ORCB123","ORCB123.jpg","252,3"
"ORCB124","ORCB124.jpg","255"
"ORCB125","ORCB125.jpg","244,6"
"ORCB126","ORCB126.jpg","255"
"ORCB127","ORCB127.jpg","254,6"
"ORCB128","ORCB128.jpg","233,5"
"ORCB129","ORCB129.jpg","251,4"
"ORCB13","ORCB13.jpg","252"
"ORCB135","ORCB135.jpg","251,4"
"ORCB136","ORCB136.jpg","249,6"
"ORCB137","ORCB137.jpg","246,9"
"ORCB138","ORCB138.jpg","245,2"
"ORCB139","ORCB139.jpg","248,3"
"ORCB14","ORCB14.jpg","252,2"
"ORCB140","ORCB140.jpg","213,7"
"ORCB142","ORCB142.jpg","247,8"
"ORCB144","ORCB144.jpg","255"
"ORCB145","ORCB145.jpg","252"
"ORCB146","ORCB146.jpg","254"
"ORCB149","ORCB149.jpg","255"
"ORCB15","ORCB15.jpg","250,1"
"ORCB150","ORCB150.jpg","255"
"ORCB151","ORCB151.jpg","254,6"
"ORCB152","ORCB152.jpg","255"
"ORCB153","ORCB153.jpg","254"
"ORCB154","ORCB154.jpg","254"
"ORCB155","ORCB155.jpg","254"
"ORCB156","ORCB156.jpg","254"
"ORCB157","ORCB157.jpg","254"
"ORCB159","ORCB159.jpg","254"
"ORCB16","ORCB16.jpg","251,8"
"ORCB160","ORCB160.jpg","254"
"ORCB161","ORCB161.jpg","254"
"ORCB162","ORCB162.jpg","254"
"ORCB163","ORCB163.jpg","254"
"ORCB164","ORCB164.jpg","254"
"ORCB165","ORCB165.jpg","254"
"ORCB166","ORCB166.jpg","254"
"ORCB168","ORCB168.jpg","253,8"
"ORCB169","ORCB169.jpg","254"
"ORCB17","ORCB17.jpg","253,3"
"ORCB170","ORCB170.jpg","254"
"ORCB171","ORCB171.jpg","254"
"ORCB173","ORCB173.jpg","254"
"ORCB174","ORCB174.jpg","255"
"ORCB175","ORCB175.jpg","255"
"ORCB177","ORCB177.jpg","255"
"ORCB179","ORCB179.jpg","255"
"ORCB18","ORCB18.jpg","250,4"
"ORCB180","ORCB180.jpg","255"
"ORCB182","ORCB182.jpg","255"
"ORCB183-A","ORCB183-A.jpg","185,1"
"ORCB183-B","ORCB183-B.jpg","179,3"
"ORCB183-C","ORCB183-C.jpg","174,5"
"ORCB183-D","ORCB183-D.jpg","176"
"ORCB183-E","ORCB183-E.jpg","177,1"
"ORCB183-F","ORCB183-F.jpg","178,3"
"ORCB183-G","ORCB183-G.jpg","177"
"ORCB183-H","ORCB183-H.jpg","180"
"ORCB183-I","ORCB183-I.jpg","170"
"ORCB183-J","ORCB183-J.jpg","179,3"
"ORCB183-K","ORCB183-K.jpg","174"
"ORCB183-L","ORCB183-L.jpg","185,3"
"ORCB183-M","ORCB183-M.jpg","183,3"
"ORCB183-N","ORCB183-N.jpg","185,1"
"ORCB183-O","ORCB183-O.jpg","180,3"
"ORCB183-P","ORCB183-P.jpg","185,6"
"ORCB183-Q","ORCB183-Q.jpg","179,3"
"ORCB183-R","ORCB183-R.jpg","182,8"
"ORCB183-S","ORCB183-S.jpg","172,6"
"ORCB183-T","ORCB183-T.jpg","166,8"
"ORCB183-U","ORCB183-U.jpg","185,1"
"ORCB183-V","ORCB183-V.jpg","174,9"
"ORCB183-W","ORCB183-W.jpg","177,4"
"ORCB183-X","ORCB183-X.jpg","188,9"
"ORCB183-Y","ORCB183-Y.jpg","168,7"
"ORCB183-Z","ORCB183-Z.jpg","178,6"
"ORCB199","ORCB199.jpg","255"
"ORCB20","ORCB20.jpg","251,7"
"ORCB200","ORCB200.jpg","255"
"ORCB201","ORCB201.jpg","255"
"ORCB202","ORCB202.jpg","255"
"ORCB203","ORCB203.jpg","255"
"ORCB204","ORCB204.jpg","255"
"ORCB205","ORCB205.jpg","255"
"ORCB206","ORCB206.jpg","255"
"ORCB208","ORCB208.jpg","254,9"
"ORCB209","ORCB209.jpg","254,9"
"ORCB21","ORCB21.jpg","252,6"
"ORCB210","ORCB210.jpg","255"
"ORCB211","ORCB211.jpg","254,9"
"ORCB212","ORCB212.jpg","254,9"
"ORCB213","ORCB213.jpg","255"
"ORCB214","ORCB214-2.jpg","12,6"
"ORCB214","ORCB214-3.jpg","254"
"ORCB214","ORCB214-4.jpg","203,2"
"ORCB214","ORCB214.jpg","249,6"
"ORCB215","ORCB215.jpg","254,9"
"ORCB216","ORCB216.jpg","255"
"ORCB217","ORCB217.jpg","255"
"ORCB218","ORCB218.jpg","255"
"ORCB219","ORCB219.jpg","254"
"ORCB22","ORCB22.jpg","251,3"
"ORCB220","ORCB220.jpg","254"
"ORCB221","ORCB221.jpg","254,4"
"ORCB23","ORCB23.jpg","247,1"
"ORCB25","ORCB25.jpg","254,1"
"ORCB26","ORCB26.jpg","249,2"
"ORCB27","ORCB27.jpg","252,1"
"ORCB28","ORCB28.jpg","252,7"
"ORCB29","ORCB29.jpg","255"
"ORCB30","ORCB30.jpg","254,3"
"ORCB32-Agr","ORCB32-Agr.jpg","252,6"
"ORCB32-Ari","ORCB32-Ari.jpg","249,5"
"ORCB32-Cap","ORCB32-Cap.jpg","250"
"ORCB32-Cnc","ORCB32-Cnc.jpg","246,2"
"ORCB32-Gem","ORCB32-Gem.jpg","250,6"
"ORCB32-Leo","ORCB32-Leo.jpg","251,4"
"ORCB32-Lib","ORCB32-Lib.jpg","249,8"
"ORCB32-Psc","ORCB32-Psc.jpg","246,3"
"ORCB32-Sco","ORCB32-Sco.jpg","249,8"
"ORCB32-Sgr","ORCB32-Sgr.jpg","243,2"
"ORCB32-Tau","ORCB32-Tau.jpg","248,1"
"ORCB32-Vir","ORCB32-Vir.jpg","248,3"
"ORCB33-BL","ORCB33-BL.jpg","253,2"
"ORCB33-F","ORCB33-F.jpg","252,1"
"ORCB33-G","ORCB33-G.jpg","249,3"
"ORCB33-L","ORCB33-L.jpg","251"
"ORCB33-LV","ORCB33-LV.jpg","254,2"
"ORCB33-M","ORCB33-M.jpg","254,5"
"ORCB33-P","ORCB33-P.jpg","250,4"
"ORCB33-PL","ORCB33-PL.jpg","254,9"
"ORCB33-Q","ORCB33-Q.jpg","251,7"
"ORCB33-R","ORCB33-R.jpg","253,8"
"ORCB33-W","ORCB33-W.jpg","254,9"
"ORCB33-X","ORCB33-X.jpg","254,3"
"ORCB34","ORCB34.jpg","254,8"
"ORCB35","ORCB35.jpg","255"
"ORCB36","ORCB36.jpg","253,2"
"ORCB37","ORCB37.jpg","254,3"
"ORCB38","ORCB38.jpg","254,7"
"ORCB39","ORCB39.jpg","255"
"ORCB40","ORCB40.jpg","254,9"
"ORCB41","ORCB41.jpg","252,6"
"ORCB42","ORCB42.jpg","252,3"
"ORCB43","ORCB43.jpg","254,1"
"ORCB44","ORCB44.jpg","253,5"
"ORCB45","ORCB45.jpg","254,9"
"ORCB46","ORCB46.jpg","252,5"
"ORCB47","ORCB47.jpg","253,5"
"ORCB48","ORCB48.jpg","254,1"
"ORCB49","ORCB49.jpg","254,7"
"ORCB50","ORCB50.jpg","255"
"ORCB51","ORCB51.jpg","255"
"ORCB52","ORCB52.jpg","251,9"
"ORCB53","ORCB53.jpg","254,6"
"ORCB54","ORCB54.jpg","254,1"
"ORCB55","ORCB55.jpg","254,8"
"ORCB56","ORCB56.jpg","255"
"ORCB58","ORCB58.jpg","255"
"ORCB59","ORCB59.jpg","255"
"ORCB60","ORCB60.jpg","255"
"ORCB61","ORCB61.jpg","255"
"ORCB62","ORCB62.jpg","255"
"ORCB63","ORCB63.jpg","254,9"
"ORCB64","ORCB64.jpg","254,3"
"ORCB65","ORCB65.jpg","253,5"
"ORCB66","ORCB66.jpg","253,7"
"ORCB67","ORCB67.jpg","255"
"ORCB70","ORCB70.jpg","253,9"
"ORCB71","ORCB71.jpg","254,9"
"ORCB73","ORCB73.jpg","248,5"
"ORCB74","ORCB74.jpg","254,9"
"ORCB76","ORCB76.jpg","254,8"
"ORCB77","ORCB77.jpg","255"
"ORCB78","ORCB78.jpg","253"
"ORCB79","ORCB79.jpg","254,8"
"ORCB80","ORCB80.jpg","255"
"ORCB81","ORCB81.jpg","244,8"
"ORCB82","ORCB82.jpg","254,8"
"ORCB83","ORCB83.jpg","255"
"ORCB84","ORCB84.jpg","255"
"ORCB85","ORCB85.jpg","255"
"ORCB86","ORCB86.jpg","255"
"ORCB88","ORCB88.jpg","246"
"ORCB89","ORCB89.jpg","252,9"
"ORCBB01-17","ORCBB01-17-2.jpg","252"
"ORCBB01-17","ORCBB01-17-3.jpg","252,8"
"ORCBB01-17","ORCBB01-17-4.jpg","253"
"ORCBB01","ORCBB01-17.jpg","245,5"
"ORCBB01-19","ORCBB01-19-2.jpg","252"
"ORCBB01-19","ORCBB01-19-3.jpg","252,8"
"ORCBB01-19","ORCBB01-19-4.jpg","253"
"ORCBB01","ORCBB01-19.jpg","245,5"
"ORCBB01-21","ORCBB01-21-2.jpg","252"
"ORCBB01-21","ORCBB01-21-3.jpg","252,8"
"ORCBB01-21","ORCBB01-21-4.jpg","253"
"ORCBB01","ORCBB01-21.jpg","245,5"
"ORGCB05-P-18","ORGCB05-P-18-2.jpg","255"
"ORGCB05-P-18","ORGCB05-P-18-3.jpg","255"
"ORGCB05-P-18","ORGCB05-P-18-4.jpg","254,8"
"ORGCB05-P","ORGCB05-P-18.jpg","242,2"
"ORGCB06-P","ORGCB06-P-2.jpg","254,8"
"ORGCB06-P","ORGCB06-P-3.jpg","255"
"ORGCB06-P","ORGCB06-P-4.jpg","250,4"
"ORGCB06-P","ORGCB06-P.jpg","245,6"
"ORGCB07-18K","ORGCB07-18K-2.jpg","79,2"
"ORGCB07-18K","ORGCB07-18K-3.jpg","100,1"
"ORGCB07-18K","ORGCB07-18K-4.jpg","174,5"
"ORGCB07-18K","ORGCB07-18K.jpg","242,4"
"ORGCB07-P","ORGCB07-P-2.jpg","245,6"
"ORGCB07-P","ORGCB07-P-3.jpg","216,4"
"ORGCB07-P","ORGCB07-P-4.jpg","189,4"
"ORGCB07-P","ORGCB07-P.jpg","254,9"
"ORGCB08-18K","ORGCB08-18K-2.jpg","242,4"
"ORGCB08-18K","ORGCB08-18K-3.jpg","254,7"
"ORGCB08-18K","ORGCB08-18K-4.jpg","95"
"ORGCB08-18K","ORGCB08-18K.jpg","255"
"ORGCB08-P","ORGCB08-P-2.jpg","245,6"
"ORGCB08-P","ORGCB08-P-3.jpg","255"
"ORGCB08-P","ORGCB08-P-4.jpg","255"
"ORGCB08-P","ORGCB08-P.jpg","254,9"
"ORGCB09-P","ORGCB09-P-2.jpg","255"
"ORGCB09-P","ORGCB09-P-3.jpg","254,7"
"ORGCB09-P","ORGCB09-P-4.jpg","254,9"
"ORGCB09-P","ORGCB09-P.jpg","245,6"
"ORGCB10-P","ORGCB10-P-2.jpg","255"
"ORGCB10-P","ORGCB10-P-3.jpg","255"
"ORGCB10-P","ORGCB10-P-4.jpg","254,9"
"ORGCB10-P","ORGCB10-P.jpg","242,5"
"ORGCB175","ORGCB175-2.jpg","242,5"
"ORGCB175","ORGCB175-3.jpg","190,4"
"ORGCB175","ORGCB175-4.jpg","99,7"
"ORGCB175","ORGCB175.jpg","255"
"ORGCB181","ORGCB181-2.jpg","243,9"
"ORGCB181","ORGCB181-3.jpg","253"
"ORGCB181","ORGCB181-4.jpg","-62,3"
"ORGCB181","ORGCB181.jpg","239,3"
"ORGCB182-1","ORGCB182-1-2.jpg","255"
"ORGCB182-1","ORGCB182-1-3.jpg","193,7"
"ORGCB182-1","ORGCB182-1-4.jpg","197,4"
"ORGCB182","ORGCB182-1.jpg","250,4"
"ORGCB182-2","ORGCB182-2-2.jpg","254,8"
"ORGCB182-2","ORGCB182-2-3.jpg","193,9"
"ORGCB182-2","ORGCB182-2-4.jpg","197,6"
"ORGCB182","ORGCB182-2.jpg","250,4"
"ORGCB182-3","ORGCB182-3-2.jpg","255"
"ORGCB182-3","ORGCB182-3-3.jpg","193,7"
"ORGCB182-3","ORGCB182-3-4.jpg","197,4"
"ORGCB182","ORGCB182-3.jpg","250,4"
"ORGCB182-5","ORGCB182-5-2.jpg","255"
"ORGCB182-5","ORGCB182-5-3.jpg","193,7"
"ORGCB182-5","ORGCB182-5-4.jpg","197,3"
"ORGCB182","ORGCB182-5.jpg","250,4"
"ORGCB182-6","ORGCB182-6-2.jpg","255"
"ORGCB182-6","ORGCB182-6-3.jpg","194,8"
"ORGCB182-6","ORGCB182-6-4.jpg","198,4"
"ORGCB182","ORGCB182-6.jpg","250,4"
"ORGCB182-7","ORGCB182-7-2.jpg","255"
"ORGCB182-7","ORGCB182-7-3.jpg","193,9"
"ORGCB182-7","ORGCB182-7-4.jpg","197,6"
"ORGCB182","ORGCB182-7.jpg","250,4"
"ORGCB182-8","ORGCB182-8-2.jpg","255"
"ORGCB182-8","ORGCB182-8-3.jpg","194,3"
"ORGCB182-8","ORGCB182-8-4.jpg","198"
"ORGCB182","ORGCB182-8.jpg","250,4"
"ORGCB184-1","ORGCB184-1-2.jpg","254,9"
"ORGCB184-1","ORGCB184-1-3.jpg","183"
"ORGCB184-1","ORGCB184-1-4.jpg","186,9"
"ORGCB184","ORGCB184-1.jpg","250,4"
"ORGCB184-2","ORGCB184-2-2.jpg","255"
"ORGCB184-2","ORGCB184-2-3.jpg","183,1"
"ORGCB184-2","ORGCB184-2-4.jpg","186,9"
"ORGCB184","ORGCB184-2.jpg","250,4"
"ORGCB184-3","ORGCB184-3-2.jpg","255"
"ORGCB184-3","ORGCB184-3-3.jpg","182,6"
"ORGCB184-3","ORGCB184-3-4.jpg","186,7"
"ORGCB184","ORGCB184-3.jpg","250,3"
"ORGCB184-4","ORGCB184-4-2.jpg","255"
"ORGCB184-4","ORGCB184-4-3.jpg","182,8"
"ORGCB184-4","ORGCB184-4-4.jpg","186,7"
"ORGCB184","ORGCB184-4.jpg","250,4"
"ORGCB184-5","ORGCB184-5-2.jpg","253,4"
"ORGCB184-5","ORGCB184-5-3.jpg","183,8"
"ORGCB184-5","ORGCB184-5-4.jpg","187,6"
"ORGCB184","ORGCB184-5.jpg","250,4"
"ORGCB184-6","ORGCB184-6-2.jpg","254,9"
"ORGCB184-6","ORGCB184-6-3.jpg","183"
"ORGCB184-6","ORGCB184-6-4.jpg","186,9"
"ORGCB184","ORGCB184-6.jpg","250,4"
"ORGCB184-7","ORGCB184-7-2.jpg","255"
"ORGCB184-7","ORGCB184-7-3.jpg","183,1"
"ORGCB184-7","ORGCB184-7-4.jpg","186,8"
"ORGCB184","ORGCB184-7.jpg","250,4"
"ORGCB185-14K","ORGCB185-14K-2.jpg","243,9"
"ORGCB185-14K","ORGCB185-14K-3.jpg","-61,4"
"ORGCB185-14K","ORGCB185-14K-4.jpg","-59,4"
"ORGCB185-14K","ORGCB185-14K.jpg","239,3"
"ORGCB186-1","ORGCB186-1-2.jpg","254,7"
"ORGCB186-1","ORGCB186-1-3.jpg","185,4"
"ORGCB186-1","ORGCB186-1-4.jpg","189"
"ORGCB186","ORGCB186-1.jpg","250,4"
"ORGCB186-2","ORGCB186-2-2.jpg","254,7"
"ORGCB186-2","ORGCB186-2-3.jpg","187,7"
"ORGCB186-2","ORGCB186-2-4.jpg","191,1"
"ORGCB186","ORGCB186-2.jpg","250,4"
"ORGCB187-14K-1","ORGCB187-14K-1-2.jpg","255"
"ORGCB187-14K-1","ORGCB187-14K-1-3.jpg","187,9"
"ORGCB187-14K-1","ORGCB187-14K-1-4.jpg","192"
"ORGCB187-14K","ORGCB187-14K-1.jpg","250,4"
"ORGCB187-14K-2","ORGCB187-14K-2-2.jpg","255"
"ORGCB187-14K-2","ORGCB187-14K-2-3.jpg","188"
"ORGCB187-14K-2","ORGCB187-14K-2-4.jpg","192,1"
"ORGCB187-14K","ORGCB187-14K-2.jpg","250,4"
"ORGCB25","ORGCB25-2.jpg","245,6"
"ORGCB25","ORGCB25-3.jpg","251,6"
"ORGCB25","ORGCB25-4.jpg","254,7"
"ORGCB25","ORGCB25.jpg","255"
"ORGCB27","ORGCB27-2.jpg","245,6"
"ORGCB27","ORGCB27-3.jpg","255"
"ORGCB27","ORGCB27-4.jpg","252,5"
"ORGCB27","ORGCB27.jpg","254,8"
"ORGCB50P","ORGCB50P-2.jpg","253,3"
"ORGCB50P","ORGCB50P-3.jpg","255"
"ORGCB50P","ORGCB50P-4.jpg","255"
"ORGCB50P","ORGCB50P.jpg","242,5"
"ORGCB51-P","ORGCB51-P-2.jpg","254,6"
"ORGCB51-P","ORGCB51-P-3.jpg","174,3"
"ORGCB51-P","ORGCB51-P-4.jpg","95,8"
"ORGCB51-P","ORGCB51-P.jpg","242,6"
"ORGCB51-WY","ORGCB51-WY-2.jpg","254,5"
"ORGCB51-WY","ORGCB51-WY-3.jpg","159,7"
"ORGCB51-WY","ORGCB51-WY-4.jpg","83,3"
"ORGCB51-WY","ORGCB51-WY.jpg","242,6"
"ORGCB51-YL","ORGCB51-YL-2.jpg","253,9"
"ORGCB51-YL","ORGCB51-YL-3.jpg","160,2"
"ORGCB51-YL","ORGCB51-YL-4.jpg","86,2"
"ORGCB51-YL","ORGCB51-YL.jpg","242,6"
"ORGCB51-YP","ORGCB51-YP-2.jpg","254,2"
"ORGCB51-YP","ORGCB51-YP-3.jpg","163,5"
"ORGCB51-YP","ORGCB51-YP-4.jpg","113,4"
"ORGCB51-YP","ORGCB51-YP.jpg","242,6"
"ORGCB51-YR","ORGCB51-YR-2.jpg","253"
"ORGCB51-YR","ORGCB51-YR-3.jpg","169,7"
"ORGCB51-YR","ORGCB51-YR-4.jpg","75,4"
"ORGCB51-YR","ORGCB51-YR.jpg","242,6"
"ORGCB52-L","ORGCB52-L-2.jpg","254,5"
"ORGCB52-L","ORGCB52-L-3.jpg","242,6"
"ORGCB52-L","ORGCB52-L-4.jpg","167,1"
"ORGCB52-L","ORGCB52-L.jpg","152"
"ORGCB53-L","ORGCB53-L-2.jpg","252,9"
"ORGCB53-L","ORGCB53-L-3.jpg","242,6"
"ORGCB53-L","ORGCB53-L-4.jpg","160,5"
"ORGCB53-L","ORGCB53-L.jpg","152"
"ORGCB54-L","ORGCB54-L-2.jpg","252,9"
"ORGCB54-L","ORGCB54-L-3.jpg","242,6"
"ORGCB54-L","ORGCB54-L-4.jpg","249,6"
"ORGCB54-L","ORGCB54-L.jpg","152"
"ORGCB55-L","ORGCB55-L-2.jpg","252,4"
"ORGCB55-L","ORGCB55-L-3.jpg","242,6"
"ORGCB55-L","ORGCB55-L-4.jpg","249,2"
"ORGCB55-L","ORGCB55-L.jpg","152"
"ORGCB56-B","ORGCB56-B-2.jpg","242,6"
"ORGCB56-B","ORGCB56-B-3.jpg","164,6"
"ORGCB56-B","ORGCB56-B-4.jpg","165,2"
"ORGCB56-B","ORGCB56-B.jpg","246,2"
"ORGCB56-L","ORGCB56-L.jpg","249,7"
"ORGCB56-R","ORGCB56-R.jpg","250,7"
"ORGCB57-Z","ORGCB57-Z-2.jpg","242,6"
"ORGCB57-Z","ORGCB57-Z-3.jpg","249,1"
"ORGCB57-Z","ORGCB57-Z-4.jpg","162,8"
"ORGCB57-Z","ORGCB57-Z.jpg","246,3"
"ORGCB58-LVR","ORGCB58-LVR-2.jpg","251"
"ORGCB58-LVR","ORGCB58-LVR-3.jpg","250,3"
"ORGCB58-LVR","ORGCB58-LVR-4.jpg","199,3"
"ORGCB58-LVR","ORGCB58-LVR.jpg","242,6"
"ORGCBB1-17-B","ORGCBB1-17-B-2.jpg","244,6"
"ORGCBB1-17-B","ORGCBB1-17-B-3.jpg","244,6"
"ORGCBB1-17-B","ORGCBB1-17-B-4.jpg","249,3"
"ORGCBB1-17-B","ORGCBB1-17-B.jpg","244,6"
"ORGCBB1-17-G","ORGCBB1-17-G-2.jpg","249,3"
"ORGCBB1-17-G","ORGCBB1-17-G-3.jpg","255"
"ORGCBB1-17-G","ORGCBB1-17-G-4.jpg","116,1"
"ORGCBB1-17-G","ORGCBB1-17-G.jpg","244,6"
"ORGCBB1-17-K","ORGCBB1-17-K-2.jpg","249,3"
"ORGCBB1-17-K","ORGCBB1-17-K-3.jpg","255"
"ORGCBB1-17-K","ORGCBB1-17-K-4.jpg","119,8"
"ORGCBB1-17-K","ORGCBB1-17-K.jpg","244,6"
"ORGCBB1-17-R","ORGCBB1-17-R-2.jpg","244,6"
"ORGCBB1-17-R","ORGCBB1-17-R-3.jpg","255"
"ORGCBB1-17-R","ORGCBB1-17-R.jpg","249,3"
"ORGCBB1-17-W","ORGCBB1-17-W-2.jpg","249,3"
"ORGCBB1-17-W","ORGCBB1-17-W-3.jpg","255"
"ORGCBB1-17-W","ORGCBB1-17-W.jpg","244,6"
"ORGCBB1-19-B","ORGCBB1-19-B-2.jpg","244,6"
"ORGCBB1-19-B","ORGCBB1-19-B-3.jpg","244,6"
"ORGCBB1-19-B","ORGCBB1-19-B-4.jpg","249,3"
"ORGCBB1-19-B","ORGCBB1-19-B.jpg","244,6"
"ORGCBB1-19-G","ORGCBB1-19-G-2.jpg","249,3"
"ORGCBB1-19-G","ORGCBB1-19-G-3.jpg","255"
"ORGCBB1-19-G","ORGCBB1-19-G-4.jpg","116,1"
"ORGCBB1-19-G","ORGCBB1-19-G.jpg","244,6"
"ORGCBB1-19-K","ORGCBB1-19-K-2.jpg","249,3"
"ORGCBB1-19-K","ORGCBB1-19-K-3.jpg","255"
"ORGCBB1-19-K","ORGCBB1-19-K-4.jpg","119,8"
"ORGCBB1-19-K","ORGCBB1-19-K.jpg","244,6"
"ORGCBB1-19-R","ORGCBB1-19-R-2.jpg","244,6"
"ORGCBB1-19-R","ORGCBB1-19-R-3.jpg","255"
"ORGCBB1-19-R","ORGCBB1-19-R.jpg","249,3"
"ORGCBB1-19-W","ORGCBB1-19-W-2.jpg","249,3"
"ORGCBB1-19-W","ORGCBB1-19-W-3.jpg","255"
"ORGCBB1-19-W","ORGCBB1-19-W.jpg","244,6"
"ORGCBB1-21-B","ORGCBB1-21-B-2.jpg","244,6"
"ORGCBB1-21-B","ORGCBB1-21-B-3.jpg","244,6"
"ORGCBB1-21-B","ORGCBB1-21-B-4.jpg","249,3"
"ORGCBB1-21-B","ORGCBB1-21-B.jpg","244,6"
"ORGCBB1-21-K","ORGCBB1-21-K-2.jpg","249,3"
"ORGCBB1-21-K","ORGCBB1-21-K-3.jpg","255"
"ORGCBB1-21-K","ORGCBB1-21-K-4.jpg","119,8"
"ORGCBB1-21-K","ORGCBB1-21-K.jpg","244,6"
"ORGCBB1-21-R","ORGCBB1-21-R-2.jpg","244,6"
"ORGCBB1-21-R","ORGCBB1-21-R-3.jpg","255"
"ORGCBB1-21-R","ORGCBB1-21-R.jpg","249,3"
"ORGCBB1-21-W","ORGCBB1-21-W-2.jpg","249,3"
"ORGCBB1-21-W","ORGCBB1-21-W-3.jpg","255"
"ORGCBB1-21-W","ORGCBB1-21-W.jpg","244,6"
"ORPA0010","ORPA0010-2.jpg","163,9"
"ORPA0010","ORPA0010-3.jpg","174,4"
"ORPA0010","ORPA0010.jpg","255"
"ORPA0035","ORPA0035-2.jpg","181,7"
"ORPA0035","ORPA0035-3.jpg","182,4"
"ORPA0035","ORPA0035.jpg","255"
"ORPA0094","ORPA0094-2.jpg","165,2"
"ORPA0094","ORPA0094.jpg","166,9"
"ORPA0097","ORPA0097-2.jpg","160,8"
"ORPA0097","ORPA0097-3.jpg","255"
"ORPA0097","ORPA0097.jpg","170,1"
"ORPA0107","ORPA0107-2.jpg","181,6"
"ORPA0107","ORPA0107-3.jpg","186,1"
"ORPA0107","ORPA0107.jpg","255"
"ORPA0123","ORPA0123-2.jpg","195"
"ORPA0123","ORPA0123.jpg","181,4"
"ORPA0132","ORPA0132-2.jpg","195,2"
"ORPA0132","ORPA0132-3.jpg","224,7"
"ORPA0132","ORPA0132.jpg","255"
"ORPA0142","ORPA0142-2.jpg","164,5"
"ORPA0142","ORPA0142.jpg","255"
"ORPA0147","ORPA0147-2.jpg","176,4"
"ORPA0147","ORPA0147.jpg","255"
"ORPA0149","ORPA0149-2.jpg","168,8"
"ORPA0149","ORPA0149-3.jpg","174,9"
"ORPA0149","ORPA0149.jpg","255"
"ORPA034","ORPA034-2.jpg","168,7"
"ORPA034","ORPA034-3.jpg","255"
"ORPA034","ORPA034.jpg","174,8"
