"Folder","File","W","H","KB"
"E:\HD PICTURE\ORCB214","333.jpg","800","800","258"
"E:\HD PICTURE\ORCB214","CB214-MAIN-IMG_00-S.jpg","800","800","191"
"E:\HD PICTURE\ORCB214","CB214-MAIN-IMG_0079-(1)-S.jpg","800","800","105"
"E:\HD PICTURE\ORCB214","CB214-MAIN-IMG_0079-(2)-S.jpg","800","800","178"
"E:\HD PICTURE\ORCB214","CB214-MAIN-IMG_0079-(3)-S.jpg","800","800","147"
"E:\HD PICTURE\Orloff customized design\CBB01","1.jpg","1001","1001","266"
"E:\HD PICTURE\Orloff customized design\CBB01","12.jpg","970","658","124"
"E:\HD PICTURE\Orloff customized design\CBB01","122.jpg","970","701","168"
"E:\HD PICTURE\Orloff customized design\CBB01","13.jpg","970","668","157"
"E:\HD PICTURE\Orloff customized design\CBB01","2.jpg","1001","1001","266"
"E:\HD PICTURE\Orloff customized design\CBB01","3.jpg","1001","1001","266"
"E:\HD PICTURE\Orloff customized design\CBB01","30.jpg","970","695","166"
"E:\HD PICTURE\Orloff customized design\CBB01","IMG_0815.jpg","1001","1001","217"
"E:\HD PICTURE\Orloff customized design\CBB01","IMG_0822.jpg","1001","1001","502"
"E:\HD PICTURE\Orloff customized design\CBB01","IMG_0837.jpg","1001","1001","484"
"E:\HD PICTURE\Orloff customized design\GCB05","03.jpg","1001","1001","201"
"E:\HD PICTURE\Orloff customized design\GCB05","1.jpg","970","739","74"
"E:\HD PICTURE\Orloff customized design\GCB05","2.jpg","970","719","171"
"E:\HD PICTURE\Orloff customized design\GCB05","GCB05.jpg","1001","1001","99"
"E:\HD PICTURE\Orloff customized design\GCB05","IMG_0188.jpg","1001","1001","474"
"E:\HD PICTURE\Orloff customized design\GCB05","IMG_0310.jpg","1001","1001","410"
"E:\HD PICTURE\Orloff customized design\GCB05","IMG_0469.jpg","1001","1001","543"
"E:\HD PICTURE\Orloff customized design\GCB05","IMG_9370.jpg","1001","1001","213"
"E:\HD PICTURE\Orloff customized design\GCB06","1.jpg","1001","1001","416"
"E:\HD PICTURE\Orloff customized design\GCB06","2.jpg","970","728","237"
"E:\HD PICTURE\Orloff customized design\GCB06","GCB06.jpg","970","644","174"
"E:\HD PICTURE\Orloff customized design\GCB06","IMG_0095.jpg","1001","1001","325"
"E:\HD PICTURE\Orloff customized design\GCB06","IMG_0135.jpg","1001","1001","487"
"E:\HD PICTURE\Orloff customized design\GCB06","IMG_0324.jpg","1001","1001","461"
"E:\HD PICTURE\Orloff customized design\GCB06","IMG_0536.jpg","1001","1001","558"
"E:\HD PICTURE\Orloff customized design\GCB07-18K","1.jpg","1001","1001","368"
"E:\HD PICTURE\Orloff customized design\GCB07-18K","IMG_2049.jpg","1001","1001","527"
"E:\HD PICTURE\Orloff customized design\GCB07-18K","IMG_2287.jpg","1001","1001","428"
"E:\HD PICTURE\Orloff customized design\GCB07-18K","IMG_3062.jpg","1001","1001","430"
"E:\HD PICTURE\Orloff customized design\GCB07-18K","IMG_9307.jpg","1001","1001","295"
"E:\HD PICTURE\Orloff customized design\GCB07-P","1.jpg","1001","1001","388"
"E:\HD PICTURE\Orloff customized design\GCB07-P","GCB07-P.jpg","1001","1002","227"
"E:\HD PICTURE\Orloff customized design\GCB07-P","IMG_0174.jpg","1001","1001","482"
"E:\HD PICTURE\Orloff customized design\GCB07-P","IMG_0330.jpg","1001","1001","419"
"E:\HD PICTURE\Orloff customized design\GCB07-P","IMG_0528.jpg","1001","1001","571"
"E:\HD PICTURE\Orloff customized design\GCB07-P","IMG_9307.jpg","1001","1001","340"
"E:\HD PICTURE\Orloff customized design\GCB08-18K","1.jpg","970","731","124"
"E:\HD PICTURE\Orloff customized design\GCB08-18K","2.jpg","1001","1001","212"
"E:\HD PICTURE\Orloff customized design\GCB08-18K","3.jpg","970","747","187"
"E:\HD PICTURE\Orloff customized design\GCB08-18K","IMG_2257.jpg","1001","1001","588"
"E:\HD PICTURE\Orloff customized design\GCB08-18K","IMG_2513.jpg","1001","1001","414"
"E:\HD PICTURE\Orloff customized design\GCB08-18K","IMG_3065.jpg","1001","1001","520"
"E:\HD PICTURE\Orloff customized design\GCB08-18K","IMG_9384.jpg","1001","1001","115"
"E:\HD PICTURE\Orloff customized design\GCB08-P","1.jpg","1001","1001","256"
"E:\HD PICTURE\Orloff customized design\GCB08-P","2.jpg","970","717","87"
"E:\HD PICTURE\Orloff customized design\GCB08-P","3.jpg","970","721","139"
"E:\HD PICTURE\Orloff customized design\GCB08-P","GCB08-P.jpg","1001","1001","63"
"E:\HD PICTURE\Orloff customized design\GCB08-P","IMG_0179.jpg","1001","1001","460"
"E:\HD PICTURE\Orloff customized design\GCB08-P","IMG_0319.jpg","1001","1001","412"
"E:\HD PICTURE\Orloff customized design\GCB08-P","IMG_0410.jpg","1001","1001","539"
"E:\HD PICTURE\Orloff customized design\GCB08-P","IMG_9384.jpg","1001","1001","181"
"E:\HD PICTURE\Orloff customized design\GCB09","1.jpg","1001","1001","316"
"E:\HD PICTURE\Orloff customized design\GCB09","2.jpg","970","741","110"
"E:\HD PICTURE\Orloff customized design\GCB09","3.jpg","970","726","180"
"E:\HD PICTURE\Orloff customized design\GCB09","GCB09.jpg","1001","1001","91"
"E:\HD PICTURE\Orloff customized design\GCB09","IMG_0166.jpg","1001","1001","522"
"E:\HD PICTURE\Orloff customized design\GCB09","IMG_0313.jpg","1001","1001","422"
"E:\HD PICTURE\Orloff customized design\GCB09","IMG_0476.jpg","1001","1001","513"
"E:\HD PICTURE\Orloff customized design\GCB09","IMG_9366.jpg","1001","1001","219"
"E:\HD PICTURE\GCB108","1 (2).jpg","1001","1001","256"
"E:\HD PICTURE\GCB108","1.jpg","970","600","116"
"E:\HD PICTURE\GCB108","GCB108-1.jpg","1001","1001","787"
"E:\HD PICTURE\GCB108","GCB108-2.jpg","1001","1001","472"
"E:\HD PICTURE\GCB108","GCB108-3.jpg","1001","1001","288"
"E:\HD PICTURE\GCB108","GCB108.jpg","1001","1001","157"
"E:\HD PICTURE\GCB108","IMG_23460 (2).jpg","1001","1001","434"
"E:\HD PICTURE\GCB108","IMG_23460.jpg","970","600","227"
"E:\HD PICTURE\GCB108","IMG_9215 (2).jpg","1001","1001","757"
"E:\HD PICTURE\GCB108","IMG_9215.jpg","970","600","394"
"E:\HD PICTURE\GCB108","IMG_9376-R.jpg","970","600","338"
"E:\HD PICTURE\GCB108","IMG_9376-S.jpg","1001","1001","727"
"E:\HD PICTURE\GCB108","IMG_9376.jpg","1001","1001","743"
"E:\HD PICTURE\GCB109","2 (2).jpg","1001","1001","209"
"E:\HD PICTURE\GCB109","2.jpg","970","600","100"
"E:\HD PICTURE\GCB109","GCB109-1.jpg","1001","1001","240"
"E:\HD PICTURE\GCB109","GCB109-2.jpg","1001","1001","646"
"E:\HD PICTURE\GCB109","GCB109-3.jpg","1001","1001","461"
"E:\HD PICTURE\GCB109","GCB109.jpg","1001","1001","122"
"E:\HD PICTURE\GCB109","IMG_23462 (2).jpg","1001","1001","423"
"E:\HD PICTURE\GCB109","IMG_23462.jpg","970","600","233"
"E:\HD PICTURE\GCB109","IMG_9210 (2).jpg","1001","1001","623"
"E:\HD PICTURE\GCB109","IMG_9210.jpg","970","600","340"
"E:\HD PICTURE\GCB109","IMG_9375-R.jpg","970","600","338"
"E:\HD PICTURE\GCB109","IMG_9378.jpg","1001","1001","750"
"E:\HD PICTURE\GCB109","IMG_9379-S.jpg","1001","1001","716"
"E:\HD PICTURE\Orloff customized design\GCB10","07.jpg","1001","1001","206"
"E:\HD PICTURE\Orloff customized design\GCB10","1.jpg","970","650","86"
"E:\HD PICTURE\Orloff customized design\GCB10","2.jpg","970","734","182"
"E:\HD PICTURE\Orloff customized design\GCB10","GCB10.jpg","1001","1001","71"
"E:\HD PICTURE\Orloff customized design\GCB10","IMG_0159.jpg","1001","1001","180"
"E:\HD PICTURE\Orloff customized design\GCB10","IMG_0161.jpg","1001","1001","467"
"E:\HD PICTURE\Orloff customized design\GCB10","IMG_0315.jpg","1001","1001","453"
"E:\HD PICTURE\Orloff customized design\GCB10","IMG_0425.jpg","1001","1001","548"
"E:\HD PICTURE\GCB110","4 (2).jpg","1001","1001","193"
"E:\HD PICTURE\GCB110","4.jpg","970","600","95"
"E:\HD PICTURE\GCB110","GCB110-1.jpg","1001","1001","224"
"E:\HD PICTURE\GCB110","GCB110-2.jpg","1001","1001","775"
"E:\HD PICTURE\GCB110","GCB110-3.jpg","1001","1001","477"
"E:\HD PICTURE\GCB110","GCB110.jpg","1001","1001","119"
"E:\HD PICTURE\GCB110","IMG_23461 (2).jpg","1001","1001","439"
"E:\HD PICTURE\GCB110","IMG_23461.jpg","970","600","221"
"E:\HD PICTURE\GCB110","IMG_9223 (2).jpg","1001","1001","746"
"E:\HD PICTURE\GCB110","IMG_9223.jpg","970","600","381"
"E:\HD PICTURE\GCB110","IMG_9378-R.jpg","970","600","338"
"E:\HD PICTURE\GCB110","IMG_9378-S.jpg","1001","1001","735"
"E:\HD PICTURE\GCB110","IMG_9379.jpg","1001","1001","736"
"E:\HD PICTURE\Orloff customized design\GCB11","02.jpg","1001","1001","186"
"E:\HD PICTURE\Orloff customized design\GCB11","GCB11.jpg","1001","1001","98"
"E:\HD PICTURE\Orloff customized design\GCB11","IMG_0138.jpg","1001","1001","461"
"E:\HD PICTURE\Orloff customized design\GCB11","IMG_0297.jpg","1001","1001","420"
"E:\HD PICTURE\Orloff customized design\GCB11","IMG_0481.jpg","1001","1001","594"
"E:\HD PICTURE\Orloff customized design\GCB11","IMG_9377.jpg","1001","1001","218"
"E:\HD PICTURE\Orloff customized design\GCB12","004.jpg","1001","1001","343"
"E:\HD PICTURE\Orloff customized design\GCB12","GCB12.jpg","1001","1001","111"
"E:\HD PICTURE\Orloff customized design\GCB12","IMG_0163.jpg","1001","1001","509"
"E:\HD PICTURE\Orloff customized design\GCB12","IMG_0300.jpg","1001","1001","423"
"E:\HD PICTURE\Orloff customized design\GCB12","IMG_0451.jpg","1001","1001","528"
"E:\HD PICTURE\Orloff customized design\GCB12","IMG_9360.jpg","1001","1001","228"
"E:\HD PICTURE\GCB175","6 (2).jpg","1001","1001","210"
"E:\HD PICTURE\GCB175","6.jpg","970","600","148"
"E:\HD PICTURE\GCB175","GCB175-1.jpg","1001","1001","241"
"E:\HD PICTURE\GCB175","GCB175-2.jpg","1001","1001","659"
"E:\HD PICTURE\GCB175","GCB175-3.jpg","1001","1001","473"
"E:\HD PICTURE\GCB175","GCB175.jpg","1001","1001","169"
"E:\HD PICTURE\GCB175","IMG_23466 (2).jpg","1001","1001","434"
"E:\HD PICTURE\GCB175","IMG_23466.jpg","970","600","218"
"E:\HD PICTURE\GCB175","IMG_9230 (2).jpg","1001","1001","630"
"E:\HD PICTURE\GCB175","IMG_9230.jpg","970","600","319"
"E:\HD PICTURE\GCB176","7 (2).jpg","1001","1001","235"
"E:\HD PICTURE\GCB176","7.jpg","970","600","111"
"E:\HD PICTURE\GCB176","GCB176-1.jpg","1001","1001","267"
"E:\HD PICTURE\GCB176","GCB176-2.jpg","1001","1001","784"
"E:\HD PICTURE\GCB176","GCB176-3.jpg","1001","1001","484"
"E:\HD PICTURE\GCB176","GCB176.jpg","1001","1001","233"
"E:\HD PICTURE\GCB176","IMG_23464 (2).jpg","1001","1001","446"
"E:\HD PICTURE\GCB176","IMG_23464.jpg","970","600","222"
"E:\HD PICTURE\GCB176","IMG_9225 (2).jpg","1001","1001","762"
"E:\HD PICTURE\GCB176","IMG_9225.jpg","970","600","401"
"E:\HD PICTURE\GCB177","5 (2).jpg","1001","1001","243"
"E:\HD PICTURE\GCB177","5.jpg","970","600","114"
"E:\HD PICTURE\GCB177","GCB177-1.jpg","1001","1001","274"
"E:\HD PICTURE\GCB177","GCB177-2.jpg","1001","1001","727"
"E:\HD PICTURE\GCB177","GCB177-3.jpg","1001","1001","471"
"E:\HD PICTURE\GCB177","GCB177.jpg","1001","1001","234"
"E:\HD PICTURE\GCB177","IMG_23465 (2).jpg","1001","1001","431"
"E:\HD PICTURE\GCB177","IMG_23465.jpg","970","600","221"
"E:\HD PICTURE\GCB177","IMG_9228 (2).jpg","1001","1001","700"
"E:\HD PICTURE\GCB177","IMG_9228.jpg","970","600","341"
"E:\HD PICTURE\GCB178","3 (2).jpg","1001","1001","212"
"E:\HD PICTURE\GCB178","3.jpg","970","600","104"
"E:\HD PICTURE\GCB178","GCB178-1.jpg","1001","1001","245"
"E:\HD PICTURE\GCB178","GCB178-2.jpg","1001","1001","617"
"E:\HD PICTURE\GCB178","GCB178-3.jpg","1001","1001","481"
"E:\HD PICTURE\GCB178","GCB178.jpg","1001","1001","143"
"E:\HD PICTURE\GCB178","IMG_23463 (2).jpg","1001","1001","443"
"E:\HD PICTURE\GCB178","IMG_23463.jpg","970","600","225"
"E:\HD PICTURE\GCB178","IMG_86537.jpg","1001","1001","119"
"E:\HD PICTURE\GCB178","IMG_9219 (2).jpg","1001","1001","588"
"E:\HD PICTURE\GCB178","IMG_9219.jpg","970","600","300"
"E:\HD PICTURE\GCB178","IMG_9377-R.jpg","970","600","341"
"E:\HD PICTURE\GCB178","IMG_9377-S.jpg","1001","1001","737"
"E:\HD PICTURE\GCB178","IMG_9377.jpg","1001","1001","751"
"E:\HD PICTURE\GCB181","04-R.jpg","970","600","87"
"E:\HD PICTURE\GCB181","04-S.jpg","1001","1001","185"
"E:\HD PICTURE\GCB181","04.jpg","1001","1001","155"
"E:\HD PICTURE\GCB181","1.jpg","1299","806","104"
"E:\HD PICTURE\GCB181","14-R.jpg","970","600","281"
"E:\HD PICTURE\GCB181","14-S.jpg","1001","1001","623"
"E:\HD PICTURE\GCB181","14.jpg","1001","1001","604"
"E:\HD PICTURE\GCB181","4-R.jpg","970","600","286"
"E:\HD PICTURE\GCB181","4-S.jpg","1001","1001","431"
"E:\HD PICTURE\GCB181","4.jpg","1001","1001","506"
"E:\HD PICTURE\GCB181","IMG_9474-S.jpg","1001","1001","119"
"E:\HD PICTURE\GCB181","IMG_9474.jpg","1001","1001","88"
"E:\HD PICTURE\GCB181","IMG_9539-R.jpg","970","600","279"
"E:\HD PICTURE\GCB181","IMG_9539-S.jpg","1001","1001","508"
"E:\HD PICTURE\GCB181","IMG_9539.jpg","1001","1001","489"
"E:\HD PICTURE\GCB182-1","05-R.jpg","970","600","91"
"E:\HD PICTURE\GCB182-1","05-S.jpg","1001","1001","206"
"E:\HD PICTURE\GCB182-1","05.jpg","1001","1001","175"
"E:\HD PICTURE\GCB182-1","16-R.jpg","970","600","272"
"E:\HD PICTURE\GCB182-1","16-S.jpg","1001","1001","610"
"E:\HD PICTURE\GCB182-1","16.jpg","1001","1001","591"
"E:\HD PICTURE\GCB182-1","5-R.jpg","970","600","298"
"E:\HD PICTURE\GCB182-1","5-S.jpg","1001","1001","454"
"E:\HD PICTURE\GCB182-1","5.jpg","1001","1001","535"
"E:\HD PICTURE\GCB182-1","IMG_9481-S.jpg","1001","1001","179"
"E:\HD PICTURE\GCB182-1","IMG_9481.jpg","1001","1001","148"
"E:\HD PICTURE\GCB182-1","IMG_9512-S.jpg","1001","1001","176"
"E:\HD PICTURE\GCB182-1","IMG_9512.jpg","1245","711","168"
"E:\HD PICTURE\GCB182-1","IMG_95431-R.jpg","970","600","303"
"E:\HD PICTURE\GCB182-1","IMG_95431-S.jpg","1001","1001","544"
"E:\HD PICTURE\GCB182-1","IMG_95431.jpg","1001","1001","521"
"E:\HD PICTURE\GCB182-1","05-S.jpg","1001","1001","206"
"E:\HD PICTURE\GCB182-1","06-S.jpg","1001","1001","210"
"E:\HD PICTURE\GCB182-1","15-S.jpg","1001","1001","622"
"E:\HD PICTURE\GCB182-1","16-S.jpg","1001","1001","610"
"E:\HD PICTURE\GCB182-1","5-S.jpg","1001","1001","454"
"E:\HD PICTURE\GCB182-1","6-S.jpg","1001","1001","451"
"E:\HD PICTURE\GCB182-1","IMG_9481-S.jpg","1001","1001","179"
"E:\HD PICTURE\GCB182-1","IMG_9489-S.jpg","1001","1001","167"
"E:\HD PICTURE\GCB182-2","05-R.jpg","970","600","91"
"E:\HD PICTURE\GCB182-2","05-S.jpg","1001","1001","206"
"E:\HD PICTURE\GCB182-2","05.jpg","1001","1001","175"
"E:\HD PICTURE\GCB182-2","16-R.jpg","970","600","272"
"E:\HD PICTURE\GCB182-2","16-S.jpg","1001","1001","610"
"E:\HD PICTURE\GCB182-2","16.jpg","1001","1001","591"
"E:\HD PICTURE\GCB182-2","5-R.jpg","970","600","298"
"E:\HD PICTURE\GCB182-2","5-S.jpg","1001","1001","454"
"E:\HD PICTURE\GCB182-2","5.jpg","1001","1001","535"
"E:\HD PICTURE\GCB182-2","IMG_9481-S.jpg","1001","1001","179"
"E:\HD PICTURE\GCB182-2","IMG_9481.jpg","1001","1001","148"
"E:\HD PICTURE\GCB182-2","IMG_9509-S.jpg","1001","1001","184"
"E:\HD PICTURE\GCB182-2","IMG_9509.jpg","1203","749","178"
"E:\HD PICTURE\GCB182-2","IMG_95436-R.jpg","970","600","297"
"E:\HD PICTURE\GCB182-2","IMG_95436-S.jpg","1001","1001","554"
"E:\HD PICTURE\GCB182-2","IMG_95436.jpg","1001","1001","532"
"E:\HD PICTURE\GCB182-3","05-R.jpg","970","600","91"
"E:\HD PICTURE\GCB182-3","05-S.jpg","1001","1001","206"
"E:\HD PICTURE\GCB182-3","05.jpg","1001","1001","175"
"E:\HD PICTURE\GCB182-3","16-R.jpg","970","600","272"
"E:\HD PICTURE\GCB182-3","16-S.jpg","1001","1001","610"
"E:\HD PICTURE\GCB182-3","16.jpg","1001","1001","591"
"E:\HD PICTURE\GCB182-3","5-R.jpg","970","600","298"
"E:\HD PICTURE\GCB182-3","5-S.jpg","1001","1001","454"
"E:\HD PICTURE\GCB182-3","5.jpg","1001","1001","535"
"E:\HD PICTURE\GCB182-3","IMG_9481-S.jpg","1001","1001","179"
"E:\HD PICTURE\GCB182-3","IMG_9481.jpg","1001","1001","148"
"E:\HD PICTURE\GCB182-3","IMG_9503-S.jpg","1001","1001","173"
"E:\HD PICTURE\GCB182-3","IMG_9503.jpg","1211","746","165"
"E:\HD PICTURE\GCB182-3","IMG_95432-R.jpg","970","600","296"
"E:\HD PICTURE\GCB182-3","IMG_95432-S.jpg","1001","1001","546"
"E:\HD PICTURE\GCB182-3","IMG_95432.jpg","1001","1001","522"
"E:\HD PICTURE\GCB182-5","05-R.jpg","970","600","91"
"E:\HD PICTURE\GCB182-5","05-S.jpg","1001","1001","206"
"E:\HD PICTURE\GCB182-5","05.jpg","1001","1001","175"
"E:\HD PICTURE\GCB182-5","16-R.jpg","970","600","272"
"E:\HD PICTURE\GCB182-5","16-S.jpg","1001","1001","610"
"E:\HD PICTURE\GCB182-5","16.jpg","1001","1001","591"
"E:\HD PICTURE\GCB182-5","5-R.jpg","970","600","298"
"E:\HD PICTURE\GCB182-5","5-S.jpg","1001","1001","454"
"E:\HD PICTURE\GCB182-5","5.jpg","1001","1001","535"
"E:\HD PICTURE\GCB182-5","IMG_9481-S.jpg","1001","1001","179"
"E:\HD PICTURE\GCB182-5","IMG_9481.jpg","1001","1001","148"
"E:\HD PICTURE\GCB182-5","IMG_9504-S.jpg","1001","1001","196"
"E:\HD PICTURE\GCB182-5","IMG_9504.jpg","1227","782","194"
"E:\HD PICTURE\GCB182-5","IMG_95433-R.jpg","970","600","301"
"E:\HD PICTURE\GCB182-5","IMG_95433-S.jpg","1001","1001","571"
"E:\HD PICTURE\GCB182-5","IMG_95433.jpg","1001","1001","546"
"E:\HD PICTURE\GCB182-6","05-R.jpg","970","600","91"
"E:\HD PICTURE\GCB182-6","05-S.jpg","1001","1001","206"
"E:\HD PICTURE\GCB182-6","05.jpg","1001","1001","175"
"E:\HD PICTURE\GCB182-6","16-R.jpg","970","600","272"
"E:\HD PICTURE\GCB182-6","16-S.jpg","1001","1001","610"
"E:\HD PICTURE\GCB182-6","16.jpg","1001","1001","591"
"E:\HD PICTURE\GCB182-6","5-R.jpg","970","600","298"
"E:\HD PICTURE\GCB182-6","5-S.jpg","1001","1001","454"
"E:\HD PICTURE\GCB182-6","5.jpg","1001","1001","535"
"E:\HD PICTURE\GCB182-6","IMG_9481-S.jpg","1001","1001","179"
"E:\HD PICTURE\GCB182-6","IMG_9481.jpg","1001","1001","148"
"E:\HD PICTURE\GCB182-6","IMG_9507-S.jpg","1001","1001","175"
"E:\HD PICTURE\GCB182-6","IMG_9507.jpg","1188","717","169"
"E:\HD PICTURE\GCB182-6","IMG_95435-R.jpg","970","600","308"
"E:\HD PICTURE\GCB182-6","IMG_95435-S.jpg","1001","1001","554"
"E:\HD PICTURE\GCB182-6","IMG_95435.jpg","1001","1001","531"
"E:\HD PICTURE\GCB182-7","05-R.jpg","970","600","91"
"E:\HD PICTURE\GCB182-7","05-S.jpg","1001","1001","206"
"E:\HD PICTURE\GCB182-7","05.jpg","1001","1001","175"
"E:\HD PICTURE\GCB182-7","16-R.jpg","970","600","272"
"E:\HD PICTURE\GCB182-7","16-S.jpg","1001","1001","610"
"E:\HD PICTURE\GCB182-7","16.jpg","1001","1001","591"
"E:\HD PICTURE\GCB182-7","5-R.jpg","970","600","298"
"E:\HD PICTURE\GCB182-7","5-S.jpg","1001","1001","454"
"E:\HD PICTURE\GCB182-7","5.jpg","1001","1001","535"
"E:\HD PICTURE\GCB182-7","IMG_9481-S.jpg","1001","1001","179"
"E:\HD PICTURE\GCB182-7","IMG_9481.jpg","1001","1001","148"
"E:\HD PICTURE\GCB182-7","IMG_9505-S.jpg","1001","1001","172"
"E:\HD PICTURE\GCB182-7","IMG_9505.jpg","1230","761","168"
"E:\HD PICTURE\GCB182-7","IMG_95434-R.jpg","970","600","308"
"E:\HD PICTURE\GCB182-7","IMG_95434-S.jpg","1001","1001","549"
"E:\HD PICTURE\GCB182-7","IMG_95434.jpg","1001","1001","526"
"E:\HD PICTURE\GCB182-8","05-R.jpg","970","600","91"
"E:\HD PICTURE\GCB182-8","05-S.jpg","1001","1001","206"
"E:\HD PICTURE\GCB182-8","05.jpg","1001","1001","175"
"E:\HD PICTURE\GCB182-8","16-R.jpg","970","600","272"
"E:\HD PICTURE\GCB182-8","16-S.jpg","1001","1001","610"
"E:\HD PICTURE\GCB182-8","16.jpg","1001","1001","591"
"E:\HD PICTURE\GCB182-8","5-R.jpg","970","600","298"
"E:\HD PICTURE\GCB182-8","5-S.jpg","1001","1001","454"
"E:\HD PICTURE\GCB182-8","5.jpg","1001","1001","535"
"E:\HD PICTURE\GCB182-8","IMG_9481-S.jpg","1001","1001","179"
"E:\HD PICTURE\GCB182-8","IMG_9481.jpg","1001","1001","148"
"E:\HD PICTURE\GCB182-8","IMG_9511-S.jpg","1001","1001","173"
"E:\HD PICTURE\GCB182-8","IMG_9511.jpg","1200","754","166"
"E:\HD PICTURE\GCB182-8","IMG_95437-R.jpg","970","600","297"
"E:\HD PICTURE\GCB182-8","IMG_95437-S.jpg","1001","1001","547"
"E:\HD PICTURE\GCB182-8","IMG_95437.jpg","1001","1001","523"
"E:\HD PICTURE\GCB184-1","06-R.jpg","970","600","91"
"E:\HD PICTURE\GCB184-1","06-S.jpg","1001","1001","210"
"E:\HD PICTURE\GCB184-1","06.jpg","1001","1001","180"
"E:\HD PICTURE\GCB184-1","15-R.jpg","970","600","279"
"E:\HD PICTURE\GCB184-1","15-S.jpg","1001","1001","622"
"E:\HD PICTURE\GCB184-1","15.jpg","1001","1001","602"
"E:\HD PICTURE\GCB184-1","6-R.jpg","970","600","291"
"E:\HD PICTURE\GCB184-1","6-S.jpg","1001","1001","451"
"E:\HD PICTURE\GCB184-1","6.jpg","1001","1001","529"
"E:\HD PICTURE\GCB184-1","IMG_9489-S.jpg","1001","1001","167"
"E:\HD PICTURE\GCB184-1","IMG_9489.jpg","1001","1001","136"
"E:\HD PICTURE\GCB184-1","IMG_9494-S.jpg","1001","1001","194"
"E:\HD PICTURE\GCB184-1","IMG_9494.jpg","1287","767","192"
"E:\HD PICTURE\GCB184-1","IMG_95413-R.jpg","970","600","301"
"E:\HD PICTURE\GCB184-1","IMG_95413-S.jpg","1001","1001","572"
"E:\HD PICTURE\GCB184-1","IMG_95413.jpg","1001","1001","546"
"E:\HD PICTURE\GCB184-1","05.jpg","1001","1001","175"
"E:\HD PICTURE\GCB184-1","06.jpg","1001","1001","180"
"E:\HD PICTURE\GCB184-1","15.jpg","1001","1001","602"
"E:\HD PICTURE\GCB184-1","16.jpg","1001","1001","591"
"E:\HD PICTURE\GCB184-1","5.jpg","1001","1001","535"
"E:\HD PICTURE\GCB184-1","6.jpg","1001","1001","529"
"E:\HD PICTURE\GCB184-1","IMG_9481.jpg","1001","1001","148"
"E:\HD PICTURE\GCB184-1","IMG_9489.jpg","1001","1001","136"
"E:\HD PICTURE\GCB184-2","06-R.jpg","970","600","91"
"E:\HD PICTURE\GCB184-2","06-S.jpg","1001","1001","210"
"E:\HD PICTURE\GCB184-2","06.jpg","1001","1001","180"
"E:\HD PICTURE\GCB184-2","15-R.jpg","970","600","279"
"E:\HD PICTURE\GCB184-2","15-S.jpg","1001","1001","622"
"E:\HD PICTURE\GCB184-2","15.jpg","1001","1001","602"
"E:\HD PICTURE\GCB184-2","6-R.jpg","970","600","291"
"E:\HD PICTURE\GCB184-2","6-S.jpg","1001","1001","451"
"E:\HD PICTURE\GCB184-2","6.jpg","1001","1001","529"
"E:\HD PICTURE\GCB184-2","IMG_9489-S.jpg","1001","1001","167"
"E:\HD PICTURE\GCB184-2","IMG_9489.jpg","1001","1001","136"
"E:\HD PICTURE\GCB184-2","IMG_9492-S.jpg","1001","1001","194"
"E:\HD PICTURE\GCB184-2","IMG_9492.jpg","1305","725","183"
"E:\HD PICTURE\GCB184-2","IMG_95412-R.jpg","970","600","306"
"E:\HD PICTURE\GCB184-2","IMG_95412-S.jpg","1001","1001","591"
"E:\HD PICTURE\GCB184-2","IMG_95412.jpg","1001","1001","564"
"E:\HD PICTURE\GCB184-3","06-R.jpg","970","600","91"
"E:\HD PICTURE\GCB184-3","06-S.jpg","1001","1001","210"
"E:\HD PICTURE\GCB184-3","06.jpg","1001","1001","180"
"E:\HD PICTURE\GCB184-3","15-R.jpg","970","600","279"
"E:\HD PICTURE\GCB184-3","15-S.jpg","1001","1001","622"
"E:\HD PICTURE\GCB184-3","15.jpg","1001","1001","602"
"E:\HD PICTURE\GCB184-3","6-R.jpg","970","600","291"
"E:\HD PICTURE\GCB184-3","6-S.jpg","1001","1001","451"
"E:\HD PICTURE\GCB184-3","6.jpg","1001","1001","529"
"E:\HD PICTURE\GCB184-3","IMG_9489-S.jpg","1001","1001","167"
"E:\HD PICTURE\GCB184-3","IMG_9489.jpg","1001","1001","136"
"E:\HD PICTURE\GCB184-3","IMG_9497-S.jpg","1001","1001","195"
"E:\HD PICTURE\GCB184-3","IMG_9497.jpg","1294","770","193"
"E:\HD PICTURE\GCB184-3","IMG_95415-R.jpg","970","600","305"
"E:\HD PICTURE\GCB184-3","IMG_95415-S.jpg","1001","1001","569"
"E:\HD PICTURE\GCB184-3","IMG_95415.jpg","1001","1001","543"
"E:\HD PICTURE\GCB184-4","06-R.jpg","970","600","91"
"E:\HD PICTURE\GCB184-4","06-S.jpg","1001","1001","210"
"E:\HD PICTURE\GCB184-4","06.jpg","1001","1001","180"
"E:\HD PICTURE\GCB184-4","15-R.jpg","970","600","279"
"E:\HD PICTURE\GCB184-4","15-S.jpg","1001","1001","622"
"E:\HD PICTURE\GCB184-4","15.jpg","1001","1001","602"
"E:\HD PICTURE\GCB184-4","6-R.jpg","970","600","291"
"E:\HD PICTURE\GCB184-4","6-S.jpg","1001","1001","451"
"E:\HD PICTURE\GCB184-4","6.jpg","1001","1001","529"
"E:\HD PICTURE\GCB184-4","IMG_9489-S.jpg","1001","1001","167"
"E:\HD PICTURE\GCB184-4","IMG_9489.jpg","1001","1001","136"
"E:\HD PICTURE\GCB184-4","IMG_9496-S.jpg","1001","1001","186"
"E:\HD PICTURE\GCB184-4","IMG_9496.jpg","1297","734","181"
"E:\HD PICTURE\GCB184-4","IMG_95414-R.jpg","970","600","300"
"E:\HD PICTURE\GCB184-4","IMG_95414-S.jpg","1001","1001","585"
"E:\HD PICTURE\GCB184-4","IMG_95414.jpg","1001","1001","558"
"E:\HD PICTURE\GCB184-5","06-R.jpg","970","600","91"
"E:\HD PICTURE\GCB184-5","06-S.jpg","1001","1001","210"
"E:\HD PICTURE\GCB184-5","06.jpg","1001","1001","180"
"E:\HD PICTURE\GCB184-5","15-R.jpg","970","600","279"
"E:\HD PICTURE\GCB184-5","15-S.jpg","1001","1001","622"
"E:\HD PICTURE\GCB184-5","15.jpg","1001","1001","602"
"E:\HD PICTURE\GCB184-5","6-R.jpg","970","600","291"
"E:\HD PICTURE\GCB184-5","6-S.jpg","1001","1001","451"
"E:\HD PICTURE\GCB184-5","6.jpg","1001","1001","529"
"E:\HD PICTURE\GCB184-5","IMG_9489-S.jpg","1001","1001","167"
"E:\HD PICTURE\GCB184-5","IMG_9489.jpg","1001","1001","136"
"E:\HD PICTURE\GCB184-5","IMG_9500-S.jpg","1001","1001","215"
"E:\HD PICTURE\GCB184-5","IMG_9500.jpg","1297","736","213"
"E:\HD PICTURE\GCB184-5","IMG_95416-R.jpg","970","600","310"
"E:\HD PICTURE\GCB184-5","IMG_95416-S.jpg","1001","1001","592"
"E:\HD PICTURE\GCB184-5","IMG_95416.jpg","1001","1001","565"
"E:\HD PICTURE\GCB184-6","06-R.jpg","970","600","91"
"E:\HD PICTURE\GCB184-6","06-S.jpg","1001","1001","210"
"E:\HD PICTURE\GCB184-6","06.jpg","1001","1001","180"
"E:\HD PICTURE\GCB184-6","15-R.jpg","970","600","279"
"E:\HD PICTURE\GCB184-6","15-S.jpg","1001","1001","622"
"E:\HD PICTURE\GCB184-6","15.jpg","1001","1001","602"
"E:\HD PICTURE\GCB184-6","6-R.jpg","970","600","291"
"E:\HD PICTURE\GCB184-6","6-S.jpg","1001","1001","451"
"E:\HD PICTURE\GCB184-6","6.jpg","1001","1001","529"
"E:\HD PICTURE\GCB184-6","IMG_9489-S.jpg","1001","1001","167"
"E:\HD PICTURE\GCB184-6","IMG_9489.jpg","1001","1001","136"
"E:\HD PICTURE\GCB184-6","IMG_9502-S.jpg","1001","1001","190"
"E:\HD PICTURE\GCB184-6","IMG_9502.jpg","1244","717","187"
"E:\HD PICTURE\GCB184-6","IMG_95417-R.jpg","970","600","298"
"E:\HD PICTURE\GCB184-6","IMG_95417-S.jpg","1001","1001","561"
"E:\HD PICTURE\GCB184-6","IMG_95417.jpg","1001","1001","535"
"E:\HD PICTURE\GCB184-7","06-R.jpg","970","600","91"
"E:\HD PICTURE\GCB184-7","06-S.jpg","1001","1001","210"
"E:\HD PICTURE\GCB184-7","06.jpg","1001","1001","180"
"E:\HD PICTURE\GCB184-7","15-R.jpg","970","600","279"
"E:\HD PICTURE\GCB184-7","15-S.jpg","1001","1001","622"
"E:\HD PICTURE\GCB184-7","15.jpg","1001","1001","602"
"E:\HD PICTURE\GCB184-7","6-R.jpg","970","600","291"
"E:\HD PICTURE\GCB184-7","6-S.jpg","1001","1001","451"
"E:\HD PICTURE\GCB184-7","6.jpg","1001","1001","529"
"E:\HD PICTURE\GCB184-7","IMG_9489-S.jpg","1001","1001","167"
"E:\HD PICTURE\GCB184-7","IMG_9489.jpg","1001","1001","136"
"E:\HD PICTURE\GCB184-7","IMG_9493-S.jpg","1001","1001","172"
"E:\HD PICTURE\GCB184-7","IMG_9493.jpg","1201","690","165"
"E:\HD PICTURE\GCB184-7","IMG_95411-R.jpg","970","600","299"
"E:\HD PICTURE\GCB184-7","IMG_95411-S.jpg","1001","1001","586"
"E:\HD PICTURE\GCB184-7","IMG_95411.jpg","1001","1001","559"
"E:\HD PICTURE\GCB185-14K","01-R.jpg","970","600","103"
"E:\HD PICTURE\GCB185-14K","01-S.jpg","1001","1001","215"
"E:\HD PICTURE\GCB185-14K","01.jpg","1001","1001","186"
"E:\HD PICTURE\GCB185-14K","13-R.jpg","970","600","281"
"E:\HD PICTURE\GCB185-14K","13-S.jpg","1001","1001","629"
"E:\HD PICTURE\GCB185-14K","13.jpg","1001","1001","611"
"E:\HD PICTURE\GCB185-14K","3-R.jpg","970","600","297"
"E:\HD PICTURE\GCB185-14K","3-S.jpg","1001","1001","446"
"E:\HD PICTURE\GCB185-14K","3.jpg","1001","1001","526"
"E:\HD PICTURE\GCB185-14K","IMG_9441-S.jpg","1001","1001","133"
"E:\HD PICTURE\GCB185-14K","IMG_9441.jpg","1001","1001","102"
"E:\HD PICTURE\GCB185-14K","IMG_9444-S.jpg","1001","1001","209"
"E:\HD PICTURE\GCB185-14K","IMG_9444.jpg","1308","789","203"
"E:\HD PICTURE\GCB185-14K","IMG_9537-R.jpg","970","600","387"
"E:\HD PICTURE\GCB185-14K","IMG_9537-S.jpg","1001","1001","757"
"E:\HD PICTURE\GCB185-14K","IMG_9537.jpg","1001","1001","736"
"E:\HD PICTURE\GCB186-1","03-R.jpg","970","600","82"
"E:\HD PICTURE\GCB186-1","03-S.jpg","1001","1001","179"
"E:\HD PICTURE\GCB186-1","03.jpg","1001","1001","149"
"E:\HD PICTURE\GCB186-1","12-R.jpg","970","600","280"
"E:\HD PICTURE\GCB186-1","12-S.jpg","1001","1001","627"
"E:\HD PICTURE\GCB186-1","12.jpg","1001","1001","611"
"E:\HD PICTURE\GCB186-1","2-R.jpg","970","600","298"
"E:\HD PICTURE\GCB186-1","2-S.jpg","1001","1001","460"
"E:\HD PICTURE\GCB186-1","2.jpg","1001","1001","540"
"E:\HD PICTURE\GCB186-1","IMG_9468-S.jpg","1001","1001","98"
"E:\HD PICTURE\GCB186-1","IMG_9468.jpg","1001","1001","67"
"E:\HD PICTURE\GCB186-1","IMG_9471-S.jpg","1001","1001","151"
"E:\HD PICTURE\GCB186-1","IMG_9471.jpg","1340","726","136"
"E:\HD PICTURE\GCB186-1","IMG_9525-R.jpg","970","600","288"
"E:\HD PICTURE\GCB186-1","IMG_9525-S.jpg","1001","1001","552"
"E:\HD PICTURE\GCB186-1","IMG_9525.jpg","1001","1001","524"
"E:\HD PICTURE\GCB186-2","03-R.jpg","970","600","82"
"E:\HD PICTURE\GCB186-2","03-S.jpg","1001","1001","179"
"E:\HD PICTURE\GCB186-2","03.jpg","1001","1001","149"
"E:\HD PICTURE\GCB186-2","12-R.jpg","970","600","280"
"E:\HD PICTURE\GCB186-2","12-S.jpg","1001","1001","627"
"E:\HD PICTURE\GCB186-2","12.jpg","1001","1001","611"
"E:\HD PICTURE\GCB186-2","2-R.jpg","970","600","298"
"E:\HD PICTURE\GCB186-2","2-S.jpg","1001","1001","460"
"E:\HD PICTURE\GCB186-2","2.jpg","1001","1001","540"
"E:\HD PICTURE\GCB186-2","IMG_9468-S.jpg","1001","1001","98"
"E:\HD PICTURE\GCB186-2","IMG_9468.jpg","1001","1001","67"
"E:\HD PICTURE\GCB186-2","IMG_9469-S.jpg","1001","1001","141"
"E:\HD PICTURE\GCB186-2","IMG_9469.jpg","1278","696","129"
"E:\HD PICTURE\GCB186-2","IMG_9524-R.jpg","970","600","276"
"E:\HD PICTURE\GCB186-2","IMG_9524-S.jpg","1001","1001","563"
"E:\HD PICTURE\GCB186-2","IMG_9524.jpg","1001","1001","535"
"E:\HD PICTURE\GCB187-14K-1","02-R.jpg","970","600","113"
"E:\HD PICTURE\GCB187-14K-1","02-S.jpg","1001","1001","236"
"E:\HD PICTURE\GCB187-14K-1","02.jpg","1001","1001","206"
"E:\HD PICTURE\GCB187-14K-1","1-R.jpg","970","600","285"
"E:\HD PICTURE\GCB187-14K-1","1-S.jpg","1001","1001","445"
"E:\HD PICTURE\GCB187-14K-1","1.jpg","1001","1001","524"
"E:\HD PICTURE\GCB187-14K-1","11-R.jpg","970","600","282"
"E:\HD PICTURE\GCB187-14K-1","11-S.jpg","1001","1001","629"
"E:\HD PICTURE\GCB187-14K-1","11.jpg","1001","1001","613"
"E:\HD PICTURE\GCB187-14K-1","IMG_9450-S.jpg","1001","1001","159"
"E:\HD PICTURE\GCB187-14K-1","IMG_9450.jpg","1001","1001","128"
"E:\HD PICTURE\GCB187-14K-1","IMG_9454-S.jpg","1001","1001","238"
"E:\HD PICTURE\GCB187-14K-1","IMG_9454.jpg","1311","846","250"
"E:\HD PICTURE\GCB187-14K-1","IMG_9532-R.jpg","970","600","389"
"E:\HD PICTURE\GCB187-14K-1","IMG_9532-S.jpg","1001","1001","568"
"E:\HD PICTURE\GCB187-14K-1","IMG_9532.jpg","1001","1001","544"
"E:\HD PICTURE\GCB187-14K-2","02-R.jpg","970","600","113"
"E:\HD PICTURE\GCB187-14K-2","02-S.jpg","1001","1001","236"
"E:\HD PICTURE\GCB187-14K-2","02.jpg","1001","1001","206"
"E:\HD PICTURE\GCB187-14K-2","1-R.jpg","970","600","285"
"E:\HD PICTURE\GCB187-14K-2","1-S.jpg","1001","1001","445"
"E:\HD PICTURE\GCB187-14K-2","1.jpg","1001","1001","524"
"E:\HD PICTURE\GCB187-14K-2","11-R.jpg","970","600","282"
"E:\HD PICTURE\GCB187-14K-2","11-S.jpg","1001","1001","629"
"E:\HD PICTURE\GCB187-14K-2","11.jpg","1001","1001","613"
"E:\HD PICTURE\GCB187-14K-2","IMG_9450-S.jpg","1001","1001","159"
"E:\HD PICTURE\GCB187-14K-2","IMG_9450.jpg","1001","1001","128"
"E:\HD PICTURE\GCB187-14K-2","IMG_9459-S.jpg","1001","1001","221"
"E:\HD PICTURE\GCB187-14K-2","IMG_9459.jpg","1001","1001","191"
"E:\HD PICTURE\GCB187-14K-2","IMG_9531-R.jpg","970","600","390"
"E:\HD PICTURE\GCB187-14K-2","IMG_9531-S.jpg","1001","1001","554"
"E:\HD PICTURE\GCB187-14K-2","IMG_9531.jpg","1001","1001","530"
"E:\HD PICTURE\Orloff customized design\GCB18","1.jpg","1001","1001","340"
"E:\HD PICTURE\Orloff customized design\GCB18","2.jpg","970","654","155"
"E:\HD PICTURE\Orloff customized design\GCB18","3.jpg","970","704","184"
"E:\HD PICTURE\Orloff customized design\GCB18","GCB18.jpg","1001","1001","166"
"E:\HD PICTURE\Orloff customized design\GCB18","IMG_0150.jpg","1001","1001","465"
"E:\HD PICTURE\Orloff customized design\GCB18","IMG_0327.jpg","1001","1001","436"
"E:\HD PICTURE\Orloff customized design\GCB18","IMG_0503.jpg","1001","1001","545"
"E:\HD PICTURE\Orloff customized design\GCB18","IMG_9284.jpg","1001","1001","300"
"E:\HD PICTURE\Orloff customized design\GCB19-18K","001.jpg","1021","600","173"
"E:\HD PICTURE\Orloff customized design\GCB19-18K","1.jpg","970","627","129"
"E:\HD PICTURE\Orloff customized design\GCB19-18K","GCB19-18K.jpg","1001","1001","133"
"E:\HD PICTURE\Orloff customized design\GCB19-18K","IMG_0206.jpg","1001","1001","503"
"E:\HD PICTURE\Orloff customized design\GCB19-18K","IMG_0255.jpg","1001","1001","432"
"E:\HD PICTURE\Orloff customized design\GCB19-18K","IMG_0475.jpg","1001","1001","552"
"E:\HD PICTURE\Orloff customized design\GCB19-18K","IMG_9316.jpg","1001","1001","254"
"E:\HD PICTURE\Orloff customized design\GCB19-P","07.jpg","1001","1001","167"
"E:\HD PICTURE\Orloff customized design\GCB19-P","1.jpg","970","652","100"
"E:\HD PICTURE\Orloff customized design\GCB19-P","IMG_1925.jpg","1001","1001","411"
"E:\HD PICTURE\Orloff customized design\GCB19-P","IMG_2143.jpg","1001","1001","427"
"E:\HD PICTURE\Orloff customized design\GCB19-P","IMG_2519.jpg","1001","1001","358"
"E:\HD PICTURE\Orloff customized design\GCB19-P","IMG_9316.jpg","1001","1001","108"
"E:\HD PICTURE\Orloff customized design\GCB20-18K","005.jpg","1001","1001","338"
"E:\HD PICTURE\Orloff customized design\GCB20-18K","1.jpg","970","708","123"
"E:\HD PICTURE\Orloff customized design\GCB20-18K","GCB20-18K.jpg","1001","1001","118"
"E:\HD PICTURE\Orloff customized design\GCB20-18K","IMG_0148.jpg","1001","1001","483"
"E:\HD PICTURE\Orloff customized design\GCB20-18K","IMG_0294.jpg","1001","1001","460"
"E:\HD PICTURE\Orloff customized design\GCB20-18K","IMG_0415.jpg","1001","1001","531"
"E:\HD PICTURE\Orloff customized design\GCB20-18K","IMG_9335.jpg","1001","1001","245"
"E:\HD PICTURE\Orloff customized design\GCB20-P","09.jpg","1001","1001","162"
"E:\HD PICTURE\Orloff customized design\GCB20-P","1.jpg","970","631","93"
"E:\HD PICTURE\Orloff customized design\GCB20-P","IMG_1930.jpg","1001","1001","560"
"E:\HD PICTURE\Orloff customized design\GCB20-P","IMG_2172.jpg","1001","1001","449"
"E:\HD PICTURE\Orloff customized design\GCB20-P","IMG_2538.jpg","1001","1001","392"
"E:\HD PICTURE\Orloff customized design\GCB20-P","IMG_9335.jpg","1001","1001","168"
"E:\HD PICTURE\Orloff customized design\GCB21-18K","01.jpg","1001","1001","227"
"E:\HD PICTURE\Orloff customized design\GCB21-18K","1.jpg","970","715","115"
"E:\HD PICTURE\Orloff customized design\GCB21-18K","GCB21-18K.jpg","3456","3457","933"
"E:\HD PICTURE\Orloff customized design\GCB21-18K","IMG_0197.jpg","1001","1001","501"
"E:\HD PICTURE\Orloff customized design\GCB21-18K","IMG_0272.jpg","1001","1001","404"
"E:\HD PICTURE\Orloff customized design\GCB21-18K","IMG_0461.jpg","1001","1001","554"
"E:\HD PICTURE\Orloff customized design\GCB21-18K","IMG_0594.jpg","1001","1001","237"
"E:\HD PICTURE\Orloff customized design\GCB21-P","03.jpg","1001","1001","169"
"E:\HD PICTURE\Orloff customized design\GCB21-P","1.jpg","970","653","106"
"E:\HD PICTURE\Orloff customized design\GCB21-P","IMG_0594.jpg","1001","1001","125"
"E:\HD PICTURE\Orloff customized design\GCB21-P","IMG_1923.jpg","1001","1001","399"
"E:\HD PICTURE\Orloff customized design\GCB21-P","IMG_2125.jpg","1001","1001","518"
"E:\HD PICTURE\Orloff customized design\GCB21-P","IMG_2513.jpg","1001","1001","374"
"E:\HD PICTURE\Orloff customized design\GCB22-18K","003.jpg","1001","1001","330"
"E:\HD PICTURE\Orloff customized design\GCB22-18K","1.jpg","970","633","112"
"E:\HD PICTURE\Orloff customized design\GCB22-18K","GCB22-18K.jpg","1001","1001","132"
"E:\HD PICTURE\Orloff customized design\GCB22-18K","IMG_0060.jpg","1001","1001","241"
"E:\HD PICTURE\Orloff customized design\GCB22-18K","IMG_0153.jpg","1001","1001","475"
"E:\HD PICTURE\Orloff customized design\GCB22-18K","IMG_0285.jpg","1001","1001","436"
"E:\HD PICTURE\Orloff customized design\GCB22-18K","IMG_0433.jpg","1001","1001","550"
"E:\HD PICTURE\GCB22-P","01---副本.jpg","1001","1001","173"
"E:\HD PICTURE\GCB22-P","1.jpg","970","600","137"
"E:\HD PICTURE\GCB22-P","2.jpg","970","600","93"
"E:\HD PICTURE\GCB22-P","3.jpg","970","600","459"
"E:\HD PICTURE\GCB22-P","IMG_0060.jpg","1001","1001","87"
"E:\HD PICTURE\GCB22-P","IMG_2103.jpg","1001","1001","561"
"E:\HD PICTURE\GCB22-P","IMG_2350.jpg","1001","1001","348"
"E:\HD PICTURE\GCB22-P","IMG_3409.jpg","1001","1001","572"
"E:\HD PICTURE\Orloff customized design\GCB22-P","01---副本.jpg","1001","1001","173"
"E:\HD PICTURE\Orloff customized design\GCB22-P","1.jpg","970","701","99"
"E:\HD PICTURE\Orloff customized design\GCB22-P","IMG_0060.jpg","1001","1001","87"
"E:\HD PICTURE\Orloff customized design\GCB22-P","IMG_2103.jpg","1001","1001","561"
"E:\HD PICTURE\Orloff customized design\GCB22-P","IMG_2350.jpg","1001","1001","348"
"E:\HD PICTURE\Orloff customized design\GCB22-P","IMG_3409.jpg","1001","1001","572"
"E:\HD PICTURE\Orloff customized design\GCB23-18K","002.jpg","1001","1001","341"
"E:\HD PICTURE\Orloff customized design\GCB23-18K","1.jpg","970","713","134"
"E:\HD PICTURE\Orloff customized design\GCB23-18K","2.jpg","970","751","202"
"E:\HD PICTURE\Orloff customized design\GCB23-18K","GCB23-18K.jpg","1001","1001","136"
"E:\HD PICTURE\Orloff customized design\GCB23-18K","IMG_0144.jpg","1001","1001","507"
"E:\HD PICTURE\Orloff customized design\GCB23-18K","IMG_0268.jpg","1001","1001","410"
"E:\HD PICTURE\Orloff customized design\GCB23-18K","IMG_0403.jpg","1001","1001","545"
"E:\HD PICTURE\Orloff customized design\GCB23-18K","IMG_9324.jpg","1001","1001","257"
"E:\HD PICTURE\Orloff customized design\GCB23-P","08.jpg","1001","1001","171"
"E:\HD PICTURE\Orloff customized design\GCB23-P","1.jpg","970","659","109"
"E:\HD PICTURE\Orloff customized design\GCB23-P","2.jpg","970","625","142"
"E:\HD PICTURE\Orloff customized design\GCB23-P","IMG_1936.jpg","1001","1001","417"
"E:\HD PICTURE\Orloff customized design\GCB23-P","IMG_2277.jpg","1001","1001","428"
"E:\HD PICTURE\Orloff customized design\GCB23-P","IMG_2526.jpg","1001","1001","374"
"E:\HD PICTURE\Orloff customized design\GCB23-P","IMG_9324.jpg","1001","1001","194"
"E:\HD PICTURE\Orloff customized design\GCB24-18K","07.jpg","1001","1001","226"
"E:\HD PICTURE\Orloff customized design\GCB24-18K","1.jpg","970","682","139"
"E:\HD PICTURE\Orloff customized design\GCB24-18K","2.jpg","970","700","190"
"E:\HD PICTURE\Orloff customized design\GCB24-18K","GCB24-18K.jpg","1001","1001","203"
"E:\HD PICTURE\Orloff customized design\GCB24-18K","IMG_0195.jpg","1001","1001","467"
"E:\HD PICTURE\Orloff customized design\GCB24-18K","IMG_0264.jpg","1001","1001","436"
"E:\HD PICTURE\Orloff customized design\GCB24-18K","IMG_0441.jpg","1001","1001","530"
"E:\HD PICTURE\Orloff customized design\GCB24-18K","IMG_0760.jpg","1001","1001","245"
"E:\HD PICTURE\Orloff customized design\GCB24-P","06.jpg","1001","1001","165"
"E:\HD PICTURE\Orloff customized design\GCB24-P","1.jpg","970","657","105"
"E:\HD PICTURE\Orloff customized design\GCB24-P","2.jpg","1034","729","169"
"E:\HD PICTURE\Orloff customized design\GCB24-P","IMG_0760.jpg","1001","1001","115"
"E:\HD PICTURE\Orloff customized design\GCB24-P","IMG_1934.jpg","1001","1001","379"
"E:\HD PICTURE\Orloff customized design\GCB24-P","IMG_2268.jpg","1001","1001","514"
"E:\HD PICTURE\Orloff customized design\GCB24-P","IMG_2542.jpg","1001","1001","327"
"E:\HD PICTURE\Orloff customized design\GCB25","06.jpg","1001","1001","271"
"E:\HD PICTURE\Orloff customized design\GCB25","1.jpg","970","703","155"
"E:\HD PICTURE\Orloff customized design\GCB25","2.jpg","970","702","95"
"E:\HD PICTURE\Orloff customized design\GCB25","GCB25.jpg","2119","2119","274"
"E:\HD PICTURE\Orloff customized design\GCB25","IMG_0181.jpg","1001","1001","498"
"E:\HD PICTURE\Orloff customized design\GCB25","IMG_0305.jpg","1001","1001","403"
"E:\HD PICTURE\Orloff customized design\GCB25","IMG_0420.jpg","1001","1001","571"
"E:\HD PICTURE\Orloff customized design\GCB25","IMG_0740.jpg","1001","1001","185"
"E:\HD PICTURE\Orloff customized design\GCB26-18K","05.jpg","1001","1001","220"
"E:\HD PICTURE\Orloff customized design\GCB26-18K","1.jpg","970","647","109"
"E:\HD PICTURE\Orloff customized design\GCB26-18K","2.jpg","970","683","183"
"E:\HD PICTURE\Orloff customized design\GCB26-18K","GCB26.jpg","3259","3259","791"
"E:\HD PICTURE\Orloff customized design\GCB26-18K","IMG_0191.jpg","1001","1001","485"
"E:\HD PICTURE\Orloff customized design\GCB26-18K","IMG_0276.jpg","1001","1001","455"
"E:\HD PICTURE\Orloff customized design\GCB26-18K","IMG_0454.jpg","1001","1001","552"
"E:\HD PICTURE\Orloff customized design\GCB26-18K","IMG_0620.jpg","1001","1001","235"
"E:\HD PICTURE\Orloff customized design\GCB26-P","1.jpg","970","637","96"
"E:\HD PICTURE\Orloff customized design\GCB26-P","2.jpg","970","644","141"
"E:\HD PICTURE\Orloff customized design\GCB26-P","20.jpg","1001","1001","165"
"E:\HD PICTURE\Orloff customized design\GCB26-P","IMG_0620.jpg","1001","1001","106"
"E:\HD PICTURE\Orloff customized design\GCB26-P","IMG_1927.jpg","1001","1001","387"
"E:\HD PICTURE\Orloff customized design\GCB26-P","IMG_2166.jpg","1001","1001","465"
"E:\HD PICTURE\Orloff customized design\GCB26-P","IMG_2530.jpg","1001","1001","364"
"E:\HD PICTURE\Orloff customized design\GCB27","1.jpg","1001","1001","311"
"E:\HD PICTURE\Orloff customized design\GCB27","2.jpg","970","650","141"
"E:\HD PICTURE\Orloff customized design\GCB27","3.jpg","970","734","188"
"E:\HD PICTURE\Orloff customized design\GCB27","GCB27.jpg","1001","1001","161"
"E:\HD PICTURE\Orloff customized design\GCB27","IMG_0142.jpg","1001","1001","449"
"E:\HD PICTURE\Orloff customized design\GCB27","IMG_0333.jpg","1001","1001","444"
"E:\HD PICTURE\Orloff customized design\GCB27","IMG_0524.jpg","1001","1001","575"
"E:\HD PICTURE\Orloff customized design\GCB27","IMG_9302.jpg","1001","1001","287"
"E:\HD PICTURE\Orloff customized design\GCB28-18K","02.jpg","1001","1001","230"
"E:\HD PICTURE\Orloff customized design\GCB28-18K","1.jpg","970","657","105"
"E:\HD PICTURE\Orloff customized design\GCB28-18K","2.jpg","970","684","193"
"E:\HD PICTURE\Orloff customized design\GCB28-18K","GCB28-18K.jpg","3259","3259","775"
"E:\HD PICTURE\Orloff customized design\GCB28-18K","IMG_0184.jpg","1001","1001","473"
"E:\HD PICTURE\Orloff customized design\GCB28-18K","IMG_0281.jpg","1001","1001","433"
"E:\HD PICTURE\Orloff customized design\GCB28-18K","IMG_0429.jpg","1001","1001","568"
"E:\HD PICTURE\Orloff customized design\GCB28-18K","IMG_0598.jpg","1001","1001","222"
"E:\HD PICTURE\Orloff customized design\GCB28-P","04.jpg","1001","1001","165"
"E:\HD PICTURE\Orloff customized design\GCB28-P","1.jpg","970","635","99"
"E:\HD PICTURE\Orloff customized design\GCB28-P","2.jpg","1001","1001","231"
"E:\HD PICTURE\Orloff customized design\GCB28-P","IMG_0598.jpg","1001","1001","113"
"E:\HD PICTURE\Orloff customized design\GCB28-P","IMG_1941.jpg","1001","1001","394"
"E:\HD PICTURE\Orloff customized design\GCB28-P","IMG_2152.jpg","1001","1001","462"
"E:\HD PICTURE\Orloff customized design\GCB28-P","IMG_2553.jpg","1001","1001","383"
"E:\HD PICTURE\Orloff customized design\GCB29-18K","03.jpg","1001","1001","209"
"E:\HD PICTURE\Orloff customized design\GCB29-18K","1.jpg","970","658","107"
"E:\HD PICTURE\Orloff customized design\GCB29-18K","3.jpg","970","636","160"
"E:\HD PICTURE\Orloff customized design\GCB29-18K","GCB29-18K.jpg","3150","3150","1101"
"E:\HD PICTURE\Orloff customized design\GCB29-18K","IMG_0170.jpg","1001","1001","497"
"E:\HD PICTURE\Orloff customized design\GCB29-18K","IMG_0289.jpg","1001","1001","478"
"E:\HD PICTURE\Orloff customized design\GCB29-18K","IMG_0396.jpg","1001","1001","555"
"E:\HD PICTURE\Orloff customized design\GCB29-18K","IMG_0608.jpg","1001","1001","212"
"E:\HD PICTURE\Orloff customized design\GCB29-P","05.jpg","1001","1001","156"
"E:\HD PICTURE\Orloff customized design\GCB29-P","1.jpg","970","653","93"
"E:\HD PICTURE\Orloff customized design\GCB29-P","2.jpg","970","669","146"
"E:\HD PICTURE\Orloff customized design\GCB29-P","IMG_0608.jpg","1001","1001","90"
"E:\HD PICTURE\Orloff customized design\GCB29-P","IMG_1932.jpg","1001","1001","553"
"E:\HD PICTURE\Orloff customized design\GCB29-P","IMG_2257.jpg","1001","1001","530"
"E:\HD PICTURE\Orloff customized design\GCB29-P","IMG_2547.jpg","1001","1001","376"
"E:\HD PICTURE\Orloff customized design\GCB30-18K","04.jpg","1001","1001","205"
"E:\HD PICTURE\Orloff customized design\GCB30-18K","1.jpg","970","622","153"
"E:\HD PICTURE\Orloff customized design\GCB30-18K","2.jpg","970","662","97"
"E:\HD PICTURE\Orloff customized design\GCB30-18K","GCB30-18K.jpg","3063","3062","1047"
"E:\HD PICTURE\Orloff customized design\GCB30-18K","IMG_0517.jpg","1001","1001","594"
"E:\HD PICTURE\Orloff customized design\GCB30-18K","IMG_0615.jpg","1001","1001","213"
"E:\HD PICTURE\Orloff customized design\GCB30-18K","IMG_0746.jpg","1001","1001","532"
"E:\HD PICTURE\Orloff customized design\GCB30-18K","IMG_0752.jpg","1001","1001","482"
"E:\HD PICTURE\GCB30-P","04.jpg","1001","1001","165"
"E:\HD PICTURE\GCB30-P","1.jpg","970","600","87"
"E:\HD PICTURE\GCB30-P","2.jpg","970","600","128"
"E:\HD PICTURE\GCB30-P","3.jpg","970","600","465"
"E:\HD PICTURE\GCB30-P","IMG_0615.jpg","1001","1001","77"
"E:\HD PICTURE\GCB30-P","IMG_2113.jpg","1001","1001","569"
"E:\HD PICTURE\GCB30-P","IMG_2346.jpg","1001","1001","351"
"E:\HD PICTURE\GCB30-P","IMG_3412.jpg","1001","1001","559"
"E:\HD PICTURE\Orloff customized design\GCB30-P","04.jpg","1001","1001","165"
"E:\HD PICTURE\Orloff customized design\GCB30-P","1.jpg","970","681","143"
"E:\HD PICTURE\Orloff customized design\GCB30-P","2.jpg","970","636","87"
"E:\HD PICTURE\Orloff customized design\GCB30-P","IMG_0615.jpg","1001","1001","77"
"E:\HD PICTURE\Orloff customized design\GCB30-P","IMG_2113.jpg","1001","1001","569"
"E:\HD PICTURE\Orloff customized design\GCB30-P","IMG_2346.jpg","1001","1001","351"
"E:\HD PICTURE\Orloff customized design\GCB30-P","IMG_3412.jpg","1001","1001","559"
"E:\HD PICTURE\Orloff customized design\GCB50","071.jpg","1001","1001","191"
"E:\HD PICTURE\Orloff customized design\GCB50","1.jpg","970","658","157"
"E:\HD PICTURE\Orloff customized design\GCB50","2.jpg","970","640","113"
"E:\HD PICTURE\Orloff customized design\GCB50","GCB50.jpg","1001","1001","179"
"E:\HD PICTURE\Orloff customized design\GCB50","IMG_05316.jpg","1001","1001","563"
"E:\HD PICTURE\Orloff customized design\GCB50","IMG_0716.jpg","1001","1001","220"
"E:\HD PICTURE\Orloff customized design\GCB50","IMG_0749.jpg","1001","1001","508"
"E:\HD PICTURE\Orloff customized design\GCB50","IMG_0755.jpg","1001","1001","428"
"E:\HD PICTURE\GCB51-P","11.jpg","1001","1001","188"
"E:\HD PICTURE\GCB51-P","IMG_1749.jpg","1001","1001","151"
"E:\HD PICTURE\GCB51-P","IMG_1917.jpg","1001","1001","439"
"E:\HD PICTURE\GCB51-P","IMG_2221.jpg","1001","1001","445"
"E:\HD PICTURE\GCB51-P","IMG_2370.jpg","1001","1001","267"
"E:\HD PICTURE\GCB51-P","IMG_2899.jpg","1001","1001","481"
"E:\HD PICTURE\GCB51-WY","13.jpg","1001","1001","187"
"E:\HD PICTURE\GCB51-WY","IMG_1755.jpg","1001","1001","150"
"E:\HD PICTURE\GCB51-WY","IMG_1915.jpg","1001","1001","445"
"E:\HD PICTURE\GCB51-WY","IMG_2245.jpg","1001","1001","502"
"E:\HD PICTURE\GCB51-WY","IMG_2503.jpg","1001","1001","493"
"E:\HD PICTURE\GCB51-WY","IMG_2899.jpg","1001","1001","481"
"E:\HD PICTURE\GCB51-YL","02.jpg","1001","1001","215"
"E:\HD PICTURE\GCB51-YL","IMG_1743.jpg","1001","1001","195"
"E:\HD PICTURE\GCB51-YL","IMG_1919.jpg","1001","1001","377"
"E:\HD PICTURE\GCB51-YL","IMG_2113.jpg","1001","1001","476"
"E:\HD PICTURE\GCB51-YL","IMG_2367.jpg","1001","1001","312"
"E:\HD PICTURE\GCB51-YL","IMG_2899.jpg","1001","1001","481"
"E:\HD PICTURE\GCB51-YP","12.jpg","1001","1001","196"
"E:\HD PICTURE\GCB51-YP","IMG_1754.jpg","1001","1001","172"
"E:\HD PICTURE\GCB51-YP","IMG_1921.jpg","1001","1001","434"
"E:\HD PICTURE\GCB51-YP","IMG_2118.jpg","1001","1001","519"
"E:\HD PICTURE\GCB51-YP","IMG_2359.jpg","1001","1001","295"
"E:\HD PICTURE\GCB51-YP","IMG_2899.jpg","1001","1001","481"
"E:\HD PICTURE\GCB51-YR","10.jpg","1001","1001","208"
"E:\HD PICTURE\GCB51-YR","IMG_1746.jpg","1001","1001","180"
"E:\HD PICTURE\GCB51-YR","IMG_1913.jpg","1001","1001","426"
"E:\HD PICTURE\GCB51-YR","IMG_2103.jpg","1001","1001","459"
"E:\HD PICTURE\GCB51-YR","IMG_2355.jpg","1001","1001","317"
"E:\HD PICTURE\GCB51-YR","IMG_2899.jpg","1001","1001","481"
"E:\HD PICTURE\GCB52-L","001.jpg","1001","1001","525"
"E:\HD PICTURE\GCB52-L","1.jpg","970","600","104"
"E:\HD PICTURE\GCB52-L","16.jpg","1001","1001","184"
"E:\HD PICTURE\GCB52-L","2.jpg","970","600","399"
"E:\HD PICTURE\GCB52-L","3.jpg","970","600","414"
"E:\HD PICTURE\GCB52-L","4.jpg","970","600","159"
"E:\HD PICTURE\GCB52-L","5.jpg","970","600","409"
"E:\HD PICTURE\GCB52-L","IMG_1772.jpg","1001","1001","121"
"E:\HD PICTURE\GCB52-L","IMG_1900.jpg","1001","1001","443"
"E:\HD PICTURE\GCB52-L","IMG_2049.jpg","1001","1001","477"
"E:\HD PICTURE\GCB52-L","IMG_2050.jpg","1001","1001","612"
"E:\HD PICTURE\GCB52-L","IMG_2287.jpg","1001","1001","383"
"E:\HD PICTURE\GCB53-L","002.jpg","1001","1001","523"
"E:\HD PICTURE\GCB53-L","1.jpg","970","600","101"
"E:\HD PICTURE\GCB53-L","18.jpg","1001","1001","264"
"E:\HD PICTURE\GCB53-L","2.jpg","970","600","375"
"E:\HD PICTURE\GCB53-L","3.jpg","970","600","378"
"E:\HD PICTURE\GCB53-L","4.jpg","970","600","149"
"E:\HD PICTURE\GCB53-L","IMG_1780.jpg","1001","1001","124"
"E:\HD PICTURE\GCB53-L","IMG_1911.jpg","1001","1001","414"
"E:\HD PICTURE\GCB53-L","IMG_2058.jpg","1001","1001","470"
"E:\HD PICTURE\GCB53-L","IMG_2059.jpg","1001","1001","576"
"E:\HD PICTURE\GCB53-L","IMG_2343.jpg","1001","1001","297"
"E:\HD PICTURE\GCB54-L","003.jpg","1001","1001","525"
"E:\HD PICTURE\GCB54-L","1.jpg","970","600","106"
"E:\HD PICTURE\GCB54-L","17.jpg","1001","1001","179"
"E:\HD PICTURE\GCB54-L","2.jpg","970","600","148"
"E:\HD PICTURE\GCB54-L","3.jpg","970","600","395"
"E:\HD PICTURE\GCB54-L","4.jpg","970","600","397"
"E:\HD PICTURE\GCB54-L","IMG_1776.jpg","1001","1001","117"
"E:\HD PICTURE\GCB54-L","IMG_1898.jpg","1001","1001","440"
"E:\HD PICTURE\GCB54-L","IMG_2042.jpg","1001","1001","472"
"E:\HD PICTURE\GCB54-L","IMG_2043.jpg","1001","1001","610"
"E:\HD PICTURE\GCB54-L","IMG_2497.jpg","1001","1001","419"
"E:\HD PICTURE\GCB55-L","004.jpg","1001","1001","525"
"E:\HD PICTURE\GCB55-L","1.jpg","970","600","103"
"E:\HD PICTURE\GCB55-L","14.jpg","1001","1001","169"
"E:\HD PICTURE\GCB55-L","2.jpg","970","600","142"
"E:\HD PICTURE\GCB55-L","3.jpg","970","600","395"
"E:\HD PICTURE\GCB55-L","4.jpg","970","600","394"
"E:\HD PICTURE\GCB55-L","IMG_1760.jpg","1001","1001","111"
"E:\HD PICTURE\GCB55-L","IMG_1906.jpg","1001","1001","437"
"E:\HD PICTURE\GCB55-L","IMG_2037.jpg","1001","1001","497"
"E:\HD PICTURE\GCB55-L","IMG_2038.jpg","1001","1001","609"
"E:\HD PICTURE\GCB55-L","IMG_2284.jpg","1001","1001","521"
"E:\HD PICTURE\GCB56-B","1.jpg","970","600","145"
"E:\HD PICTURE\GCB56-B","15.jpg","1001","1001","167"
"E:\HD PICTURE\GCB56-B","2.jpg","970","600","417"
"E:\HD PICTURE\GCB56-B","3.jpg","970","600","419"
"E:\HD PICTURE\GCB56-B","IMG_1767.jpg","1001","1001","119"
"E:\HD PICTURE\GCB56-B","IMG_1904.jpg","1001","1001","445"
"E:\HD PICTURE\GCB56-B","IMG_2069.jpg","1001","1001","471"
"E:\HD PICTURE\GCB56-B","IMG_2070.jpg","1001","1001","613"
"E:\HD PICTURE\GCB56-B","IMG_2346.jpg","1001","1001","288"
"E:\HD PICTURE\GCB57-Z","1.jpg","970","600","154"
"E:\HD PICTURE\GCB57-Z","19.jpg","1001","1001","186"
"E:\HD PICTURE\GCB57-Z","2.jpg","970","600","129"
"E:\HD PICTURE\GCB57-Z","3.jpg","970","600","369"
"E:\HD PICTURE\GCB57-Z","IMG_1741.jpg","1001","1001","171"
"E:\HD PICTURE\GCB57-Z","IMG_1894.jpg","1001","1001","412"
"E:\HD PICTURE\GCB57-Z","IMG_2091.jpg","1001","1001","638"
"E:\HD PICTURE\GCB57-Z","IMG_2509.jpg","1001","1001","519"
"E:\HD PICTURE\GCB58-LVR","01.jpg","1001","1001","287"
"E:\HD PICTURE\GCB58-LVR","1.jpg","970","600","131"
"E:\HD PICTURE\GCB58-LVR","2.jpg","970","600","151"
"E:\HD PICTURE\GCB58-LVR","3.jpg","970","600","378"
"E:\HD PICTURE\GCB58-LVR","IMG_1735.jpg","1001","1001","140"
"E:\HD PICTURE\GCB58-LVR","IMG_1892.jpg","1001","1001","400"
"E:\HD PICTURE\GCB58-LVR","IMG_2076.jpg","1001","1001","482"
"E:\HD PICTURE\GCB58-LVR","IMG_2350.jpg","1001","1001","282"
"E:\HD PICTURE\ORGCBB1-B","2.jpg","1001","1001","233"
"E:\HD PICTURE\ORGCBB1-B","22.jpg","1001","1001","233"
"E:\HD PICTURE\ORGCBB1-B","222.jpg","1001","1001","233"
"E:\HD PICTURE\ORGCBB1-B","7.jpg","1001","1001","176"
"E:\HD PICTURE\ORGCBB1-B","IMG_6379.jpg","1001","1001","141"
"E:\HD PICTURE\ORGCBB1-B","IMG_6787.jpg","1001","1001","615"
"E:\HD PICTURE\ORGCBB1-B","IMG_9234.jpg","970","600","391"
"E:\HD PICTURE\ORGCBB1-G","1.jpg","1001","1001","231"
"E:\HD PICTURE\ORGCBB1-G","6.jpg","1001","1001","180"
"E:\HD PICTURE\ORGCBB1-G","IMG_6371.jpg","1001","1001","145"
"E:\HD PICTURE\ORGCBB1-G","IMG_63842.jpg","1001","1001","352"
"E:\HD PICTURE\ORGCBB1-G","IMG_6790.jpg","1001","1001","664"
"E:\HD PICTURE\ORGCBB1-K","4.jpg","1001","1001","217"
"E:\HD PICTURE\ORGCBB1-K","9.jpg","1001","1001","173"
"E:\HD PICTURE\ORGCBB1-K","IMG_6382.jpg","1001","1001","138"
"E:\HD PICTURE\ORGCBB1-K","IMG_63841.jpg","1001","1001","363"
"E:\HD PICTURE\ORGCBB1-R","10.jpg","1001","1001","178"
"E:\HD PICTURE\ORGCBB1-R","5.jpg","1001","1001","237"
"E:\HD PICTURE\ORGCBB1-R","IMG_6384.jpg","1001","1001","143"
"E:\HD PICTURE\ORGCBB1-W","3.jpg","1001","1001","220"
"E:\HD PICTURE\ORGCBB1-W","8.jpg","1001","1001","166"
"E:\HD PICTURE\ORGCBB1-W","IMG_6380.jpg","1001","1001","130"
"E:\HD PICTURE\Orloff customized design\GSB106-P","3.jpg","1001","1001","156"
"E:\HD PICTURE\Orloff customized design\GSB106-P","321.jpg","1000","1386","741"
"E:\HD PICTURE\Orloff customized design\GSB106-P","4.jpg","1001","1001","157"
"E:\HD PICTURE\Orloff customized design\GSB106-P","GTB115-MODEL-IMG_8723.jpg","1001","1001","436"
"E:\HD PICTURE\Orloff customized design\GSB106-P","GTB119-MODEL-IMG_6719.jpg","1001","1001","409"
"E:\HD PICTURE\Orloff customized design\GSB106-P","IMG_2952.jpg","1001","1001","73"
"E:\HD PICTURE\Orloff customized design\GSB106-P","IMG_3077.jpg","1001","1001","289"
"E:\HD PICTURE\GSB114","13 (2).jpg","1001","1001","157"
"E:\HD PICTURE\GSB114","13.jpg","970","600","83"
"E:\HD PICTURE\GSB114","14 (2).jpg","1001","1001","157"
"E:\HD PICTURE\GSB114","14.jpg","970","600","83"
"E:\HD PICTURE\GSB114","GSB114-195-1.jpg","1001","1001","407"
"E:\HD PICTURE\GSB114","GSB114-195-2.jpg","1001","1001","687"
"E:\HD PICTURE\GSB114","GSB114-195.jpg","1001","1001","188"
"E:\HD PICTURE\GSB114","GSB114-205.jpg","1001","1001","188"
"E:\HD PICTURE\GSB114","GSB114.jpg","1001","1001","95"
"E:\HD PICTURE\GSB114","IMG_9250 (2).jpg","1001","1001","364"
"E:\HD PICTURE\GSB114","IMG_9250.jpg","970","600","220"
"E:\HD PICTURE\GSB114","IMG_9307 (2).jpg","1001","1001","667"
"E:\HD PICTURE\GSB114","IMG_9307.jpg","970","600","406"
"E:\HD PICTURE\ORGSN178","GCB178-1.jpg","1001","1001","245"
"E:\HD PICTURE\ORGSN178","GCB178.jpg","1001","1001","143"
"E:\HD PICTURE\ORGSN178","IMG_86537.jpg","1001","1001","119"
"E:\HD PICTURE\ORGSN178","IMG_9377-R.jpg","970","600","341"
"E:\HD PICTURE\ORGSN178","IMG_9377-S.jpg","1001","1001","737"
"E:\HD PICTURE\ORGSN178","IMG_9377.jpg","1001","1001","751"
"E:\HD PICTURE\ORGSN178","SC29-MAIN-IMG_5185-R.jpg","950","600","217"
"E:\HD PICTURE\ORGSN178","SC29-MAIN-IMG_5185-S.jpg","800","800","249"
"E:\HD PICTURE\ORGSN178","SC29-MAIN-IMG_5199-R.jpg","950","600","195"
"E:\HD PICTURE\ORGSN178","SC29-MAIN-IMG_5199-S.jpg","800","800","236"
"E:\HD PICTURE\ORGSN178","SC29-P-.jpg","800","800","184"
"E:\HD PICTURE\ORGSN178","SC29-SCENE-IMG_5178-R.jpg","950","600","306"
"E:\HD PICTURE\ORGSN178","SC29-SCENE-IMG_5178-S.jpg","800","800","366"
"E:\HD PICTURE\GSN305","10 (2).jpg","1001","1001","202"
"E:\HD PICTURE\GSN305","10.jpg","970","600","106"
"E:\HD PICTURE\GSN305","11 (2).jpg","1001","1001","201"
"E:\HD PICTURE\GSN305","11.jpg","970","600","104"
"E:\HD PICTURE\GSN305","12 (2).jpg","1001","1001","243"
"E:\HD PICTURE\GSN305","12.jpg","970","600","124"
"E:\HD PICTURE\GSN305","GSN305-B-1.jpg","1001","1001","232"
"E:\HD PICTURE\GSN305","GSN305-B-2.jpg","1001","1001","705"
"E:\HD PICTURE\GSN305","GSN305-B.jpg","1001","1001","125"
"E:\HD PICTURE\GSN305","GSN305-C-1.jpg","1001","1001","273"
"E:\HD PICTURE\GSN305","GSN305-C-2.jpg","1001","1001","763"
"E:\HD PICTURE\GSN305","GSN305-C-3.jpg","1001","1001","642"
"E:\HD PICTURE\GSN305","GSN305-C.jpg","1001","1001","163"
"E:\HD PICTURE\GSN305","GSN305-W-1.jpg","1001","1001","231"
"E:\HD PICTURE\GSN305","GSN305-W-2.jpg","1001","1001","652"
"E:\HD PICTURE\GSN305","GSN305-W.jpg","1001","1001","118"
"E:\HD PICTURE\GSN305","IMG_9256 (2).jpg","1001","1001","736"
"E:\HD PICTURE\GSN305","IMG_9256.jpg","970","600","388"
"E:\HD PICTURE\GSN305","IMG_9258 (2).jpg","1001","1001","672"
"E:\HD PICTURE\GSN305","IMG_9258.jpg","970","600","358"
"E:\HD PICTURE\GSN305","IMG_9261 (2).jpg","1001","1001","619"
"E:\HD PICTURE\GSN305","IMG_9261.jpg","970","600","352"
"E:\HD PICTURE\GSN305","IMG_9328 (2).jpg","1001","1001","620"
"E:\HD PICTURE\GSN305","IMG_9328.jpg","970","600","355"
"E:\HD PICTURE\GSN305","IMG_9372-R.jpg","970","600","233"
"E:\HD PICTURE\GSN305","IMG_9372-S.jpg","1001","1001","504"
"E:\HD PICTURE\GSN305","IMG_9372.jpg","1001","1001","456"
"E:\HD PICTURE\GSN305","IMG_9374-R.jpg","970","600","215"
"E:\HD PICTURE\GSN305","IMG_9374-S.jpg","1001","1001","412"
"E:\HD PICTURE\GSN305","IMG_9374.jpg","1001","1001","441"
"E:\HD PICTURE\GCB39","PA0010-2.jpg","800","800","304"
"E:\HD PICTURE\GCB39","PA0010-4.jpg","800","800","280"
"E:\HD PICTURE\GCB39","PA0010.jpg","800","800","140"
"E:\HD PICTURE\GCB40","PA0034-2.JPG","800","800","280"
"E:\HD PICTURE\GCB40","PA0034-4.JPG","800","800","264"
"E:\HD PICTURE\GCB40","PA0034.jpg","800","800","98"
"E:\HD PICTURE\GCB41","PA0035-2.JPG","800","800","273"
"E:\HD PICTURE\GCB41","PA0035-5.JPG","800","800","244"
"E:\HD PICTURE\GCB41","PA0035.jpg","800","800","111"
"E:\HD PICTURE\GCB42","PA0094-2.jpg","800","800","281"
"E:\HD PICTURE\GCB42","PA0094-3.jpg","800","800","246"
"E:\HD PICTURE\GCB43","PA0097-2 拷贝.jpg","800","800","115"
"E:\HD PICTURE\GCB43","PA0097-2.jpg","800","800","292"
"E:\HD PICTURE\GCB43","PA0097-3.jpg","800","800","267"
"E:\HD PICTURE\GCB49","PA0107-2.jpg","800","800","297"
"E:\HD PICTURE\GCB49","PA0107-3.jpg","800","800","235"
"E:\HD PICTURE\GCB49","PA0107.jpg","800","800","137"
"E:\HD PICTURE\GCB44","PA0123-2.JPG","800","800","302"
"E:\HD PICTURE\GCB44","PA0123-3.JPG","800","800","251"
"E:\HD PICTURE\GCB45","PA0132-2.JPG","800","800","275"
"E:\HD PICTURE\GCB45","PA0132-3.JPG","800","800","201"
"E:\HD PICTURE\GCB45","PA0132.jpg","800","800","187"
"E:\HD PICTURE\GCB46","PA0142-2.JPG","800","800","305"
"E:\HD PICTURE\GCB46","PA0142-3.JPG","800","800","250"
"E:\HD PICTURE\GCB46","PA0142.jpg","800","800","137"
"E:\HD PICTURE\GCB47","PA0147-2.JPG","800","800","285"
"E:\HD PICTURE\GCB47","PA0147-3.JPG","800","800","250"
"E:\HD PICTURE\GCB47","PA0147.jpg","800","800","100"
"E:\HD PICTURE\GCB48","PA0149-2.JPG","800","800","289"
"E:\HD PICTURE\GCB48","PA0149-3.JPG","800","800","255"
"E:\HD PICTURE\GCB48","PA0149.jpg","800","800","107"
"E:\HD PICTURE\ORSWE18","SWE18-MAIN-IMG_1112 (2)-R.jpg","950","1200","737"
"E:\HD PICTURE\ORSWE18","SWE18-MAIN-IMG_1112 (3)-R.jpg","950","1200","640"
"E:\HD PICTURE\ORSWE18","SWE18-MAIN-IMG_1112 (5)-R.jpg","950","1200","1361"
"E:\HD PICTURE\ORSWE18","SWE18-MAIN-IMG_1114-S.jpg","800","800","376"
"E:\HD PICTURE\ORSWE18","SWE18-MAIN-IMG_1116-S.jpg","800","800","847"
"E:\HD PICTURE\ORSWE18","SWE18-MAIN-IMG_1118-S.jpg","800","800","188"
"E:\HD PICTURE\ORSWE18","SWE18-MAIN-IMG_115-S.jpg","800","800","29"
"E:\HD PICTURE\ORSWN09-B","SWN09-MAIN-IMG_1112 (2)-R.jpg","950","1200","359"
"E:\HD PICTURE\ORSWN09-B","SWN09-MAIN-IMG_1112 (7)-R.jpg","950","1200","630"
"E:\HD PICTURE\ORSWN09-B","SWN09-MAIN-IMG_1114-S.jpg","800","800","198"
"E:\HD PICTURE\ORSWN09-B","SWN09-MAIN-IMG_1117-S.jpg","800","800","238"
"E:\HD PICTURE\ORSWN09-B","SWN09-MAIN-IMG_1118-S.jpg","800","800","322"
"E:\HD PICTURE\ORSWN09-B","SWN09-MAIN-IMG_1119-S.jpg","600","600","12"
