16c3f619aa638608891569854b6142b8	GCB108
b249419b277040b444dbb924fa9bf603	GCB108
99f68c8f35968b2b6681cc3fadb87059	GCB108
a9f8ccfdfe9b840153a4d5997b5015a2	GCB108
2229e567e7f52255bef93ba074585c25	GCB108
c544f29cf298c0630fd231884d8f38aa	GCB108
e2bba870f58880b69c29c9484331ec8a	GCB108
41de8f204f5bcd15e030f99b2bbd0f76	GCB108
6a61f14f3be0a3aac2b22620c62ea1e6	GCB108
05624529bedb00c2467ee10da3797c74	GCB108
901670efb3b6b3aa3a5b2f5b98d5de78	GCB108
9b7d732fa99a6442a099106a7c07b9f6	GCB108
d1fa73e4aa2fd9bdab867b0b77597688	GCB108
eae93b628be940d80282043c9ba968c2	GCB109
6193649c0854a8eeea87b4809c6ab744	GCB109
c5962e09f43d103599ac4171b0116c14	GCB109
440f727c1978da4cb8b899c7107b4b9d	GCB109
91e91965ed3b973254622ba78adb9301	GCB109
78f2451afdec1b4731bce4da33379c52	GCB109
458abab55246161a3cd85d5157520dd9	GCB109
da363ce96a7229e4d2ac2d123bb9e686	GCB109
fb04f57ca86fab29a8fea063ac4dddb0	GCB109
08cab401b1fee50866bd966178b461f6	GCB109
b3ea42ad4355fa5c2ad6bcab7ba0e409	GCB109
6647f2df7f9981cb393453c49b20795f	GCB109
100d6da5525f102dde242ae87b0522d0	GCB109
4bbd8203e953558a630739dcd746027c	GCB110
1b95159d5c6ecbf2ff63d14bb8029d86	GCB110
97ddfc5245cbeda024f57110eac72710	GCB110
560048718e5ccc2badf4c6db0faed6f8	GCB110
f972d3bb8ce8aaaa8c87276064ceaf07	GCB110
5a9e221d5e77cea1ac1ff3b814dacc0f	GCB110
d2e3a015531f84eeb8283b7716c6c4d8	GCB110
58013b496aef935764f18b4439878146	GCB110
8fa56e30274d2700906fd2f0ea68d82f	GCB110
ecaa5e87b4ca8d33161667d7cef66f04	GCB110
12a5d50d577736ac429edca015e9c619	GCB110
237151c736ef6cb5dc379c8d3a69171e	GCB110
c99d15c0d81d586ecefde27e43e28b7c	GCB110
b9a9bea06037cd636519a9c418c7ad23	GCB175
53d37cb8170cf46e70bf9dc88a31d8e5	GCB175
4bef52d50f94cb8c0e4bb689b78a7471	GCB175
8d6028eedf59ac57d77cb030a4e2d138	GCB175
52cc2d1aa23e594e85664f500fae0058	GCB175
15cba2bb010addca79c6b9ad768163ee	GCB175
73ef965d67fd0a1970c50c6f9b8a5a1a	GCB175
bffc1243dbd104a568ebd9254ae45087	GCB175
0eae75ba64349a60b75c9e1b09e2f230	GCB175
cf9dc52286e7933fcef7f5f8cba14e87	GCB175
18e88287921932357e1c1eba2b3045cf	GCB176
a373a7fd1773921b714a87ead32571c0	GCB176
01a7708c15c4b5708382c073d42e33d3	GCB176
9afca29bcba779abdb9d980093cf1ae1	GCB176
1eecfe5ba5fa82d1563b0499d1f61cbd	GCB176
1ce05ccd45b27f59979f4ba644cef752	GCB176
5a30707d8122b98d521d7f7b13bd8d1d	GCB176
deb65e2e76765d2bf2865122f8e55f3f	GCB176
94f754db39446f0a096fc9dba1124a8e	GCB176
0b9d4b1263bc1f466a9d4a7f425ed610	GCB176
d77a72db809dbd3a84614371344be44c	GCB177
4d7eebc4757b179b52b8e0e57c51bf03	GCB177
9826e1635588bfd3ae213936d76a876e	GCB177
a6dddb12800f80064594635b2d8d2641	GCB177
b299f62c06dd31b45a5532fd36b39206	GCB177
e173ed233906558d60e175b58a73155e	GCB177
65ac9a80c866e5d10f7516be24ae320a	GCB177
114c553d04e72d99593f185ba4b6b9eb	GCB177
7579f17eae4bec6cf3397ca2bca25995	GCB177
576f2430653f596b09b1594feed92454	GCB177
7ebcfe183c6feab6f8a68e5f52cefc20	GCB178
a0b9dc8846e164273218878e9e20ff53	GCB178
4411569efb8b387aca79c0d33b85f88a	GCB178
4f2097378ea6f4ff9ac6c733b774cffb	GCB178
325bedcc9e80b05cf7bb06fbe5a8b04b	GCB178
ae7fb9b15e4dc2a0fe3781e141f4b425	GCB178
4e5e5ddb7fc4dbe87dbbe91c641eb654	GCB178
d3105489c0ed918efcb54990905c6c30	GCB178
89dc3dce467878f21f5133a3320d4072	GCB178
cd69e593d1ff5d5ec583e305099bc049	GCB178
081a10af1459e4dd18ff0eab6534a2c8	GCB178
cfd2d05b1aa3b47ed6fb18224d598958	GCB178
36aea16f62ec6083820c535980312e3a	GCB178
474e4826128541ee6c102f17b3bb3a9c	GCB178
a7efd00c064fa58dee610615869f7820	GCB181
b894943f8efe724f83c300331c52dde0	GCB181
794eb27e80c4355037f14a68ad23f13e	GCB181
346cf288e7bb68c38b370c9dba2b8eef	GCB181
b0a59b2a0cad6230117c3a2aeb5e535c	GCB181
c15aa9e823bf96ad1d20b732cf79e3af	GCB181
3c91e08ac24f7ad61ae5e71449664bc5	GCB181
28fc8fbfca6943e176d5b3bbf6f8afff	GCB181
794f2dd10c6f4729ac692bb644bdb8e5	GCB181
e2c4ba6d5d25f6cefa9eaca301714dee	GCB181
1471d62cbfa18eedbd86838852e1afdb	GCB181
788d9b95d0f7e9135cff9e979dcc8328	GCB181
ac6c1b0b7ae5ede4971284c7b5fbbb2f	GCB181
3e2df1b6a28a29f2adbd1f45efe9bb0a	GCB181
c9228f24022bc25d8b2ecdc6b800dd06	GCB181
3d317ee71bb654f6badc1fa39e0c8c55	GCB182-1
6f005d41ff883cd0144e3c72f2a69b5b	GCB182-1
b6ca0e79e60b24754afd2ebe7f008959	GCB182-1
3490fb844cfa390ed68c396979b41ec4	GCB182-1
08829bc9d754f3d72fee280e22eabb50	GCB182-1
cc3bab136eb6ea8f36f9b8f0e1ed989b	GCB182-1
4133fcbebe2b17e6f2bfef7f617e1ca2	GCB182-1
a1ebff58aacf8521b9db81374c12cd2d	GCB182-1
2983f9cb48687513cfc6d3c4ce42740d	GCB182-1
07ef4b626ff46200df196a343a576b19	GCB182-1
6ab1f8a21d1990f0bd9dff7379cd56b0	GCB182-1
6128b33c6e0d24423577b2553cb2c52c	GCB182-1
a316ee2517b218e4ecdcc62428bcaa39	GCB182-1
b52a8282952747e26dc8abc2d30c8b4c	GCB182-1
0c7901a087377e352d2dc0a35bdf456a	GCB182-1
83f07e2423c5846bed99017afd02cb1d	GCB182-1
6f005d41ff883cd0144e3c72f2a69b5b	GCB182-1/GCB182
ad2457ae6632168826e4e052962f9e06	GCB182-1/GCB182
48ee1d76f19f892a57a322619cc4707d	GCB182-1/GCB182
08829bc9d754f3d72fee280e22eabb50	GCB182-1/GCB182
a1ebff58aacf8521b9db81374c12cd2d	GCB182-1/GCB182
bd6b4865471f0037a5d5caf684f1a490	GCB182-1/GCB182
07ef4b626ff46200df196a343a576b19	GCB182-1/GCB182
d914227ba6e0cd2d2d2421aaeb2710f7	GCB182-1/GCB182
3d317ee71bb654f6badc1fa39e0c8c55	GCB182-2
6f005d41ff883cd0144e3c72f2a69b5b	GCB182-2
b6ca0e79e60b24754afd2ebe7f008959	GCB182-2
3490fb844cfa390ed68c396979b41ec4	GCB182-2
08829bc9d754f3d72fee280e22eabb50	GCB182-2
cc3bab136eb6ea8f36f9b8f0e1ed989b	GCB182-2
4133fcbebe2b17e6f2bfef7f617e1ca2	GCB182-2
a1ebff58aacf8521b9db81374c12cd2d	GCB182-2
2983f9cb48687513cfc6d3c4ce42740d	GCB182-2
07ef4b626ff46200df196a343a576b19	GCB182-2
6ab1f8a21d1990f0bd9dff7379cd56b0	GCB182-2
f76fd67576851dce453d18bf989c345f	GCB182-2
fcbde9ccc106c051b572ada02c2d0e06	GCB182-2
7ebea81ccc5b75ab813723ba750fdb1c	GCB182-2
7d4863dcada486e7839e15f29f8ddde5	GCB182-2
e68bbd23e38b6df8553e3ab1368a1ea1	GCB182-2
3d317ee71bb654f6badc1fa39e0c8c55	GCB182-3
6f005d41ff883cd0144e3c72f2a69b5b	GCB182-3
b6ca0e79e60b24754afd2ebe7f008959	GCB182-3
3490fb844cfa390ed68c396979b41ec4	GCB182-3
08829bc9d754f3d72fee280e22eabb50	GCB182-3
cc3bab136eb6ea8f36f9b8f0e1ed989b	GCB182-3
4133fcbebe2b17e6f2bfef7f617e1ca2	GCB182-3
a1ebff58aacf8521b9db81374c12cd2d	GCB182-3
2983f9cb48687513cfc6d3c4ce42740d	GCB182-3
07ef4b626ff46200df196a343a576b19	GCB182-3
6ab1f8a21d1990f0bd9dff7379cd56b0	GCB182-3
11cd4a7f0200dfd6ef4caee18f1c2787	GCB182-3
39f66bc78af7f28a9751a80de93580bd	GCB182-3
7a92f7c0afb74d63a0e7ff595833a3f9	GCB182-3
9ccf030461d5bac5a0aa2138f8983317	GCB182-3
c0e41eff88e23b09d8a50b90e079c184	GCB182-3
3d317ee71bb654f6badc1fa39e0c8c55	GCB182-5
6f005d41ff883cd0144e3c72f2a69b5b	GCB182-5
b6ca0e79e60b24754afd2ebe7f008959	GCB182-5
3490fb844cfa390ed68c396979b41ec4	GCB182-5
08829bc9d754f3d72fee280e22eabb50	GCB182-5
cc3bab136eb6ea8f36f9b8f0e1ed989b	GCB182-5
4133fcbebe2b17e6f2bfef7f617e1ca2	GCB182-5
a1ebff58aacf8521b9db81374c12cd2d	GCB182-5
2983f9cb48687513cfc6d3c4ce42740d	GCB182-5
07ef4b626ff46200df196a343a576b19	GCB182-5
6ab1f8a21d1990f0bd9dff7379cd56b0	GCB182-5
e1c75ab7c064ab3db5926b2dc0f2f098	GCB182-5
8e1cf899563d633c81668f752f28ebd0	GCB182-5
e5047c517f39234a024f86d1a2f14ba1	GCB182-5
3bf81a98008e0cf8c27b9d63712893d6	GCB182-5
75e8e595a98ea582a5eca772c1f24aae	GCB182-5
3d317ee71bb654f6badc1fa39e0c8c55	GCB182-6
6f005d41ff883cd0144e3c72f2a69b5b	GCB182-6
b6ca0e79e60b24754afd2ebe7f008959	GCB182-6
3490fb844cfa390ed68c396979b41ec4	GCB182-6
08829bc9d754f3d72fee280e22eabb50	GCB182-6
cc3bab136eb6ea8f36f9b8f0e1ed989b	GCB182-6
4133fcbebe2b17e6f2bfef7f617e1ca2	GCB182-6
a1ebff58aacf8521b9db81374c12cd2d	GCB182-6
2983f9cb48687513cfc6d3c4ce42740d	GCB182-6
07ef4b626ff46200df196a343a576b19	GCB182-6
6ab1f8a21d1990f0bd9dff7379cd56b0	GCB182-6
8f1f3c7bf80abf4cc551e7fd9c817c19	GCB182-6
7a89c43c24a9e4ee4c041c253557c751	GCB182-6
47ab906d6285ce247254bb9e30d3e3e0	GCB182-6
c0fec48ee90b89c9ea6e658d06052943	GCB182-6
d17dc063da5f775211e1dd4cf303c8d9	GCB182-6
3d317ee71bb654f6badc1fa39e0c8c55	GCB182-7
6f005d41ff883cd0144e3c72f2a69b5b	GCB182-7
b6ca0e79e60b24754afd2ebe7f008959	GCB182-7
3490fb844cfa390ed68c396979b41ec4	GCB182-7
08829bc9d754f3d72fee280e22eabb50	GCB182-7
cc3bab136eb6ea8f36f9b8f0e1ed989b	GCB182-7
4133fcbebe2b17e6f2bfef7f617e1ca2	GCB182-7
a1ebff58aacf8521b9db81374c12cd2d	GCB182-7
2983f9cb48687513cfc6d3c4ce42740d	GCB182-7
07ef4b626ff46200df196a343a576b19	GCB182-7
6ab1f8a21d1990f0bd9dff7379cd56b0	GCB182-7
93d2c534845701847d14cb7b2fc885cc	GCB182-7
59120825e3aa9ae804fa1f77e4d6ff3f	GCB182-7
1c370c3707be56ccef82fee08b124cce	GCB182-7
a77aa99270d4effe400db1cce641f26b	GCB182-7
06369ee55fc9c776b26052a8c04ac27c	GCB182-7
3d317ee71bb654f6badc1fa39e0c8c55	GCB182-8
6f005d41ff883cd0144e3c72f2a69b5b	GCB182-8
b6ca0e79e60b24754afd2ebe7f008959	GCB182-8
3490fb844cfa390ed68c396979b41ec4	GCB182-8
08829bc9d754f3d72fee280e22eabb50	GCB182-8
cc3bab136eb6ea8f36f9b8f0e1ed989b	GCB182-8
4133fcbebe2b17e6f2bfef7f617e1ca2	GCB182-8
a1ebff58aacf8521b9db81374c12cd2d	GCB182-8
2983f9cb48687513cfc6d3c4ce42740d	GCB182-8
07ef4b626ff46200df196a343a576b19	GCB182-8
6ab1f8a21d1990f0bd9dff7379cd56b0	GCB182-8
c695fabb4f97abe908d63bf78eb73dca	GCB182-8
8d2b4ce2f8ad993e28fe59a7337a05b3	GCB182-8
eaf23864bf4bf7c546f20405238c3770	GCB182-8
a83dec8fe9022b563bd918ed53e94175	GCB182-8
2d8102b7aec4578f2ec4ba0d4a9e440d	GCB182-8
e52c46fa60e4788b80c93f4beec8e915	GCB184-1
ad2457ae6632168826e4e052962f9e06	GCB184-1
0e40b827a2f948f91b5add7441e51250	GCB184-1
86b57aaa50cda6e97d26b52eaeb76b53	GCB184-1
48ee1d76f19f892a57a322619cc4707d	GCB184-1
e67c29ef3aee73abd3ee7e22976afd0f	GCB184-1
0647c70c42f52e35b9b31a06ed63fa21	GCB184-1
bd6b4865471f0037a5d5caf684f1a490	GCB184-1
b9fb82f5d9f338bbb745e2355738682d	GCB184-1
d914227ba6e0cd2d2d2421aaeb2710f7	GCB184-1
275a83b6e7fcd1dd90f4d8970d956e41	GCB184-1
a2958192369cda24791141d60ea63422	GCB184-1
fbc20377b41c175b9377b53b76e4d26a	GCB184-1
0e7ad26f76473ca33f14ae1e339f8c88	GCB184-1
4025100937f2bfbb88983087f5810400	GCB184-1
df0ec2949b1de159f3d1eadfa2481205	GCB184-1
b6ca0e79e60b24754afd2ebe7f008959	GCB184-1/GCB184
0e40b827a2f948f91b5add7441e51250	GCB184-1/GCB184
e67c29ef3aee73abd3ee7e22976afd0f	GCB184-1/GCB184
cc3bab136eb6ea8f36f9b8f0e1ed989b	GCB184-1/GCB184
2983f9cb48687513cfc6d3c4ce42740d	GCB184-1/GCB184
b9fb82f5d9f338bbb745e2355738682d	GCB184-1/GCB184
6ab1f8a21d1990f0bd9dff7379cd56b0	GCB184-1/GCB184
275a83b6e7fcd1dd90f4d8970d956e41	GCB184-1/GCB184
e52c46fa60e4788b80c93f4beec8e915	GCB184-2
ad2457ae6632168826e4e052962f9e06	GCB184-2
0e40b827a2f948f91b5add7441e51250	GCB184-2
86b57aaa50cda6e97d26b52eaeb76b53	GCB184-2
48ee1d76f19f892a57a322619cc4707d	GCB184-2
e67c29ef3aee73abd3ee7e22976afd0f	GCB184-2
0647c70c42f52e35b9b31a06ed63fa21	GCB184-2
bd6b4865471f0037a5d5caf684f1a490	GCB184-2
b9fb82f5d9f338bbb745e2355738682d	GCB184-2
d914227ba6e0cd2d2d2421aaeb2710f7	GCB184-2
275a83b6e7fcd1dd90f4d8970d956e41	GCB184-2
41be3710d578abd27955644d30c04d45	GCB184-2
1f47e6ce0f7c54cc3a8bc8b7e6ead7a1	GCB184-2
3064566c18ead5aac6534443bfa5f82b	GCB184-2
7ffcc2348e13679bcf117688394199de	GCB184-2
56f0a1cba9b8ea427d1253c5ae45ddff	GCB184-2
e52c46fa60e4788b80c93f4beec8e915	GCB184-3
ad2457ae6632168826e4e052962f9e06	GCB184-3
0e40b827a2f948f91b5add7441e51250	GCB184-3
86b57aaa50cda6e97d26b52eaeb76b53	GCB184-3
48ee1d76f19f892a57a322619cc4707d	GCB184-3
e67c29ef3aee73abd3ee7e22976afd0f	GCB184-3
0647c70c42f52e35b9b31a06ed63fa21	GCB184-3
bd6b4865471f0037a5d5caf684f1a490	GCB184-3
b9fb82f5d9f338bbb745e2355738682d	GCB184-3
d914227ba6e0cd2d2d2421aaeb2710f7	GCB184-3
275a83b6e7fcd1dd90f4d8970d956e41	GCB184-3
9f0d5f038254b226d52d73a9184b5a67	GCB184-3
45c5d57e27e44938c6c1c43465b9849d	GCB184-3
48436965ed9abada7ff1eaf84ef139ad	GCB184-3
6f31c35ce1578d6fc28a0a79af173efd	GCB184-3
e384bbb65c685cd781e2646f457354dc	GCB184-3
e52c46fa60e4788b80c93f4beec8e915	GCB184-4
ad2457ae6632168826e4e052962f9e06	GCB184-4
0e40b827a2f948f91b5add7441e51250	GCB184-4
86b57aaa50cda6e97d26b52eaeb76b53	GCB184-4
48ee1d76f19f892a57a322619cc4707d	GCB184-4
e67c29ef3aee73abd3ee7e22976afd0f	GCB184-4
0647c70c42f52e35b9b31a06ed63fa21	GCB184-4
bd6b4865471f0037a5d5caf684f1a490	GCB184-4
b9fb82f5d9f338bbb745e2355738682d	GCB184-4
d914227ba6e0cd2d2d2421aaeb2710f7	GCB184-4
275a83b6e7fcd1dd90f4d8970d956e41	GCB184-4
c5995a0e110f25b11784b97682ea13ff	GCB184-4
df3ada7e1588fe80af7e69d8b665fb83	GCB184-4
e21a8aca5e6a20427312627a142e67ba	GCB184-4
7abd6e640c0475c87a36cf478bcb610b	GCB184-4
44dbe8684df122a347d5153f90af8da1	GCB184-4
e52c46fa60e4788b80c93f4beec8e915	GCB184-5
ad2457ae6632168826e4e052962f9e06	GCB184-5
0e40b827a2f948f91b5add7441e51250	GCB184-5
86b57aaa50cda6e97d26b52eaeb76b53	GCB184-5
48ee1d76f19f892a57a322619cc4707d	GCB184-5
e67c29ef3aee73abd3ee7e22976afd0f	GCB184-5
0647c70c42f52e35b9b31a06ed63fa21	GCB184-5
bd6b4865471f0037a5d5caf684f1a490	GCB184-5
b9fb82f5d9f338bbb745e2355738682d	GCB184-5
d914227ba6e0cd2d2d2421aaeb2710f7	GCB184-5
275a83b6e7fcd1dd90f4d8970d956e41	GCB184-5
d9ce4e921a2593d97e7009a744ff8f49	GCB184-5
e68a745d451df84f853a837189a2dad2	GCB184-5
7ec5960ee5bc7b5fbc19551023c9f6dd	GCB184-5
bc7ba2b852ec8bfafb0cf3014e203d32	GCB184-5
4fb3fce710934703eac57513717044d0	GCB184-5
e52c46fa60e4788b80c93f4beec8e915	GCB184-6
ad2457ae6632168826e4e052962f9e06	GCB184-6
0e40b827a2f948f91b5add7441e51250	GCB184-6
86b57aaa50cda6e97d26b52eaeb76b53	GCB184-6
48ee1d76f19f892a57a322619cc4707d	GCB184-6
e67c29ef3aee73abd3ee7e22976afd0f	GCB184-6
0647c70c42f52e35b9b31a06ed63fa21	GCB184-6
bd6b4865471f0037a5d5caf684f1a490	GCB184-6
b9fb82f5d9f338bbb745e2355738682d	GCB184-6
d914227ba6e0cd2d2d2421aaeb2710f7	GCB184-6
275a83b6e7fcd1dd90f4d8970d956e41	GCB184-6
83e121454102b353d65b9a28d21b6430	GCB184-6
aaa5d1dfb4171f15758b25acbc9a90ce	GCB184-6
c4605ca1e3552bb1bd045f00c0f1fc4e	GCB184-6
486d190db19e7616933a457a892eaeec	GCB184-6
3fb05dd7660ea5141624823e62583388	GCB184-6
e52c46fa60e4788b80c93f4beec8e915	GCB184-7
ad2457ae6632168826e4e052962f9e06	GCB184-7
0e40b827a2f948f91b5add7441e51250	GCB184-7
86b57aaa50cda6e97d26b52eaeb76b53	GCB184-7
48ee1d76f19f892a57a322619cc4707d	GCB184-7
e67c29ef3aee73abd3ee7e22976afd0f	GCB184-7
0647c70c42f52e35b9b31a06ed63fa21	GCB184-7
bd6b4865471f0037a5d5caf684f1a490	GCB184-7
b9fb82f5d9f338bbb745e2355738682d	GCB184-7
d914227ba6e0cd2d2d2421aaeb2710f7	GCB184-7
275a83b6e7fcd1dd90f4d8970d956e41	GCB184-7
f8014322777ce5a47e61f9c4e889a441	GCB184-7
202bc1d9d08d38aec43852f1616d5212	GCB184-7
4383f8659e4cdd5d2fbfa2bed0ee3402	GCB184-7
7a288bf32d1707395571bf8587ffec91	GCB184-7
909dd4099e4d9c7b1cc648fcea7993e5	GCB184-7
e33a8b84a6136ad7986ead6f8dd235e0	GCB185-14K
e5c2ff4f14af512070397ea91260a528	GCB185-14K
d5be6daca4baf810d3770c01245284b5	GCB185-14K
cbf204484a71b4901466878eaefaea0a	GCB185-14K
4d6bb01cf9afba9f9161c6c3bd5eb550	GCB185-14K
f89234859ec6db45d6993fffa331fa76	GCB185-14K
df9d6899039ccf2eaaaff583ab6fa7f7	GCB185-14K
974a0842723ac572d8664fa808cb17a2	GCB185-14K
f5f2be46677480beef4c9c16a84bd131	GCB185-14K
603340f1aa7bf7ea92ab6fad5b728288	GCB185-14K
676304c566735a9d2efb931ca1d7af0c	GCB185-14K
9717f5f81b4f43287db30dee99eb0a68	GCB185-14K
fed0093ce459a4c10a7d5eab7e8d3ea8	GCB185-14K
a08c1c33ae3b35d832ae8b1dcd6a77dc	GCB185-14K
13c106b65353c23ad167d07fece151d9	GCB185-14K
4d897b3de264d8b5f01d0c90a745f7fd	GCB185-14K
ad3a64f63cd565548ccc4be97e9ec248	GCB186-1
a1869d0d2c8971ba4a122c1bd924b4ba	GCB186-1
d69fd65e0217689834923cc67025b57b	GCB186-1
23b57ffc04e8538af6fa951d50d978cc	GCB186-1
5ca094dd497ae8466beb765d28bc6770	GCB186-1
23578d13721d2630a994fd54b3a17efe	GCB186-1
c7cb123cd771ec4a86acb5134f01f2ee	GCB186-1
c0758ac919eb3d56a8f7ef85be9933d3	GCB186-1
84df28a79ba62d3a0305ee9a370e2095	GCB186-1
969835af7f4a8a678b7baf1f181c2dca	GCB186-1
696f1c53eb74a1003b2baa0e87994bae	GCB186-1
6b9f103682fad82858d2c9639f528559	GCB186-1
7741e6f65114fc859fca84f3af7cb318	GCB186-1
6e5efe4557988d6c828cf204399bf76f	GCB186-1
138eb266a1bfdd4466b3c35b352e383a	GCB186-1
3f9fd379abe5abbffa449e0d998a7445	GCB186-1
ad3a64f63cd565548ccc4be97e9ec248	GCB186-2
a1869d0d2c8971ba4a122c1bd924b4ba	GCB186-2
d69fd65e0217689834923cc67025b57b	GCB186-2
23b57ffc04e8538af6fa951d50d978cc	GCB186-2
5ca094dd497ae8466beb765d28bc6770	GCB186-2
23578d13721d2630a994fd54b3a17efe	GCB186-2
c7cb123cd771ec4a86acb5134f01f2ee	GCB186-2
c0758ac919eb3d56a8f7ef85be9933d3	GCB186-2
84df28a79ba62d3a0305ee9a370e2095	GCB186-2
969835af7f4a8a678b7baf1f181c2dca	GCB186-2
696f1c53eb74a1003b2baa0e87994bae	GCB186-2
52d27ab971de080207c0b18b0f5f48b0	GCB186-2
b396672ec936f0cde51986a2b75fcab3	GCB186-2
ee0b61ceb55342226e16b31935792c96	GCB186-2
e235032896caf16eab6dc92266329896	GCB186-2
0fbe06ebbe3ffccad6711b19229bd3f1	GCB186-2
9a68bff1061b19f295f8dc335e67defc	GCB187-14K-1
44f25bc78f5501b572e3239887a76f11	GCB187-14K-1
9c80d075f1d64430cd3601a0f05763a8	GCB187-14K-1
920315a4b0d9fdcb02a1cd1e318d6ea1	GCB187-14K-1
9dc2ed3cc0716d6edfaecbe3f2fbf3ec	GCB187-14K-1
f857c2e47a293ff0240656d534ccf9cd	GCB187-14K-1
ed5785b9a5f96c8c9ef5a74829bafa90	GCB187-14K-1
d2783c1cb19291906e2d2602ae53b894	GCB187-14K-1
b3a158ad79878af2865aaf5ccc5fd258	GCB187-14K-1
9422ace1b8db62641f2c39b80de19959	GCB187-14K-1
79b3f22ba37749714ff85dbe106f4d07	GCB187-14K-1
a956bdfb93995b2e3eac21e5a89af169	GCB187-14K-1
5104bcd11607eb900979436709b85454	GCB187-14K-1
13f9e1725a7e145a80b2724c76f76e61	GCB187-14K-1
2c054c656ead468d7027632311286e7e	GCB187-14K-1
026dff8e88c6daaaaa9869f84936e924	GCB187-14K-1
9a68bff1061b19f295f8dc335e67defc	GCB187-14K-2
44f25bc78f5501b572e3239887a76f11	GCB187-14K-2
9c80d075f1d64430cd3601a0f05763a8	GCB187-14K-2
920315a4b0d9fdcb02a1cd1e318d6ea1	GCB187-14K-2
9dc2ed3cc0716d6edfaecbe3f2fbf3ec	GCB187-14K-2
f857c2e47a293ff0240656d534ccf9cd	GCB187-14K-2
ed5785b9a5f96c8c9ef5a74829bafa90	GCB187-14K-2
d2783c1cb19291906e2d2602ae53b894	GCB187-14K-2
b3a158ad79878af2865aaf5ccc5fd258	GCB187-14K-2
9422ace1b8db62641f2c39b80de19959	GCB187-14K-2
79b3f22ba37749714ff85dbe106f4d07	GCB187-14K-2
fa96f8b26ad2fd2df61daf1525025b17	GCB187-14K-2
f82be9693c0fea0a7991243ae3678c95	GCB187-14K-2
41d96b592cfc0276657219bab0fd77a7	GCB187-14K-2
70d95dff8aa694c8f68714f28d1ebbda	GCB187-14K-2
418c223862c3f21da3f61b314efbdc1c	GCB187-14K-2
748c0e99ec2568f908fbda49cbeb98f6	GCB22-P
b10864c8a9305d355143bdfa28f4cd27	GCB22-P
e01377aa91a34a13efca7274135b6c19	GCB22-P
d2ccb1c19432bffc27234be8455716eb	GCB22-P
60122aa51580dd1cbddbaab4b55ffc66	GCB22-P
d62c9345b394d711acb349a5bb51dc6c	GCB22-P
c58c3dda48fdc8384bc227318783ddc8	GCB22-P
9101d89d87543b96c7be683dec2c91d1	GCB22-P
7d74796612b3b248297c7d691bcc7cbc	GCB30-P
aef01af2a9040425885e10bd651ac2dc	GCB30-P
08e4bc73d1ee1155e306978a6c3e8d21	GCB30-P
46ebae0ade23f98f6c0d819ad85bf698	GCB30-P
d34019dc560def17bc85e4056cf82fa2	GCB30-P
f2ccc4a17df8e1d062956d8c6dbf4e63	GCB30-P
cbb24de6339c28d35936b025c9cb1831	GCB30-P
90f26a1aca30eefcbb021115ebb0d360	GCB30-P
512584afa3cafcfcdd8d9826a24c6c0f	GCB39
9f2be5a24a0146105c47b01037f44eb1	GCB39
6c3652ea2683f6eee9ec8668e27ae14d	GCB39
3bcb9030e8e842735d1185488116f564	GCB40
21e73570baf23568037fa998cbaf1626	GCB40
bbdcda336e411c37e301f726d6ef520e	GCB40
c245215544f64b171e70827a13484e8c	GCB41
b394941af849ed77741f8ce3d25f4968	GCB41
eef33dd2e59bad9225f1d293d778c48d	GCB41
3a594c8224f026e557c0f7329b56d743	GCB42
5bf9cbf093872004cf232803f8c79b96	GCB42
a45e5ff09dc3173c8bdd2dc38f69ffc1	GCB43
5d7825c5eddfc1d3736bace27e49ee00	GCB43
7735fcedc81ba9d2d51f20c2919fa55d	GCB43
49fe7f61eb0a13bf2ab9d291491c0055	GCB44
8ed011b58e5f17e06106a996994c12f4	GCB44
24269eef806013d1703c1284563aef79	GCB45
51b6919fe22ecde4810f20c9d4e1c373	GCB45
29f95f130ea7beac01c34cd8394034ec	GCB45
f2d6029eb3ae98ae3f6be3b6393e7722	GCB46
48ad2469cf97a84bfa3815c4188f3ce5	GCB46
cc1c004597ca5c69f4715feaa79b1905	GCB46
6fd26b4432c45131d0be9664fd55ba08	GCB47
48ad2469cf97a84bfa3815c4188f3ce5	GCB47
8256908a9f543f9a8980b3691c14848c	GCB47
414c530bf21deb375debb38051e53600	GCB48
e02143854959fe649d0fee9925c85eb4	GCB48
d4b5d352b0b1e9c326ce9a4580bc362d	GCB48
f9c689ccad5a1d990f7a070c96466d59	GCB49
689fdb98d29c176c03835149d260897b	GCB49
720bfc32e484ff636b76fa8e4ef3416f	GCB49
0a065dceca986c94f4afc16932da5282	GCB51-P
7bb90b25c50892fcf806690cd5cffb0c	GCB51-P
a1a7c7ad1c2e4c1e297559fb4b6df74c	GCB51-P
7155733ba8023b48ad5c68ec7dc21c51	GCB51-P
5557873509ea26000baf78fa0acd974e	GCB51-P
f752b8efd07604c51e0398f7a845670d	GCB51-P
16391254eeb65561a1d27c7235ea3393	GCB51-WY
b258de5bd1fc753aac5ee3e05812a7c6	GCB51-WY
fcae304f432ba56b4777270a1aede1cd	GCB51-WY
effa26914d612fafb46a7af7858df0cb	GCB51-WY
8de314ce6d5778ecaebc7146d942879c	GCB51-WY
f752b8efd07604c51e0398f7a845670d	GCB51-WY
1bbb67318710e47fb01d6acc4b2bef15	GCB51-YL
4761cb60c55ed3dff0b5850e1296ab72	GCB51-YL
3dd2737762b0965d7bde505f9e04f68f	GCB51-YL
ebe613f04e9b0dd7b80f61a4e8bd4174	GCB51-YL
838323cc05d2ebca43d774b25403d694	GCB51-YL
f752b8efd07604c51e0398f7a845670d	GCB51-YL
970b8f279fbadbde2604cc88e466af58	GCB51-YP
e29a077317f18ff680c7333166d1e007	GCB51-YP
f263caa28dbd6a6c70bea9375d0e77c9	GCB51-YP
a4a6a2b9900c41e40444d47cb75b83b9	GCB51-YP
686fedc2dcafa1afaba959bcb87319e1	GCB51-YP
f752b8efd07604c51e0398f7a845670d	GCB51-YP
f3fc51e4c5330c69c0301603dfd69087	GCB51-YR
1f420d478fab7b10724fef231965258f	GCB51-YR
12a1df7d11dc1a956c989c2445ac03fe	GCB51-YR
5d2798ac6652185d4393f38c60dcd4aa	GCB51-YR
a6b6cff98292b5a81d5171dd402c3d60	GCB51-YR
f752b8efd07604c51e0398f7a845670d	GCB51-YR
bdfbe9eaedf67bbdbb87237fe4fbce37	GCB52-L
8fee2a9184bf16f3679186906ec7af77	GCB52-L
63073d608154816ae46ea3b4d2f5ed47	GCB52-L
6d255d005fa6315029ebf86ca2c6fe42	GCB52-L
5a6c90684385c397164e76ab6aaa6d4b	GCB52-L
d99b402e0f275007ca6bda734579cb92	GCB52-L
cd48d9c9d8199ed33dea4dfccab70eb8	GCB52-L
99c66a72c63e03b9f87bfdd8e3c1b397	GCB52-L
9f80f17b38aef35f0b63b28d99a65dab	GCB52-L
b5685f432cebdea042be9c02436fb81f	GCB52-L
499bcecf1c9f3f8783412e2a631d9e37	GCB52-L
25564fe42f1cbcf800c0d1b1db1ab282	GCB52-L
5539457a3eeda1cf915e8486f81a215e	GCB53-L
abe6e1b8741da0e0b2ebd1c18f314780	GCB53-L
54ae268d5a0361ce6daf7ce2e9d3f527	GCB53-L
69b521147d62bdd94aa64b746737af42	GCB53-L
32eb76f652b4fe50d31787eb19e294dd	GCB53-L
03b28cd18371dc72e2e4d65133f3fd16	GCB53-L
08d7c39800bdc90e68575f3537f8635b	GCB53-L
0da33919d213180a013fba4f0ea44723	GCB53-L
6e3072d893db89a086c09ecb39a1eea3	GCB53-L
48dde297444cc2ecf3e59dbb57e65775	GCB53-L
d2e06a496a028680bddf2a9b1c2a76b3	GCB53-L
4654e2ba18ef66779895a2139a92644f	GCB54-L
2475ce5155dbd3e6366f40734ff12053	GCB54-L
eba7622f573b162471522771f0da3e37	GCB54-L
cfbda1aec88cf200b5f098081fbf3297	GCB54-L
2db11ba9304fd6c54c075df3476c6157	GCB54-L
023af65594e4076016561ac75b85b275	GCB54-L
a0aeec2c75042b1e2d5aa24fb589f9fb	GCB54-L
7e50b695186b6e6aede2f93b8e6446e9	GCB54-L
c5c03fe2b9564202a97e5008d6e21488	GCB54-L
bf9765279f1545798f034e7bef1c5047	GCB54-L
383616113f6341d520d6bbe84207e068	GCB54-L
54eb7f0dc1e8f1377693d8e651d66bb4	GCB55-L
be5abf5de039574b4d705307c89b788a	GCB55-L
5dbe620740acb4ea74cb1ca94f8416c7	GCB55-L
9c3ef9e9f936785946acda7e9f7fbb65	GCB55-L
e4c27cf117aa894586a5def158d0c7fa	GCB55-L
16a15df454e76b7dc9e3033d07eaf2fd	GCB55-L
5dbd3ebc9fe94d5055ebcd00c1b9c528	GCB55-L
424dab8f670fdb13453507d23dac3db7	GCB55-L
2d6e116e5cc4816d12cb20226a8b8e51	GCB55-L
55e58787ba5f4f0ed00b7a46ab884736	GCB55-L
159c348a81188dc41d1015e3e3c0755e	GCB55-L
40dfa292abf99e056ff31f0f5710a8a7	GCB56-B
03fcb448b2b50375486a06167face194	GCB56-B
841c7d0428675a4c70fcb6f4d913f58c	GCB56-B
da46a349543311c68a997d0bd14f22fa	GCB56-B
c14dbc4fa7869ddede6f8425dc16a5b6	GCB56-B
12d4a4fe005c3bb9d2b98a6e3fd38fa3	GCB56-B
a17eb910192b888d04c71c23241fc06f	GCB56-B
2a374d83dcf1da162bba7588edfb490f	GCB56-B
7807e28cbefa17dce89fb2f08b73b920	GCB56-B
800a6f2481666be12443b6a95f34de2f	GCB57-Z
1980d69a9837af7d949b074a5538bc24	GCB57-Z
7622c7e8f1e02f5d90c41ed0db19f606	GCB57-Z
5d1cc1cce72fa26e7fd4e2c4cd2e9f2b	GCB57-Z
1d14c18005de7b595163275cb16cdb02	GCB57-Z
8a8eb971237d4babc9204b853cd6b3c3	GCB57-Z
04d5d9eb15b8d0277f7b8be11a806a65	GCB57-Z
df50ac1b4958361d64afb4877b2d40ce	GCB57-Z
857f404ab2eeace7695038a71c01b7db	GCB58-LVR
184b96d79e62c9ec6e26a4416d903f5e	GCB58-LVR
6e827d4924051a052d5c9eaa15923bec	GCB58-LVR
4426e69f1cd9ad99b85a602f1971119f	GCB58-LVR
32bdf67e888fb74eccc5c7da323c36a5	GCB58-LVR
4c988e73829e4222938095d690dc38a5	GCB58-LVR
63640d3e51c31ff1ff199eee90eb6f3d	GCB58-LVR
5b64318609290d98b1e29827c747c7ee	GCB58-LVR
0ab22cd8ae6b1c0c8f97900ef268f22b	GSB114
f92a7155b1d2a8d1ac86a4832fa7f84b	GSB114
7cc9a937b1dc92421df76a5bc51b5bbe	GSB114
59da0e4a2b32047cf6520dcdeff2816a	GSB114
d745a91b6ca53b9128a220e9ed038758	GSB114
c20d830aa3593b0136216c1656c53b25	GSB114
c8a7b513a8959fd7110bb9ac838f9359	GSB114
5e5eb9654156e1e915449a20d1533cc7	GSB114
42e70d1cffa3922991a02d64a5070fc7	GSB114
860330c812468cd359e6988d549e90e9	GSB114
0267cd9222e05085b0cf089d05cdd609	GSB114
2d869e63d3c6b019beceb4eb65aa7fcf	GSB114
40d083f7e62892fe1d2df4a63a6c280f	GSB114
fdc479dda5181dd527ceadbc291ee7e4	GSN305
25bfa8ccb9654007a526ab0c284343a1	GSN305
dced04ab31edd493fdcc392f275d272e	GSN305
0ebd810741e5c4d97cc9dd08d97a464c	GSN305
cccda26c6240942467b8df42d4fee4cb	GSN305
d2b300f83764fb2bd626c43ac9f250dd	GSN305
b50f4ebd61b743d226d78f96784ce82e	GSN305
9eb9cfb9415191c7459ac18966d24a37	GSN305
caa324a79dce2afe480b43b0a7ada1e5	GSN305
21687ea3f11a0ff490a164c31a53485c	GSN305
fb8fd8ca3d69d2638fbe655d11a94204	GSN305
c2471e1f6ad03e6a5d344f59dfdd2aad	GSN305
dac14d956c35f26ddc66df37aa91cf4a	GSN305
bb9f64755b77b78fc037d71a41cbaa1c	GSN305
dc1a0f5fec7bf824b332f6a8024e6a98	GSN305
1421ab4c050c7eed1db968c9c71219d5	GSN305
5bed8af61cbefa34aca351b85599cf39	GSN305
70800eda055e42f9f33d4dd920fe765c	GSN305
b4d58cbff6b3f24cd4bd76ece28d951b	GSN305
99dd60a81528908176085ce7cdb50805	GSN305
c8950890d0df108cdc71639309df2318	GSN305
8a9478977c7c19f18adb48c5b6195d4e	GSN305
e4d28d66141c7ef7024691a4b5632a2b	GSN305
310916a2da6cf55084d5f58ed7959bfa	GSN305
81c969bbf0bc90cff2fc0f5cefcc1c83	GSN305
21431e7b17b61264ac7afff9b6fffad1	GSN305
dd85715e55aa8a5f5c727733cb842c8e	GSN305
3bda464e22f493cf0d77f2886f8590f7	GSN305
7e836f2a9e85be3978cd32ef614ca286	GSN305
35b46268542b780950023c1ba5f56aa0	GSN305
1d0a69ab5714c67b312aa9275eb3b300	ORCB214
c3ea761860733891b7f79fe167b300cd	ORCB214
5d2b3ea20a7092b05dc769009ac3317a	ORCB214
2e7c02b0cd03163235e4751fd8ba263d	ORCB214
cdadef5392e6a5e9a5a7f2525f0adfa4	ORCB214
f2022f34d0b6c5e3a379e21a8dfb6d54	ORGCBB1-B
96df8915a84cc74040955583d0039b4e	ORGCBB1-B
6f5cb80e6269b8c80b184b6083568d58	ORGCBB1-B
ae95f3357815a8f2b0c857a6e56e09aa	ORGCBB1-B
79ba2f9969a2807ba16e2e76167669db	ORGCBB1-B
46298dd14da1d7bd0bc961ed81284b1a	ORGCBB1-B
fec1696f6544333936ad9f97cb12f46a	ORGCBB1-B
96f52a362b9877e0f5c9a0b0bb9abe68	ORGCBB1-G
e7968919030b4dedcbf48a93143c152e	ORGCBB1-G
02fe8c34110d9ee42f12464172d305ea	ORGCBB1-G
d16343080cdd01e53b303d0c6604adcc	ORGCBB1-G
1ab7bbc008eccda8cfa2578fd91b41ba	ORGCBB1-G
b85145d718e399f23acbfc00e6e9cd83	ORGCBB1-K
26b417ab6a2d4b61a261b10ba16ec19a	ORGCBB1-K
75dd406294ece2f15c74247ad47ed2b9	ORGCBB1-K
0e2c9282a72acff64f57da13ac0a5edf	ORGCBB1-K
0876fcd2109f568b011e24b5c1d88b65	ORGCBB1-R
a5cbf272258906db928b955ca8608c9a	ORGCBB1-R
a65dfcc8ba3b903141d06a1fd824acf0	ORGCBB1-R
e2075fe49fa29747ea168cfbe142ea8c	ORGCBB1-W
a4ee37a6b059d441e61e6fbe26367e55	ORGCBB1-W
100d1335fb62c39f20457c5f4a0f8145	ORGCBB1-W
4411569efb8b387aca79c0d33b85f88a	ORGSN178
ae7fb9b15e4dc2a0fe3781e141f4b425	ORGSN178
89dc3dce467878f21f5133a3320d4072	ORGSN178
cfd2d05b1aa3b47ed6fb18224d598958	ORGSN178
36aea16f62ec6083820c535980312e3a	ORGSN178
474e4826128541ee6c102f17b3bb3a9c	ORGSN178
3a938b07b796a46204290d63675c6d25	ORGSN178
275b372984f338449709e7ecd90d0e49	ORGSN178
668a3f5f6b8112f901b83a63b2f48c49	ORGSN178
7add603ffe84ba3359726395e7d2035f	ORGSN178
bb81c997da4c5e2640bbfe38daf6d9e0	ORGSN178
12323346e8bbe59d5374a7d316b94d4b	ORGSN178
2ac8bdca3f5b1cf0f687e29a6b24c6a8	ORGSN178
f9ac1cd9a4da30bace601159c18b5210	Orloff customized design
cc189515f1849445c489a1abcb9250aa	Orloff customized design/CBB01
d8c613ee2c536a8246167f12816fdd5e	Orloff customized design/CBB01
36abbf8d3ad1358f2ff6d5b8ac8fe47f	Orloff customized design/CBB01
0cd3da05affffac35d643775dc196bcd	Orloff customized design/CBB01
ece4b9b2e858b81e35a94e21844f5ef8	Orloff customized design/CBB01
53887feaf59118f3526f0a79b58c9b45	Orloff customized design/CBB01
b4a006b9bc60ad7697b781cb0999665c	Orloff customized design/CBB01
d08adaad0315feb567e2e80569270fa1	Orloff customized design/CBB01
2177bfc261a2d91b1624999efad74813	Orloff customized design/CBB01
a941cc66345e3ea1a7f1ba3f45145247	Orloff customized design/CBB01
1becee96af33bcdf2d862d7a9cbfb56a	Orloff customized design/GCB05
a31f90f74c5c6cadd8309b1f9f1a0ff4	Orloff customized design/GCB05
df89d8e80c9442dbfcb6b43d8ef19ccb	Orloff customized design/GCB05
216a1024f5643b86a6573f2e4547cfc9	Orloff customized design/GCB05
3cf098a70febb84d2ec10f1459ed8329	Orloff customized design/GCB05
3c30bee79d89f9332e568590bd5b807c	Orloff customized design/GCB05
bfed57b55c1c05bfe5a7a4bdfb0e9e57	Orloff customized design/GCB05
6b9fcc3eaabc508f7569a56903d1e565	Orloff customized design/GCB05
492ad3795d6c1277560197e4092e7a8e	Orloff customized design/GCB06
e65f5009223900b7aa30f7b1d5b039de	Orloff customized design/GCB06
bbc4dde5f5322c5141f0801a0fd65c76	Orloff customized design/GCB06
5773d1eefb91140284571248dfc69c6e	Orloff customized design/GCB06
769dd2cddd99b1cb91f01997af062e9a	Orloff customized design/GCB06
c85634165a9ac6e19593539b01a89786	Orloff customized design/GCB06
aecafc0f9dbca0910a79be1235c88e9d	Orloff customized design/GCB06
f6a7fe1d4358e2446137bac5b9be88f6	Orloff customized design/GCB07-18K
3b2bb362e655896905e8b81b20635a08	Orloff customized design/GCB07-18K
5f4603b8443ac47455b3423f2e12ea80	Orloff customized design/GCB07-18K
c075a5a3a36096f183035b0a01a44693	Orloff customized design/GCB07-18K
ba9d781b96dc4664ef0abf3261cab96d	Orloff customized design/GCB07-18K
425f1128f45f869874df202e02ff8cda	Orloff customized design/GCB07-P
026e1504609a035f59ab4547fb616f95	Orloff customized design/GCB07-P
ac263cbc9479fd86bc606fa7454953ce	Orloff customized design/GCB07-P
317edcdb21d59f5d14bdc4efbb78bda2	Orloff customized design/GCB07-P
293e8bb93abb8d2d9e2f4b982702a1f5	Orloff customized design/GCB07-P
ac9ff5a92e358a0d8d761a125204f67f	Orloff customized design/GCB07-P
b86c8bef678a1f23d67f6497a3413e85	Orloff customized design/GCB08-18K
2525d8279725a2ca0b728a75d60d9275	Orloff customized design/GCB08-18K
5bfb5fb2629fc04ec1352f683d077f62	Orloff customized design/GCB08-18K
8b00cd0ade2b047eb2300e8fef4e961c	Orloff customized design/GCB08-18K
58ad1629ec6058349df5b5b5d4d8ed78	Orloff customized design/GCB08-18K
f534d6dda9f8aed76d274e6d5199ccae	Orloff customized design/GCB08-18K
a73a4670de6269f62d0cabba52640de1	Orloff customized design/GCB08-18K
9893ed941ea2443be5dc249f107a0c78	Orloff customized design/GCB08-P
e0ec32b0d9f98024705583e1df764004	Orloff customized design/GCB08-P
320bfe97d41eb2c9b09db5c424ea4832	Orloff customized design/GCB08-P
867e16be539f31df4e92d0ad5551642e	Orloff customized design/GCB08-P
f5eecb129dd64a0ad15cedfd8272c3e3	Orloff customized design/GCB08-P
1ae8b81b12341a342e97d09fb573505e	Orloff customized design/GCB08-P
2a15b269a5fb8dcdf8d9005c79a3cfe3	Orloff customized design/GCB08-P
f2e823c4247143037941dc9d3ee1cd66	Orloff customized design/GCB08-P
ed70122f5d0d1b72328454ba033e8b1c	Orloff customized design/GCB09
c00d598f9cc57534d31aa7377d025f2b	Orloff customized design/GCB09
cd11c0d8a67929ace1b8c530d2f16b5e	Orloff customized design/GCB09
347168b5e603bac6aa638f27a4896b29	Orloff customized design/GCB09
c9019dfbb13828e02a659c14a5e0e2a1	Orloff customized design/GCB09
035dedd2c84c085f834d89f21b91d735	Orloff customized design/GCB09
0d29b841adeaee95dccb1de8b6f9385a	Orloff customized design/GCB09
801b29b151490cc47420023041a9d3cd	Orloff customized design/GCB09
a65e9cae4efa24c6fc9772196775007d	Orloff customized design/GCB10
87a89596217c95a1492e79d002d47ca1	Orloff customized design/GCB10
7ea13ec7b2e6b1279fc96c7ccb9c0558	Orloff customized design/GCB10
41722112a1f7ac3e69bae471f1d03e2f	Orloff customized design/GCB10
10adabd1051892b68d7839d7a43aaafb	Orloff customized design/GCB10
94768857fcd734d9a21d25630ab5838f	Orloff customized design/GCB10
07601f9a16a25e832be2c97d0ecadf50	Orloff customized design/GCB10
56e4a0d8e14b4aad7c8dc519fa7e57b3	Orloff customized design/GCB10
068a74d9fe585448e2d2c3cfd136e8ab	Orloff customized design/GCB11
7b17e1b99bde2fa6c4583062c99ecf06	Orloff customized design/GCB11
330fa5618df260d3f07e3ded9a0b2563	Orloff customized design/GCB11
f378ac0d3fe85311473e3191f0a28d40	Orloff customized design/GCB11
9154996d40324f0d13b8ea85989de138	Orloff customized design/GCB11
0b17defc1d80a8a4c3d1c9736bed5a5c	Orloff customized design/GCB11
585a2a5f882a19d2122283bfcbbdc371	Orloff customized design/GCB12
095b7e39e0d3f19c9624a143fc94e733	Orloff customized design/GCB12
5f8020cc417df09550bd205b6c365116	Orloff customized design/GCB12
1eb87c266c297d685b5ff20710615a03	Orloff customized design/GCB12
c4bff1e8bda2a973c3d7eb79e91a82ba	Orloff customized design/GCB12
b34d504b19818f87b21ef924e7ae649c	Orloff customized design/GCB12
171ce75279d99918fb39d163ffa57cdc	Orloff customized design/GCB18
79842c5071980fe8cd3e12e1e00cdb2a	Orloff customized design/GCB18
98215945ea92f16334dde715cca50a40	Orloff customized design/GCB18
ffe10ba4a37d052e10b433d16961f66e	Orloff customized design/GCB18
72028a6c98bab9d8b1a29c9b6a7f4299	Orloff customized design/GCB18
e542e31d512630b8ed5c84072282be59	Orloff customized design/GCB18
837392231405a2f1cc373bde126edf26	Orloff customized design/GCB18
befae92590d28adc9561d2371003c58b	Orloff customized design/GCB18
781b6280d9b95efa668b44fae491e815	Orloff customized design/GCB19-18K
96872a6296f127eecba227f67a6738f1	Orloff customized design/GCB19-18K
5817b2e1c5f5e6139e7aaf2425cedf9f	Orloff customized design/GCB19-18K
48305123d4742eae70a5f6491f8c7405	Orloff customized design/GCB19-18K
fdc6502917f887e0c152b161225823d6	Orloff customized design/GCB19-18K
2b1bba3e3561603d08dfb721d1cd4a98	Orloff customized design/GCB19-18K
faaf666de534ef418f5e2fdb5f8cb8fb	Orloff customized design/GCB19-18K
319f669b0839b46b41520ec17c9aa5e7	Orloff customized design/GCB19-P
67691ee02384a5cf8273bc562d7aa3f7	Orloff customized design/GCB19-P
40664f29dc6e95747a00b1069074bf7c	Orloff customized design/GCB19-P
4ea2748a290437922c0921ad85eefdf5	Orloff customized design/GCB19-P
711dfa59e27978860b2a3fd9856379ed	Orloff customized design/GCB19-P
e37a14f25554b152105a400e7666535a	Orloff customized design/GCB19-P
7b5d658ca33c36ecf004777f524e5252	Orloff customized design/GCB20-18K
46501e94144dd2dcdb2e50e41fe2bd7c	Orloff customized design/GCB20-18K
abcb2612371fac21964e1c652ef07d44	Orloff customized design/GCB20-18K
55ef4cbb743e6e15198896c91d6e49ec	Orloff customized design/GCB20-18K
340f31c9eecc37c600c7ba060104b690	Orloff customized design/GCB20-18K
2ac560a4c034a7350434c4d934e7baca	Orloff customized design/GCB20-18K
cc0bc1e373a5f901b7aa2eee7f9cc7f4	Orloff customized design/GCB20-18K
d9daf74d148ac5cebe1022aee9148ea0	Orloff customized design/GCB20-P
f7342d177d01dae081b23ed71c63d7dc	Orloff customized design/GCB20-P
58ad32ca6074cff95f974b3fec7d7d2a	Orloff customized design/GCB20-P
d140fe8c9ac53180c8e4f272e4cb8fc3	Orloff customized design/GCB20-P
49d6422915bd9fc60a742620d2555090	Orloff customized design/GCB20-P
71219ef319daab038e53b5f0e6de8d20	Orloff customized design/GCB20-P
57545d7641224c8286813c296fc4a47c	Orloff customized design/GCB21-18K
52e084b78d1840c836e52c338c9da68b	Orloff customized design/GCB21-18K
3611285738c488d05d81ba9d6ad6e501	Orloff customized design/GCB21-18K
dd618e2f6180d10ad3ae6052322218af	Orloff customized design/GCB21-18K
b44df59146cd62d66e30aea32daf96df	Orloff customized design/GCB21-18K
2bcac57541bb1ac0e529654b44bdc215	Orloff customized design/GCB21-18K
6c773be0b76de7388e1cf48fed65b4e0	Orloff customized design/GCB21-18K
2114bb7a0fbb00820383d530d473438d	Orloff customized design/GCB21-P
96873cce4eff2a4553c51ab1903388a9	Orloff customized design/GCB21-P
2b4b557262c532d4de46e691593ae028	Orloff customized design/GCB21-P
ca8692083e625293b467d0e6e0180a5b	Orloff customized design/GCB21-P
2f458d8f3c4650f19bf1ba01b50003e5	Orloff customized design/GCB21-P
67b6c5983cfc97b5b78b4848695f9da0	Orloff customized design/GCB21-P
5551f15cb81fed77036cb198566c3db5	Orloff customized design/GCB22-18K
9c6d16fadad106440af50e8b79ede994	Orloff customized design/GCB22-18K
2bb92fcb4e4bf42137da68de51f3f36d	Orloff customized design/GCB22-18K
5b58090acf9071736f4ed3fbcf72db23	Orloff customized design/GCB22-18K
6b6ea3b31d110cb4e0e413b0755e35c5	Orloff customized design/GCB22-18K
3ee829fe626f4b8b3fcbeb04ccfc91c6	Orloff customized design/GCB22-18K
54d323c2acb419ba2f5a87fee7f220a4	Orloff customized design/GCB22-18K
748c0e99ec2568f908fbda49cbeb98f6	Orloff customized design/GCB22-P
4d98e2eba4da5e514f087904ff403e26	Orloff customized design/GCB22-P
60122aa51580dd1cbddbaab4b55ffc66	Orloff customized design/GCB22-P
d62c9345b394d711acb349a5bb51dc6c	Orloff customized design/GCB22-P
c58c3dda48fdc8384bc227318783ddc8	Orloff customized design/GCB22-P
9101d89d87543b96c7be683dec2c91d1	Orloff customized design/GCB22-P
65c009b47013a191ffb1eee1d69cacae	Orloff customized design/GCB23-18K
620998700b1d6966bfd49b3cddf09705	Orloff customized design/GCB23-18K
69b44454512d32d32bcc8a051b1bc3bc	Orloff customized design/GCB23-18K
762e3ffeb5082ebd39c3b826a02dbe70	Orloff customized design/GCB23-18K
b678746569c76ec573c0811ad2683db1	Orloff customized design/GCB23-18K
a9687d3a11e173092703224efe58ae91	Orloff customized design/GCB23-18K
f6212e122cc0bcdb331a6a09d50c749b	Orloff customized design/GCB23-18K
90289676fe678e0cc6613a082ff504ff	Orloff customized design/GCB23-18K
e5daa6505ab7c395b0e97b09c5ff33c7	Orloff customized design/GCB23-P
2fc05ccdd391ab7d9e8162fccdc51524	Orloff customized design/GCB23-P
2ee89da8a8602efb861261ef449ec4fe	Orloff customized design/GCB23-P
4f84cb28c57088fca33dd06b683b25b9	Orloff customized design/GCB23-P
64b75ab438a75077691a2c39f4b00803	Orloff customized design/GCB23-P
9f256dc0a1c8ed4bd88cbd86aaa3b370	Orloff customized design/GCB23-P
73ae7b2b120840424ef866fc51932430	Orloff customized design/GCB23-P
03011ff4fc9d7cc132599ec206ee0bf0	Orloff customized design/GCB24-18K
3de65abcd1d085cf3c6d18557d6b6b23	Orloff customized design/GCB24-18K
8bdde29f78a83e3be5e8b2e0bc57a50d	Orloff customized design/GCB24-18K
795d2b47bfb7e9a3771edd6e0c279ba7	Orloff customized design/GCB24-18K
3b07e21c4ab28846d29d1814ed804a76	Orloff customized design/GCB24-18K
1adffc12c78e2307ce890d6fdaaeec74	Orloff customized design/GCB24-18K
fd5defeaa02ed147f43c77246b53cdfd	Orloff customized design/GCB24-18K
3db183cc547b78e210b44e5df20da272	Orloff customized design/GCB24-18K
e248448266fe7fccd1d9f0b53f649b6a	Orloff customized design/GCB24-P
c213645d33a45546d939aae3d0e5808f	Orloff customized design/GCB24-P
e32441302e318ce3893d3fd818996e3a	Orloff customized design/GCB24-P
d3a4b5de07e433a7953619afc1e0db3d	Orloff customized design/GCB24-P
a02000dfb6b97536a2e484651154118a	Orloff customized design/GCB24-P
6cdb4b130a2748d5e921a2dc01bb5891	Orloff customized design/GCB24-P
77354568be7ef8f404c9b801e3d377a2	Orloff customized design/GCB24-P
a5a53bbd98b48f8798d6f38ff63eb09c	Orloff customized design/GCB25
1f0adc5c54fc8fd64af5937a08616404	Orloff customized design/GCB25
fdd7e5e445008122975d1dcbfd4b1823	Orloff customized design/GCB25
9a0e74fb526036eb3cc9a8f78a4cc0b4	Orloff customized design/GCB25
e12c6ef6b3315d8fab6656ad3977fba2	Orloff customized design/GCB25
a7ea1564914f3fd7c85e79eddd2770cc	Orloff customized design/GCB25
1a0e797cf600470e6e801afa7bc7f87c	Orloff customized design/GCB25
e332813545740ccbbcbcb87cc1c363ce	Orloff customized design/GCB25
758294fb073c033d679579624536ac7e	Orloff customized design/GCB26-18K
9d42a43571accb1ecfeb60b7b30249c2	Orloff customized design/GCB26-18K
2af748f3d726d3e9178ff50045638228	Orloff customized design/GCB26-18K
acb36353702683e1623b534aa80cf2af	Orloff customized design/GCB26-18K
de88604632d2d5a4e6849f4063a3298d	Orloff customized design/GCB26-18K
478ae58149ede1785ddfc6c5ce670c39	Orloff customized design/GCB26-18K
7383fa5d0c90ccf9213df2b0169398d7	Orloff customized design/GCB26-18K
6c5f4d0125420cccc58de91be6ffbaac	Orloff customized design/GCB26-18K
cf424174de09e1d916af64a9c83928a5	Orloff customized design/GCB26-P
4a090265251b5707fba3d1dbf4d7b256	Orloff customized design/GCB26-P
4844e5d23067a0aaadaf76eca0c6039a	Orloff customized design/GCB26-P
1a9e5b09ae448c550e8ac735508d8f96	Orloff customized design/GCB26-P
06fead58aacdd609ab79d85b6052977a	Orloff customized design/GCB26-P
7b46f2b16621b95b6f5ab9ea74702450	Orloff customized design/GCB26-P
14c123c1add42d0b6d9468c7bc330ebe	Orloff customized design/GCB26-P
4b6809f63218998ef12800d03282195c	Orloff customized design/GCB27
3038ecd9af56dfd35cf4fa844cfecb26	Orloff customized design/GCB27
d93b4acafc6abe3a5eb6d21b77ccbcf6	Orloff customized design/GCB27
743d66bf562a051f78cdea1a5a58861f	Orloff customized design/GCB27
cb6550ca7cdf5652f486cef61312b241	Orloff customized design/GCB27
1a4dec67fb95854b44e9135f7e2cdf77	Orloff customized design/GCB27
9298a18736a8a280cfe8d49ed250a0f2	Orloff customized design/GCB27
3fd5a25cc9cf3661c80e6405df1430b9	Orloff customized design/GCB27
dc602017a85f639aaa43bfe435347410	Orloff customized design/GCB28-18K
3a23a35a498ba481169055519f37ba42	Orloff customized design/GCB28-18K
1e24099e72f091a12933078a8539aa86	Orloff customized design/GCB28-18K
8ae2300c0f615f15f018f566d0b2184d	Orloff customized design/GCB28-18K
7c10e7d92036da870d6c4493da6c5855	Orloff customized design/GCB28-18K
67b9943e6b05d36f529b7f1712863219	Orloff customized design/GCB28-18K
deb555e85261873ed6fe71fb416ad679	Orloff customized design/GCB28-18K
38b44ee14e99c1830a161d53744e1e54	Orloff customized design/GCB28-18K
4b72ce6178bd82c21d9a748aba6f6518	Orloff customized design/GCB28-P
4d1b496c56e476c304aa5d8acfb9257a	Orloff customized design/GCB28-P
d3180a7da97767564d27cdf806b5b301	Orloff customized design/GCB28-P
8210d28374a5eade6783e3e269a212df	Orloff customized design/GCB28-P
50ce6d1e723804b3b16ed9f57c625fb9	Orloff customized design/GCB28-P
71757527c0d7e2af77b02dee27bc3fdc	Orloff customized design/GCB28-P
33dadb43187ee9f6a796c671f1d0fd59	Orloff customized design/GCB28-P
ef7d478e2a0da17116338a50da854f50	Orloff customized design/GCB29-18K
b238041d7b6275155bf043b99b68e3e8	Orloff customized design/GCB29-18K
99119061941eb406d75a0b007e4bd6a0	Orloff customized design/GCB29-18K
af4d50f82787ee6bbe6f159144865d7c	Orloff customized design/GCB29-18K
099da40dc1d1ee246b6c68ed453d7bfe	Orloff customized design/GCB29-18K
5e0bd6c36dc4a0a75da59c25c239c620	Orloff customized design/GCB29-18K
2f99dbe86a9768f6f21950c643ac40fc	Orloff customized design/GCB29-18K
7684505918d93b4327ba950ada76c367	Orloff customized design/GCB29-18K
65dc2e2d3fd771d90769f21d2df69e22	Orloff customized design/GCB29-P
9627aa17bdb095066294f7e451bdf283	Orloff customized design/GCB29-P
3890e0440d52e126ba1b7e8797ebed3c	Orloff customized design/GCB29-P
a82c96cb50f0e68528ea4871f557cfa8	Orloff customized design/GCB29-P
62174c6c4a81e56f6b48e7f5e1448ca3	Orloff customized design/GCB29-P
2aec74b1116af0f16cd27a56cf908836	Orloff customized design/GCB29-P
1e2536726dfebe2bdc4c316311a30f08	Orloff customized design/GCB29-P
984f060f151c4e119324addf6cad4864	Orloff customized design/GCB30-18K
739058979847f8a84f0171f707d3d1f4	Orloff customized design/GCB30-18K
3740ef1d9c222c630f647d3a49238548	Orloff customized design/GCB30-18K
a9d4aad36577b73ebebb935ed955aa37	Orloff customized design/GCB30-18K
6fcf0c6ce8469e238222396c10a083f4	Orloff customized design/GCB30-18K
e79faabcab4bc35812d08b52fea31de6	Orloff customized design/GCB30-18K
7d0c5ddd4a324cc6aedbb4a707494a16	Orloff customized design/GCB30-18K
37e8866261b9e5edaee487fdbbd1f92f	Orloff customized design/GCB30-18K
7d74796612b3b248297c7d691bcc7cbc	Orloff customized design/GCB30-P
406782a79a02806d3c9d076fd47a8c7b	Orloff customized design/GCB30-P
3e1a932c990fc0bb0c981d0f2a43b5e9	Orloff customized design/GCB30-P
d34019dc560def17bc85e4056cf82fa2	Orloff customized design/GCB30-P
f2ccc4a17df8e1d062956d8c6dbf4e63	Orloff customized design/GCB30-P
cbb24de6339c28d35936b025c9cb1831	Orloff customized design/GCB30-P
90f26a1aca30eefcbb021115ebb0d360	Orloff customized design/GCB30-P
d2c2c9da3c9a13d56f62d57e566214ad	Orloff customized design/GCB50
d2849807dbe1a50b15b37f64cd5a6294	Orloff customized design/GCB50
d6b7b9682c57b3945e138b6c2a071a56	Orloff customized design/GCB50
1b0d0357a95ab5505b1acb4b8f950aec	Orloff customized design/GCB50
f117cddf8e2c9f4a7951ae0cc1e58758	Orloff customized design/GCB50
3e23b476289c0d334478df227771c489	Orloff customized design/GCB50
d0f27ad508db0ab4872670538e903efb	Orloff customized design/GCB50
a602fd62d267cba13ebf3ec375a78d05	Orloff customized design/GCB50
5cc9ab3185b8ffdc11e0f8255afab9a6	Orloff customized design/GSB106-P
a0f61a450ddb5cbaa34e82739c50afb8	Orloff customized design/GSB106-P
372aa6c9fb40d228d9bc829e0addadce	Orloff customized design/GSB106-P
ae7dbb1df932bd379a5e2706530e55fd	Orloff customized design/GSB106-P
787bfdaa0e368aad87ce41540bc4e8ab	Orloff customized design/GSB106-P
98bec1dd8b30ab586623914278917041	Orloff customized design/GSB106-P
eaded5ff43859a3d2631c2ea6f919eda	Orloff customized design/GSB106-P
83e71872ed168d132ac5c52b8fdffd3f	ORSWE18
f91800f9c8f0c83dd9c72d8547313764	ORSWE18
124dd785542fc954e2529037b832e335	ORSWE18
ba0e027e009bf2ac5bfa2dd95b465a49	ORSWE18
5127a83af584284ca71602d521897a22	ORSWE18
0b77c2c9ef1383235eebfcf1f69ca90b	ORSWE18
5fa6469acd1f6121f84e508f301aed41	ORSWE18
5d011c22bd65022dd7e4eea1cdebcb25	ORSWN09-B
0a69d7df80a6f373e0062e2f42c593f6	ORSWN09-B
b53d0fb39c41afb5e0f0b262502fe53b	ORSWN09-B
fd8e3836e858e29941f3a83389144cee	ORSWN09-B
7e18cd645c5e1df612d94a6370b16b75	ORSWN09-B
4cddb6f9d75f19c292e0bdca45c68b72	ORSWN09-B
