"SKU","File","Path","W","H","Bg","Bar","Class","AspectDev"
"ORCB214","333.jpg","E:\HD PICTURE\ORCB214\333.jpg","800","800","248,4","15","PLAIN","0"
"ORCB214","CB214-MAIN-IMG_00-S.jpg","E:\HD PICTURE\ORCB214\CB214-MAIN-IMG_00-S.jpg","800","800","12,6","25","MODEL","0"
"ORCB214","CB214-MAIN-IMG_0079-(1)-S.jpg","E:\HD PICTURE\ORCB214\CB214-MAIN-IMG_0079-(1)-S.jpg","800","800","254","0","PLAIN","0"
"ORCB214","CB214-MAIN-IMG_0079-(2)-S.jpg","E:\HD PICTURE\ORCB214\CB214-MAIN-IMG_0079-(2)-S.jpg","800","800","202,9","0","PLAIN","0"
"ORCB214","CB214-MAIN-IMG_0079-(3)-S.jpg","E:\HD PICTURE\ORCB214\CB214-MAIN-IMG_0079-(3)-S.jpg","800","800","179,4","0","PLAIN","0"
"ORCBB01-17","1.jpg","E:\HD PICTURE\Orloff customized design\CBB01\1.jpg","1001","1001","247,1","88,8","INFO","0"
"ORCBB01-17","12.jpg","E:\HD PICTURE\Orloff customized design\CBB01\12.jpg","970","658","251,6","2,1","PLAIN","0,474"
"ORCBB01-17","122.jpg","E:\HD PICTURE\Orloff customized design\CBB01\122.jpg","970","701","249,1","61,3","PLAIN","0,384"
"ORCBB01-17","13.jpg","E:\HD PICTURE\Orloff customized design\CBB01\13.jpg","970","668","249,4","21,8","PLAIN","0,452"
"ORCBB01-17","2.jpg","E:\HD PICTURE\Orloff customized design\CBB01\2.jpg","1001","1001","247,1","88,8","INFO","0"
"ORCBB01-17","3.jpg","E:\HD PICTURE\Orloff customized design\CBB01\3.jpg","1001","1001","247,1","88,8","INFO","0"
"ORCBB01-17","30.jpg","E:\HD PICTURE\Orloff customized design\CBB01\30.jpg","970","695","249,6","27,6","PLAIN","0,396"
"ORCBB01-17","IMG_0815.jpg","E:\HD PICTURE\Orloff customized design\CBB01\IMG_0815.jpg","1001","1001","246,5","3,6","PLAIN","0"
"ORCBB01-17","IMG_0822.jpg","E:\HD PICTURE\Orloff customized design\CBB01\IMG_0822.jpg","1001","1001","206,9","0","PLAIN","0"
"ORCBB01-17","IMG_0837.jpg","E:\HD PICTURE\Orloff customized design\CBB01\IMG_0837.jpg","1001","1001","206,2","0","PLAIN","0"
"ORCBB01-19","1.jpg","E:\HD PICTURE\Orloff customized design\CBB01\1.jpg","1001","1001","247,1","88,8","INFO","0"
"ORCBB01-19","12.jpg","E:\HD PICTURE\Orloff customized design\CBB01\12.jpg","970","658","251,6","2,1","PLAIN","0,474"
"ORCBB01-19","122.jpg","E:\HD PICTURE\Orloff customized design\CBB01\122.jpg","970","701","249,1","61,3","PLAIN","0,384"
"ORCBB01-19","13.jpg","E:\HD PICTURE\Orloff customized design\CBB01\13.jpg","970","668","249,4","21,8","PLAIN","0,452"
"ORCBB01-19","2.jpg","E:\HD PICTURE\Orloff customized design\CBB01\2.jpg","1001","1001","247,1","88,8","INFO","0"
"ORCBB01-19","3.jpg","E:\HD PICTURE\Orloff customized design\CBB01\3.jpg","1001","1001","247,1","88,8","INFO","0"
"ORCBB01-19","30.jpg","E:\HD PICTURE\Orloff customized design\CBB01\30.jpg","970","695","249,6","27,6","PLAIN","0,396"
"ORCBB01-19","IMG_0815.jpg","E:\HD PICTURE\Orloff customized design\CBB01\IMG_0815.jpg","1001","1001","246,5","3,6","PLAIN","0"
"ORCBB01-19","IMG_0822.jpg","E:\HD PICTURE\Orloff customized design\CBB01\IMG_0822.jpg","1001","1001","206,9","0","PLAIN","0"
"ORCBB01-19","IMG_0837.jpg","E:\HD PICTURE\Orloff customized design\CBB01\IMG_0837.jpg","1001","1001","206,2","0","PLAIN","0"
"ORCBB01-21","1.jpg","E:\HD PICTURE\Orloff customized design\CBB01\1.jpg","1001","1001","247,1","88,8","INFO","0"
"ORCBB01-21","12.jpg","E:\HD PICTURE\Orloff customized design\CBB01\12.jpg","970","658","251,6","2,1","PLAIN","0,474"
"ORCBB01-21","122.jpg","E:\HD PICTURE\Orloff customized design\CBB01\122.jpg","970","701","249,1","61,3","PLAIN","0,384"
"ORCBB01-21","13.jpg","E:\HD PICTURE\Orloff customized design\CBB01\13.jpg","970","668","249,4","21,8","PLAIN","0,452"
"ORCBB01-21","2.jpg","E:\HD PICTURE\Orloff customized design\CBB01\2.jpg","1001","1001","247,1","88,8","INFO","0"
"ORCBB01-21","3.jpg","E:\HD PICTURE\Orloff customized design\CBB01\3.jpg","1001","1001","247,1","88,8","INFO","0"
"ORCBB01-21","30.jpg","E:\HD PICTURE\Orloff customized design\CBB01\30.jpg","970","695","249,6","27,6","PLAIN","0,396"
"ORCBB01-21","IMG_0815.jpg","E:\HD PICTURE\Orloff customized design\CBB01\IMG_0815.jpg","1001","1001","246,5","3,6","PLAIN","0"
"ORCBB01-21","IMG_0822.jpg","E:\HD PICTURE\Orloff customized design\CBB01\IMG_0822.jpg","1001","1001","206,9","0","PLAIN","0"
"ORCBB01-21","IMG_0837.jpg","E:\HD PICTURE\Orloff customized design\CBB01\IMG_0837.jpg","1001","1001","206,2","0","PLAIN","0"
"ORGCB05-P-18","03.jpg","E:\HD PICTURE\Orloff customized design\GCB05\03.jpg","1001","1001","244,5","88,8","INFO","0"
"ORGCB05-P-18","1.jpg","E:\HD PICTURE\Orloff customized design\GCB05\1.jpg","970","739","254,9","3,7","PLAIN","0,313"
"ORGCB05-P-18","2.jpg","E:\HD PICTURE\Orloff customized design\GCB05\2.jpg","970","719","251,4","25,1","PLAIN","0,349"
"ORGCB05-P-18","GCB05.jpg","E:\HD PICTURE\Orloff customized design\GCB05\GCB05.jpg","1001","1001","254,8","5,2","PLAIN","0"
"ORGCB05-P-18","IMG_0188.jpg","E:\HD PICTURE\Orloff customized design\GCB05\IMG_0188.jpg","1001","1001","199,6","0","PLAIN","0"
"ORGCB05-P-18","IMG_0310.jpg","E:\HD PICTURE\Orloff customized design\GCB05\IMG_0310.jpg","1001","1001","142,4","0","MODEL","0"
"ORGCB05-P-18","IMG_0469.jpg","E:\HD PICTURE\Orloff customized design\GCB05\IMG_0469.jpg","1001","1001","142","1,2","MODEL","0"
"ORGCB05-P-18","IMG_9370.jpg","E:\HD PICTURE\Orloff customized design\GCB05\IMG_9370.jpg","1001","1001","250,5","5,2","PLAIN","0"
"ORGCB06-P","1.jpg","E:\HD PICTURE\Orloff customized design\GCB06\1.jpg","1001","1001","247,2","88,8","INFO","0"
"ORGCB06-P","2.jpg","E:\HD PICTURE\Orloff customized design\GCB06\2.jpg","970","728","252,8","31,7","PLAIN","0,332"
"ORGCB06-P","GCB06.jpg","E:\HD PICTURE\Orloff customized design\GCB06\GCB06.jpg","970","644","255","0","PLAIN","0,506"
"ORGCB06-P","IMG_0095.jpg","E:\HD PICTURE\Orloff customized design\GCB06\IMG_0095.jpg","1001","1001","250,5","0","PLAIN","0"
"ORGCB06-P","IMG_0135.jpg","E:\HD PICTURE\Orloff customized design\GCB06\IMG_0135.jpg","1001","1001","195,5","0","PLAIN","0"
"ORGCB06-P","IMG_0324.jpg","E:\HD PICTURE\Orloff customized design\GCB06\IMG_0324.jpg","1001","1001","180","0","PLAIN","0"
"ORGCB06-P","IMG_0536.jpg","E:\HD PICTURE\Orloff customized design\GCB06\IMG_0536.jpg","1001","1001","129,2","2,4","MODEL","0"
"ORGCB07-18K","1.jpg","E:\HD PICTURE\Orloff customized design\GCB07-18K\1.jpg","1001","1001","244,5","88,8","INFO","0"
"ORGCB07-18K","IMG_2049.jpg","E:\HD PICTURE\Orloff customized design\GCB07-18K\IMG_2049.jpg","1001","1001","79,5","0","MODEL","0"
"ORGCB07-18K","IMG_2287.jpg","E:\HD PICTURE\Orloff customized design\GCB07-18K\IMG_2287.jpg","1001","1001","100,4","0,4","MODEL","0"
"ORGCB07-18K","IMG_3062.jpg","E:\HD PICTURE\Orloff customized design\GCB07-18K\IMG_3062.jpg","1001","1001","175,1","0","PLAIN","0"
"ORGCB07-18K","IMG_9307.jpg","E:\HD PICTURE\Orloff customized design\GCB07-18K\IMG_9307.jpg","1001","1001","254,8","0","PLAIN","0"
"ORGCB07-P","1.jpg","E:\HD PICTURE\Orloff customized design\GCB07-P\1.jpg","1001","1001","247,2","88,8","INFO","0"
"ORGCB07-P","GCB07-P.jpg","E:\HD PICTURE\Orloff customized design\GCB07-P\GCB07-P.jpg","1001","1002","254,8","0","PLAIN","0,001"
"ORGCB07-P","IMG_0174.jpg","E:\HD PICTURE\Orloff customized design\GCB07-P\IMG_0174.jpg","1001","1001","216,5","0","PLAIN","0"
"ORGCB07-P","IMG_0330.jpg","E:\HD PICTURE\Orloff customized design\GCB07-P\IMG_0330.jpg","1001","1001","189,5","0","PLAIN","0"
"ORGCB07-P","IMG_0528.jpg","E:\HD PICTURE\Orloff customized design\GCB07-P\IMG_0528.jpg","1001","1001","133,7","0,8","MODEL","0"
"ORGCB07-P","IMG_9307.jpg","E:\HD PICTURE\Orloff customized design\GCB07-P\IMG_9307.jpg","1001","1001","250,4","0","PLAIN","0"
"ORGCB08-18K","1.jpg","E:\HD PICTURE\Orloff customized design\GCB08-18K\1.jpg","970","731","255","2,1","PLAIN","0,327"
"ORGCB08-18K","2.jpg","E:\HD PICTURE\Orloff customized design\GCB08-18K\2.jpg","1001","1001","244,5","88,8","INFO","0"
"ORGCB08-18K","3.jpg","E:\HD PICTURE\Orloff customized design\GCB08-18K\3.jpg","970","747","253","24,7","PLAIN","0,299"
"ORGCB08-18K","IMG_2257.jpg","E:\HD PICTURE\Orloff customized design\GCB08-18K\IMG_2257.jpg","1001","1001","95,2","0","MODEL","0"
"ORGCB08-18K","IMG_2513.jpg","E:\HD PICTURE\Orloff customized design\GCB08-18K\IMG_2513.jpg","1001","1001","-14,9","8","MODEL","0"
"ORGCB08-18K","IMG_3065.jpg","E:\HD PICTURE\Orloff customized design\GCB08-18K\IMG_3065.jpg","1001","1001","175,7","0","PLAIN","0"
"ORGCB08-18K","IMG_9384.jpg","E:\HD PICTURE\Orloff customized design\GCB08-18K\IMG_9384.jpg","1001","1001","255","3,2","PLAIN","0"
"ORGCB08-P","1.jpg","E:\HD PICTURE\Orloff customized design\GCB08-P\1.jpg","1001","1001","247,2","88,8","INFO","0"
"ORGCB08-P","2.jpg","E:\HD PICTURE\Orloff customized design\GCB08-P\2.jpg","970","717","254,9","1,6","PLAIN","0,353"
"ORGCB08-P","3.jpg","E:\HD PICTURE\Orloff customized design\GCB08-P\3.jpg","970","721","251,3","26,3","PLAIN","0,345"
"ORGCB08-P","GCB08-P.jpg","E:\HD PICTURE\Orloff customized design\GCB08-P\GCB08-P.jpg","1001","1001","254,9","2,4","PLAIN","0"
"ORGCB08-P","IMG_0179.jpg","E:\HD PICTURE\Orloff customized design\GCB08-P\IMG_0179.jpg","1001","1001","207,4","0","PLAIN","0"
"ORGCB08-P","IMG_0319.jpg","E:\HD PICTURE\Orloff customized design\GCB08-P\IMG_0319.jpg","1001","1001","72,6","0","MODEL","0"
"ORGCB08-P","IMG_0410.jpg","E:\HD PICTURE\Orloff customized design\GCB08-P\IMG_0410.jpg","1001","1001","126,6","1,6","MODEL","0"
"ORGCB08-P","IMG_9384.jpg","E:\HD PICTURE\Orloff customized design\GCB08-P\IMG_9384.jpg","1001","1001","250,5","2,8","PLAIN","0"
"ORGCB09-P","1.jpg","E:\HD PICTURE\Orloff customized design\GCB09\1.jpg","1001","1001","247,2","88,8","INFO","0"
"ORGCB09-P","2.jpg","E:\HD PICTURE\Orloff customized design\GCB09\2.jpg","970","741","254,9","0","PLAIN","0,309"
"ORGCB09-P","3.jpg","E:\HD PICTURE\Orloff customized design\GCB09\3.jpg","970","726","253,2","63","PLAIN","0,336"
"ORGCB09-P","GCB09.jpg","E:\HD PICTURE\Orloff customized design\GCB09\GCB09.jpg","1001","1001","254,8","0","PLAIN","0"
"ORGCB09-P","IMG_0166.jpg","E:\HD PICTURE\Orloff customized design\GCB09\IMG_0166.jpg","1001","1001","208,7","0,8","PLAIN","0"
"ORGCB09-P","IMG_0313.jpg","E:\HD PICTURE\Orloff customized design\GCB09\IMG_0313.jpg","1001","1001","164,5","0","PLAIN","0"
"ORGCB09-P","IMG_0476.jpg","E:\HD PICTURE\Orloff customized design\GCB09\IMG_0476.jpg","1001","1001","139,2","0,8","MODEL","0"
"ORGCB09-P","IMG_9366.jpg","E:\HD PICTURE\Orloff customized design\GCB09\IMG_9366.jpg","1001","1001","250,5","0","PLAIN","0"
"ORGCB10-P","07.jpg","E:\HD PICTURE\Orloff customized design\GCB10\07.jpg","1001","1001","244,6","88,8","INFO","0"
"ORGCB10-P","1.jpg","E:\HD PICTURE\Orloff customized design\GCB10\1.jpg","970","650","255","5,8","PLAIN","0,492"
"ORGCB10-P","2.jpg","E:\HD PICTURE\Orloff customized design\GCB10\2.jpg","970","734","251,8","41,2","PLAIN","0,322"
"ORGCB10-P","GCB10.jpg","E:\HD PICTURE\Orloff customized design\GCB10\GCB10.jpg","1001","1001","254,8","3,6","PLAIN","0"
"ORGCB10-P","IMG_0159.jpg","E:\HD PICTURE\Orloff customized design\GCB10\IMG_0159.jpg","1001","1001","250,5","3,6","PLAIN","0"
"ORGCB10-P","IMG_0161.jpg","E:\HD PICTURE\Orloff customized design\GCB10\IMG_0161.jpg","1001","1001","197,1","0","PLAIN","0"
"ORGCB10-P","IMG_0315.jpg","E:\HD PICTURE\Orloff customized design\GCB10\IMG_0315.jpg","1001","1001","181,3","0","PLAIN","0"
"ORGCB10-P","IMG_0425.jpg","E:\HD PICTURE\Orloff customized design\GCB10\IMG_0425.jpg","1001","1001","117,8","1,6","MODEL","0"
"ORGCB109","2 (2).jpg","E:\HD PICTURE\GCB109\2 (2).jpg","1001","1001","251,7","88,8","INFO","0"
"ORGCB109","2.jpg","E:\HD PICTURE\GCB109\2.jpg","970","600","251,2","27,2","PLAIN","0,617"
"ORGCB109","GCB109-1.jpg","E:\HD PICTURE\GCB109\GCB109-1.jpg","1001","1001","244,7","88,8","INFO","0"
"ORGCB109","GCB109-2.jpg","E:\HD PICTURE\GCB109\GCB109-2.jpg","1001","1001","207,8","0","PLAIN","0"
"ORGCB109","GCB109-3.jpg","E:\HD PICTURE\GCB109\GCB109-3.jpg","1001","1001","97,2","5,2","MODEL","0"
"ORGCB109","GCB109.jpg","E:\HD PICTURE\GCB109\GCB109.jpg","1001","1001","255","2","PLAIN","0"
"ORGCB109","IMG_23462 (2).jpg","E:\HD PICTURE\GCB109\IMG_23462 (2).jpg","1001","1001","103,5","5,2","MODEL","0"
"ORGCB109","IMG_23462.jpg","E:\HD PICTURE\GCB109\IMG_23462.jpg","970","600","118","4,9","MODEL","0,617"
"ORGCB109","IMG_9210 (2).jpg","E:\HD PICTURE\GCB109\IMG_9210 (2).jpg","1001","1001","213,4","0","PLAIN","0"
"ORGCB109","IMG_9210.jpg","E:\HD PICTURE\GCB109\IMG_9210.jpg","970","600","213,4","0,4","PLAIN","0,617"
"ORGCB109","IMG_9375-R.jpg","E:\HD PICTURE\GCB109\IMG_9375-R.jpg","970","600","69,8","0,4","MODEL","0,617"
"ORGCB109","IMG_9378.jpg","E:\HD PICTURE\GCB109\IMG_9378.jpg","1001","1001","-58","0,8","MODEL","0"
"ORGCB109","IMG_9379-S.jpg","E:\HD PICTURE\GCB109\IMG_9379-S.jpg","1001","1001","-26,2","0,8","MODEL","0"
"ORGCB11-18K","02.jpg","E:\HD PICTURE\Orloff customized design\GCB11\02.jpg","1001","1001","244,5","88,8","INFO","0"
"ORGCB11-18K","GCB11.jpg","E:\HD PICTURE\Orloff customized design\GCB11\GCB11.jpg","1001","1001","254,9","0,4","PLAIN","0"
"ORGCB11-18K","IMG_0138.jpg","E:\HD PICTURE\Orloff customized design\GCB11\IMG_0138.jpg","1001","1001","210,6","0","PLAIN","0"
"ORGCB11-18K","IMG_0297.jpg","E:\HD PICTURE\Orloff customized design\GCB11\IMG_0297.jpg","1001","1001","110","0","MODEL","0"
"ORGCB11-18K","IMG_0481.jpg","E:\HD PICTURE\Orloff customized design\GCB11\IMG_0481.jpg","1001","1001","137","1,2","MODEL","0"
"ORGCB11-18K","IMG_9377.jpg","E:\HD PICTURE\Orloff customized design\GCB11\IMG_9377.jpg","1001","1001","250,5","0,8","PLAIN","0"
"ORGCB110","4 (2).jpg","E:\HD PICTURE\GCB110\4 (2).jpg","1001","1001","251,7","88,8","INFO","0"
"ORGCB110","4.jpg","E:\HD PICTURE\GCB110\4.jpg","970","600","251,2","27,2","PLAIN","0,617"
"ORGCB110","GCB110-1.jpg","E:\HD PICTURE\GCB110\GCB110-1.jpg","1001","1001","244,7","88,8","INFO","0"
"ORGCB110","GCB110-2.jpg","E:\HD PICTURE\GCB110\GCB110-2.jpg","1001","1001","188","0","PLAIN","0"
"ORGCB110","GCB110-3.jpg","E:\HD PICTURE\GCB110\GCB110-3.jpg","1001","1001","100,3","5,2","MODEL","0"
"ORGCB110","GCB110.jpg","E:\HD PICTURE\GCB110\GCB110.jpg","1001","1001","255","10,8","PLAIN","0"
"ORGCB110","IMG_23461 (2).jpg","E:\HD PICTURE\GCB110\IMG_23461 (2).jpg","1001","1001","106,6","5,2","MODEL","0"
"ORGCB110","IMG_23461.jpg","E:\HD PICTURE\GCB110\IMG_23461.jpg","970","600","122,3","3,7","MODEL","0,617"
"ORGCB110","IMG_9223 (2).jpg","E:\HD PICTURE\GCB110\IMG_9223 (2).jpg","1001","1001","193,1","0","PLAIN","0"
"ORGCB110","IMG_9223.jpg","E:\HD PICTURE\GCB110\IMG_9223.jpg","970","600","199,4","0","PLAIN","0,617"
"ORGCB110","IMG_9378-R.jpg","E:\HD PICTURE\GCB110\IMG_9378-R.jpg","970","600","69,8","0,4","MODEL","0,617"
"ORGCB110","IMG_9378-S.jpg","E:\HD PICTURE\GCB110\IMG_9378-S.jpg","1001","1001","-55,8","0,8","MODEL","0"
"ORGCB110","IMG_9379.jpg","E:\HD PICTURE\GCB110\IMG_9379.jpg","1001","1001","-29,4","0,8","MODEL","0"
"ORGCB12-18K","004.jpg","E:\HD PICTURE\Orloff customized design\GCB12\004.jpg","1001","1001","246,8","88,8","INFO","0"
"ORGCB12-18K","GCB12.jpg","E:\HD PICTURE\Orloff customized design\GCB12\GCB12.jpg","1001","1001","254,9","2,8","PLAIN","0"
"ORGCB12-18K","IMG_0163.jpg","E:\HD PICTURE\Orloff customized design\GCB12\IMG_0163.jpg","1001","1001","204,6","0","PLAIN","0"
"ORGCB12-18K","IMG_0300.jpg","E:\HD PICTURE\Orloff customized design\GCB12\IMG_0300.jpg","1001","1001","129,3","0","MODEL","0"
"ORGCB12-18K","IMG_0451.jpg","E:\HD PICTURE\Orloff customized design\GCB12\IMG_0451.jpg","1001","1001","111,7","1,6","MODEL","0"
"ORGCB12-18K","IMG_9360.jpg","E:\HD PICTURE\Orloff customized design\GCB12\IMG_9360.jpg","1001","1001","250,5","0","PLAIN","0"
"ORGCB175","6 (2).jpg","E:\HD PICTURE\GCB175\6 (2).jpg","1001","1001","251,7","88,8","INFO","0"
"ORGCB175","6.jpg","E:\HD PICTURE\GCB175\6.jpg","970","600","251,2","27,2","PLAIN","0,617"
"ORGCB175","GCB175-1.jpg","E:\HD PICTURE\GCB175\GCB175-1.jpg","1001","1001","244,7","88,8","INFO","0"
"ORGCB175","GCB175-2.jpg","E:\HD PICTURE\GCB175\GCB175-2.jpg","1001","1001","190,8","0","PLAIN","0"
"ORGCB175","GCB175-3.jpg","E:\HD PICTURE\GCB175\GCB175-3.jpg","1001","1001","100,4","5,6","MODEL","0"
"ORGCB175","GCB175.jpg","E:\HD PICTURE\GCB175\GCB175.jpg","1001","1001","255","0","PLAIN","0"
"ORGCB175","IMG_23466 (2).jpg","E:\HD PICTURE\GCB175\IMG_23466 (2).jpg","1001","1001","106,9","5,6","MODEL","0"
"ORGCB175","IMG_23466.jpg","E:\HD PICTURE\GCB175\IMG_23466.jpg","970","600","117,2","3,7","MODEL","0,617"
"ORGCB175","IMG_9230 (2).jpg","E:\HD PICTURE\GCB175\IMG_9230 (2).jpg","1001","1001","195,7","0","PLAIN","0"
"ORGCB175","IMG_9230.jpg","E:\HD PICTURE\GCB175\IMG_9230.jpg","970","600","201,6","0","PLAIN","0,617"
"ORGCB177","5 (2).jpg","E:\HD PICTURE\GCB177\5 (2).jpg","1001","1001","251,6","88,8","INFO","0"
"ORGCB177","5.jpg","E:\HD PICTURE\GCB177\5.jpg","970","600","251,2","27,2","PLAIN","0,617"
"ORGCB177","GCB177-1.jpg","E:\HD PICTURE\GCB177\GCB177-1.jpg","1001","1001","244,6","88,8","INFO","0"
"ORGCB177","GCB177-2.jpg","E:\HD PICTURE\GCB177\GCB177-2.jpg","1001","1001","186,4","0","PLAIN","0"
"ORGCB177","GCB177-3.jpg","E:\HD PICTURE\GCB177\GCB177-3.jpg","1001","1001","102,6","5,2","MODEL","0"
"ORGCB177","GCB177.jpg","E:\HD PICTURE\GCB177\GCB177.jpg","1001","1001","255","0","PLAIN","0"
"ORGCB177","IMG_23465 (2).jpg","E:\HD PICTURE\GCB177\IMG_23465 (2).jpg","1001","1001","109,2","5,2","MODEL","0"
"ORGCB177","IMG_23465.jpg","E:\HD PICTURE\GCB177\IMG_23465.jpg","970","600","117,3","4,1","MODEL","0,617"
"ORGCB177","IMG_9228 (2).jpg","E:\HD PICTURE\GCB177\IMG_9228 (2).jpg","1001","1001","191,3","0","PLAIN","0"
"ORGCB177","IMG_9228.jpg","E:\HD PICTURE\GCB177\IMG_9228.jpg","970","600","194,9","0","PLAIN","0,617"
"ORGCB18","1.jpg","E:\HD PICTURE\Orloff customized design\GCB18\1.jpg","1001","1001","247,2","88,8","INFO","0"
"ORGCB18","2.jpg","E:\HD PICTURE\Orloff customized design\GCB18\2.jpg","970","654","255","0","PLAIN","0,483"
"ORGCB18","3.jpg","E:\HD PICTURE\Orloff customized design\GCB18\3.jpg","970","704","251,2","23,5","PLAIN","0,378"
"ORGCB18","GCB18.jpg","E:\HD PICTURE\Orloff customized design\GCB18\GCB18.jpg","1001","1001","254,8","0","PLAIN","0"
"ORGCB18","IMG_0150.jpg","E:\HD PICTURE\Orloff customized design\GCB18\IMG_0150.jpg","1001","1001","195,7","0","PLAIN","0"
"ORGCB18","IMG_0327.jpg","E:\HD PICTURE\Orloff customized design\GCB18\IMG_0327.jpg","1001","1001","186,7","0","PLAIN","0"
"ORGCB18","IMG_0503.jpg","E:\HD PICTURE\Orloff customized design\GCB18\IMG_0503.jpg","1001","1001","149,2","0,8","MODEL","0"
"ORGCB18","IMG_9284.jpg","E:\HD PICTURE\Orloff customized design\GCB18\IMG_9284.jpg","1001","1001","250,4","0","PLAIN","0"
"ORGCB181","04-R.jpg","E:\HD PICTURE\GCB181\04-R.jpg","970","600","251,9","25,5","PLAIN","0,617"
"ORGCB181","04-S.jpg","E:\HD PICTURE\GCB181\04-S.jpg","1001","1001","238,2","88,8","INFO","0"
"ORGCB181","04.jpg","E:\HD PICTURE\GCB181\04.jpg","1001","1001","242,7","88,8","INFO","0"
"ORGCB181","1.jpg","E:\HD PICTURE\GCB181\1.jpg","1299","806","252,9","2,8","PLAIN","0,612"
"ORGCB181","14-R.jpg","E:\HD PICTURE\GCB181\14-R.jpg","970","600","61,2","0,4","MODEL","0,617"
"ORGCB181","14-S.jpg","E:\HD PICTURE\GCB181\14-S.jpg","1001","1001","-61,9","0,8","MODEL","0"
"ORGCB181","14.jpg","E:\HD PICTURE\GCB181\14.jpg","1001","1001","-59,3","0,8","MODEL","0"
"ORGCB181","4-R.jpg","E:\HD PICTURE\GCB181\4-R.jpg","970","600","14,7","3,7","MODEL","0,617"
"ORGCB181","4-S.jpg","E:\HD PICTURE\GCB181\4-S.jpg","1001","1001","21,8","5,2","MODEL","0"
"ORGCB181","4.jpg","E:\HD PICTURE\GCB181\4.jpg","1001","1001","25,1","5,2","MODEL","0"
"ORGCB181","IMG_9474-S.jpg","E:\HD PICTURE\GCB181\IMG_9474-S.jpg","1001","1001","250,4","4","PLAIN","0"
"ORGCB181","IMG_9474.jpg","E:\HD PICTURE\GCB181\IMG_9474.jpg","1001","1001","254,9","3,6","PLAIN","0"
"ORGCB181","IMG_9539-R.jpg","E:\HD PICTURE\GCB181\IMG_9539-R.jpg","970","600","199,8","0","PLAIN","0,617"
"ORGCB181","IMG_9539-S.jpg","E:\HD PICTURE\GCB181\IMG_9539-S.jpg","1001","1001","197","0","PLAIN","0"
"ORGCB181","IMG_9539.jpg","E:\HD PICTURE\GCB181\IMG_9539.jpg","1001","1001","200,6","0","PLAIN","0"
"ORGCB182-1","05-R.jpg","E:\HD PICTURE\GCB182-1\05-R.jpg","970","600","251,9","25,5","PLAIN","0,617"
"ORGCB182-1","05-S.jpg","E:\HD PICTURE\GCB182-1\05-S.jpg","1001","1001","238,2","88,8","INFO","0"
"ORGCB182-1","05.jpg","E:\HD PICTURE\GCB182-1\05.jpg","1001","1001","242,7","88,8","INFO","0"
"ORGCB182-1","16-R.jpg","E:\HD PICTURE\GCB182-1\16-R.jpg","970","600","63,2","0,4","MODEL","0,617"
"ORGCB182-1","16-S.jpg","E:\HD PICTURE\GCB182-1\16-S.jpg","1001","1001","-55,6","0,8","MODEL","0"
"ORGCB182-1","16.jpg","E:\HD PICTURE\GCB182-1\16.jpg","1001","1001","-52,8","0,8","MODEL","0"
"ORGCB182-1","5-R.jpg","E:\HD PICTURE\GCB182-1\5-R.jpg","970","600","-7,2","4,5","MODEL","0,617"
"ORGCB182-1","5-S.jpg","E:\HD PICTURE\GCB182-1\5-S.jpg","1001","1001","-2","7,2","MODEL","0"
"ORGCB182-1","5.jpg","E:\HD PICTURE\GCB182-1\5.jpg","1001","1001","1,1","7,2","MODEL","0"
"ORGCB182-1","IMG_9481-S.jpg","E:\HD PICTURE\GCB182-1\IMG_9481-S.jpg","1001","1001","250,2","0,4","PLAIN","0"
"ORGCB182-1","IMG_9481.jpg","E:\HD PICTURE\GCB182-1\IMG_9481.jpg","1001","1001","254,8","0,4","PLAIN","0"
"ORGCB182-1","IMG_9512-S.jpg","E:\HD PICTURE\GCB182-1\IMG_9512-S.jpg","1001","1001","250,5","0","PLAIN","0"
"ORGCB182-1","IMG_9512.jpg","E:\HD PICTURE\GCB182-1\IMG_9512.jpg","1245","711","255","2,6","PLAIN","0,751"
"ORGCB182-1","IMG_95431-R.jpg","E:\HD PICTURE\GCB182-1\IMG_95431-R.jpg","970","600","198,1","0","PLAIN","0,617"
"ORGCB182-1","IMG_95431-S.jpg","E:\HD PICTURE\GCB182-1\IMG_95431-S.jpg","1001","1001","193,8","0","PLAIN","0"
"ORGCB182-1","IMG_95431.jpg","E:\HD PICTURE\GCB182-1\IMG_95431.jpg","1001","1001","197,5","0","PLAIN","0"
"ORGCB182-2","05-R.jpg","E:\HD PICTURE\GCB182-2\05-R.jpg","970","600","251,9","25,5","PLAIN","0,617"
"ORGCB182-2","05-S.jpg","E:\HD PICTURE\GCB182-2\05-S.jpg","1001","1001","238,2","88,8","INFO","0"
"ORGCB182-2","05.jpg","E:\HD PICTURE\GCB182-2\05.jpg","1001","1001","242,7","88,8","INFO","0"
"ORGCB182-2","16-R.jpg","E:\HD PICTURE\GCB182-2\16-R.jpg","970","600","63,2","0,4","MODEL","0,617"
"ORGCB182-2","16-S.jpg","E:\HD PICTURE\GCB182-2\16-S.jpg","1001","1001","-55,6","0,8","MODEL","0"
"ORGCB182-2","16.jpg","E:\HD PICTURE\GCB182-2\16.jpg","1001","1001","-52,8","0,8","MODEL","0"
"ORGCB182-2","5-R.jpg","E:\HD PICTURE\GCB182-2\5-R.jpg","970","600","-7,2","4,5","MODEL","0,617"
"ORGCB182-2","5-S.jpg","E:\HD PICTURE\GCB182-2\5-S.jpg","1001","1001","-2","7,2","MODEL","0"
"ORGCB182-2","5.jpg","E:\HD PICTURE\GCB182-2\5.jpg","1001","1001","1,1","7,2","MODEL","0"
"ORGCB182-2","IMG_9481-S.jpg","E:\HD PICTURE\GCB182-2\IMG_9481-S.jpg","1001","1001","250,2","0,4","PLAIN","0"
"ORGCB182-2","IMG_9481.jpg","E:\HD PICTURE\GCB182-2\IMG_9481.jpg","1001","1001","254,8","0,4","PLAIN","0"
"ORGCB182-2","IMG_9509-S.jpg","E:\HD PICTURE\GCB182-2\IMG_9509-S.jpg","1001","1001","250,5","0","PLAIN","0"
"ORGCB182-2","IMG_9509.jpg","E:\HD PICTURE\GCB182-2\IMG_9509.jpg","1203","749","254,9","2,7","PLAIN","0,606"
"ORGCB182-2","IMG_95436-R.jpg","E:\HD PICTURE\GCB182-2\IMG_95436-R.jpg","970","600","198,8","0","PLAIN","0,617"
"ORGCB182-2","IMG_95436-S.jpg","E:\HD PICTURE\GCB182-2\IMG_95436-S.jpg","1001","1001","193,9","0","PLAIN","0"
"ORGCB182-2","IMG_95436.jpg","E:\HD PICTURE\GCB182-2\IMG_95436.jpg","1001","1001","197,6","0","PLAIN","0"
"ORGCB182-3","05-R.jpg","E:\HD PICTURE\GCB182-3\05-R.jpg","970","600","251,9","25,5","PLAIN","0,617"
"ORGCB182-3","05-S.jpg","E:\HD PICTURE\GCB182-3\05-S.jpg","1001","1001","238,2","88,8","INFO","0"
"ORGCB182-3","05.jpg","E:\HD PICTURE\GCB182-3\05.jpg","1001","1001","242,7","88,8","INFO","0"
"ORGCB182-3","16-R.jpg","E:\HD PICTURE\GCB182-3\16-R.jpg","970","600","63,2","0,4","MODEL","0,617"
"ORGCB182-3","16-S.jpg","E:\HD PICTURE\GCB182-3\16-S.jpg","1001","1001","-55,6","0,8","MODEL","0"
"ORGCB182-3","16.jpg","E:\HD PICTURE\GCB182-3\16.jpg","1001","1001","-52,8","0,8","MODEL","0"
"ORGCB182-3","5-R.jpg","E:\HD PICTURE\GCB182-3\5-R.jpg","970","600","-7,2","4,5","MODEL","0,617"
"ORGCB182-3","5-S.jpg","E:\HD PICTURE\GCB182-3\5-S.jpg","1001","1001","-2","7,2","MODEL","0"
"ORGCB182-3","5.jpg","E:\HD PICTURE\GCB182-3\5.jpg","1001","1001","1,1","7,2","MODEL","0"
"ORGCB182-3","IMG_9481-S.jpg","E:\HD PICTURE\GCB182-3\IMG_9481-S.jpg","1001","1001","250,2","0,4","PLAIN","0"
"ORGCB182-3","IMG_9481.jpg","E:\HD PICTURE\GCB182-3\IMG_9481.jpg","1001","1001","254,8","0,4","PLAIN","0"
"ORGCB182-3","IMG_9503-S.jpg","E:\HD PICTURE\GCB182-3\IMG_9503-S.jpg","1001","1001","250,5","0","PLAIN","0"
"ORGCB182-3","IMG_9503.jpg","E:\HD PICTURE\GCB182-3\IMG_9503.jpg","1211","746","255","3","PLAIN","0,623"
"ORGCB182-3","IMG_95432-R.jpg","E:\HD PICTURE\GCB182-3\IMG_95432-R.jpg","970","600","198","0","PLAIN","0,617"
"ORGCB182-3","IMG_95432-S.jpg","E:\HD PICTURE\GCB182-3\IMG_95432-S.jpg","1001","1001","193,9","0","PLAIN","0"
"ORGCB182-3","IMG_95432.jpg","E:\HD PICTURE\GCB182-3\IMG_95432.jpg","1001","1001","197,6","0","PLAIN","0"
"ORGCB182-5","05-R.jpg","E:\HD PICTURE\GCB182-5\05-R.jpg","970","600","251,9","25,5","PLAIN","0,617"
"ORGCB182-5","05-S.jpg","E:\HD PICTURE\GCB182-5\05-S.jpg","1001","1001","238,2","88,8","INFO","0"
"ORGCB182-5","05.jpg","E:\HD PICTURE\GCB182-5\05.jpg","1001","1001","242,7","88,8","INFO","0"
"ORGCB182-5","16-R.jpg","E:\HD PICTURE\GCB182-5\16-R.jpg","970","600","63,2","0,4","MODEL","0,617"
"ORGCB182-5","16-S.jpg","E:\HD PICTURE\GCB182-5\16-S.jpg","1001","1001","-55,6","0,8","MODEL","0"
"ORGCB182-5","16.jpg","E:\HD PICTURE\GCB182-5\16.jpg","1001","1001","-52,8","0,8","MODEL","0"
"ORGCB182-5","5-R.jpg","E:\HD PICTURE\GCB182-5\5-R.jpg","970","600","-7,2","4,5","MODEL","0,617"
"ORGCB182-5","5-S.jpg","E:\HD PICTURE\GCB182-5\5-S.jpg","1001","1001","-2","7,2","MODEL","0"
"ORGCB182-5","5.jpg","E:\HD PICTURE\GCB182-5\5.jpg","1001","1001","1,1","7,2","MODEL","0"
"ORGCB182-5","IMG_9481-S.jpg","E:\HD PICTURE\GCB182-5\IMG_9481-S.jpg","1001","1001","250,2","0,4","PLAIN","0"
"ORGCB182-5","IMG_9481.jpg","E:\HD PICTURE\GCB182-5\IMG_9481.jpg","1001","1001","254,8","0,4","PLAIN","0"
"ORGCB182-5","IMG_9504-S.jpg","E:\HD PICTURE\GCB182-5\IMG_9504-S.jpg","1001","1001","250,5","0","PLAIN","0"
"ORGCB182-5","IMG_9504.jpg","E:\HD PICTURE\GCB182-5\IMG_9504.jpg","1227","782","255","2,6","PLAIN","0,569"
"ORGCB182-5","IMG_95433-R.jpg","E:\HD PICTURE\GCB182-5\IMG_95433-R.jpg","970","600","197,5","0","PLAIN","0,617"
"ORGCB182-5","IMG_95433-S.jpg","E:\HD PICTURE\GCB182-5\IMG_95433-S.jpg","1001","1001","193,7","0","PLAIN","0"
"ORGCB182-5","IMG_95433.jpg","E:\HD PICTURE\GCB182-5\IMG_95433.jpg","1001","1001","197,3","0","PLAIN","0"
"ORGCB182-6","05-R.jpg","E:\HD PICTURE\GCB182-6\05-R.jpg","970","600","251,9","25,5","PLAIN","0,617"
"ORGCB182-6","05-S.jpg","E:\HD PICTURE\GCB182-6\05-S.jpg","1001","1001","238,2","88,8","INFO","0"
"ORGCB182-6","05.jpg","E:\HD PICTURE\GCB182-6\05.jpg","1001","1001","242,7","88,8","INFO","0"
"ORGCB182-6","16-R.jpg","E:\HD PICTURE\GCB182-6\16-R.jpg","970","600","63,2","0,4","MODEL","0,617"
"ORGCB182-6","16-S.jpg","E:\HD PICTURE\GCB182-6\16-S.jpg","1001","1001","-55,6","0,8","MODEL","0"
"ORGCB182-6","16.jpg","E:\HD PICTURE\GCB182-6\16.jpg","1001","1001","-52,8","0,8","MODEL","0"
"ORGCB182-6","5-R.jpg","E:\HD PICTURE\GCB182-6\5-R.jpg","970","600","-7,2","4,5","MODEL","0,617"
"ORGCB182-6","5-S.jpg","E:\HD PICTURE\GCB182-6\5-S.jpg","1001","1001","-2","7,2","MODEL","0"
"ORGCB182-6","5.jpg","E:\HD PICTURE\GCB182-6\5.jpg","1001","1001","1,1","7,2","MODEL","0"
"ORGCB182-6","IMG_9481-S.jpg","E:\HD PICTURE\GCB182-6\IMG_9481-S.jpg","1001","1001","250,2","0,4","PLAIN","0"
"ORGCB182-6","IMG_9481.jpg","E:\HD PICTURE\GCB182-6\IMG_9481.jpg","1001","1001","254,8","0,4","PLAIN","0"
"ORGCB182-6","IMG_9507-S.jpg","E:\HD PICTURE\GCB182-6\IMG_9507-S.jpg","1001","1001","250,5","0","PLAIN","0"
"ORGCB182-6","IMG_9507.jpg","E:\HD PICTURE\GCB182-6\IMG_9507.jpg","1188","717","255","3","PLAIN","0,657"
"ORGCB182-6","IMG_95435-R.jpg","E:\HD PICTURE\GCB182-6\IMG_95435-R.jpg","970","600","198,2","0","PLAIN","0,617"
"ORGCB182-6","IMG_95435-S.jpg","E:\HD PICTURE\GCB182-6\IMG_95435-S.jpg","1001","1001","194,8","0","PLAIN","0"
"ORGCB182-6","IMG_95435.jpg","E:\HD PICTURE\GCB182-6\IMG_95435.jpg","1001","1001","198,5","0","PLAIN","0"
"ORGCB182-7","05-R.jpg","E:\HD PICTURE\GCB182-7\05-R.jpg","970","600","251,9","25,5","PLAIN","0,617"
"ORGCB182-7","05-S.jpg","E:\HD PICTURE\GCB182-7\05-S.jpg","1001","1001","238,2","88,8","INFO","0"
"ORGCB182-7","05.jpg","E:\HD PICTURE\GCB182-7\05.jpg","1001","1001","242,7","88,8","INFO","0"
"ORGCB182-7","16-R.jpg","E:\HD PICTURE\GCB182-7\16-R.jpg","970","600","63,2","0,4","MODEL","0,617"
"ORGCB182-7","16-S.jpg","E:\HD PICTURE\GCB182-7\16-S.jpg","1001","1001","-55,6","0,8","MODEL","0"
"ORGCB182-7","16.jpg","E:\HD PICTURE\GCB182-7\16.jpg","1001","1001","-52,8","0,8","MODEL","0"
"ORGCB182-7","5-R.jpg","E:\HD PICTURE\GCB182-7\5-R.jpg","970","600","-7,2","4,5","MODEL","0,617"
"ORGCB182-7","5-S.jpg","E:\HD PICTURE\GCB182-7\5-S.jpg","1001","1001","-2","7,2","MODEL","0"
"ORGCB182-7","5.jpg","E:\HD PICTURE\GCB182-7\5.jpg","1001","1001","1,1","7,2","MODEL","0"
"ORGCB182-7","IMG_9481-S.jpg","E:\HD PICTURE\GCB182-7\IMG_9481-S.jpg","1001","1001","250,2","0,4","PLAIN","0"
"ORGCB182-7","IMG_9481.jpg","E:\HD PICTURE\GCB182-7\IMG_9481.jpg","1001","1001","254,8","0,4","PLAIN","0"
"ORGCB182-7","IMG_9505-S.jpg","E:\HD PICTURE\GCB182-7\IMG_9505-S.jpg","1001","1001","250,5","0","PLAIN","0"
"ORGCB182-7","IMG_9505.jpg","E:\HD PICTURE\GCB182-7\IMG_9505.jpg","1230","761","255","2,3","PLAIN","0,616"
"ORGCB182-7","IMG_95434-R.jpg","E:\HD PICTURE\GCB182-7\IMG_95434-R.jpg","970","600","196,8","0","PLAIN","0,617"
"ORGCB182-7","IMG_95434-S.jpg","E:\HD PICTURE\GCB182-7\IMG_95434-S.jpg","1001","1001","193,9","0","PLAIN","0"
"ORGCB182-7","IMG_95434.jpg","E:\HD PICTURE\GCB182-7\IMG_95434.jpg","1001","1001","197,6","0","PLAIN","0"
"ORGCB182-8","05-R.jpg","E:\HD PICTURE\GCB182-8\05-R.jpg","970","600","251,9","25,5","PLAIN","0,617"
"ORGCB182-8","05-S.jpg","E:\HD PICTURE\GCB182-8\05-S.jpg","1001","1001","238,2","88,8","INFO","0"
"ORGCB182-8","05.jpg","E:\HD PICTURE\GCB182-8\05.jpg","1001","1001","242,7","88,8","INFO","0"
"ORGCB182-8","16-R.jpg","E:\HD PICTURE\GCB182-8\16-R.jpg","970","600","63,2","0,4","MODEL","0,617"
"ORGCB182-8","16-S.jpg","E:\HD PICTURE\GCB182-8\16-S.jpg","1001","1001","-55,6","0,8","MODEL","0"
"ORGCB182-8","16.jpg","E:\HD PICTURE\GCB182-8\16.jpg","1001","1001","-52,8","0,8","MODEL","0"
"ORGCB182-8","5-R.jpg","E:\HD PICTURE\GCB182-8\5-R.jpg","970","600","-7,2","4,5","MODEL","0,617"
"ORGCB182-8","5-S.jpg","E:\HD PICTURE\GCB182-8\5-S.jpg","1001","1001","-2","7,2","MODEL","0"
"ORGCB182-8","5.jpg","E:\HD PICTURE\GCB182-8\5.jpg","1001","1001","1,1","7,2","MODEL","0"
"ORGCB182-8","IMG_9481-S.jpg","E:\HD PICTURE\GCB182-8\IMG_9481-S.jpg","1001","1001","250,2","0,4","PLAIN","0"
"ORGCB182-8","IMG_9481.jpg","E:\HD PICTURE\GCB182-8\IMG_9481.jpg","1001","1001","254,8","0,4","PLAIN","0"
"ORGCB182-8","IMG_9511-S.jpg","E:\HD PICTURE\GCB182-8\IMG_9511-S.jpg","1001","1001","250,5","0","PLAIN","0"
"ORGCB182-8","IMG_9511.jpg","E:\HD PICTURE\GCB182-8\IMG_9511.jpg","1200","754","255","0,3","PLAIN","0,592"
"ORGCB182-8","IMG_95437-R.jpg","E:\HD PICTURE\GCB182-8\IMG_95437-R.jpg","970","600","198,1","0","PLAIN","0,617"
"ORGCB182-8","IMG_95437-S.jpg","E:\HD PICTURE\GCB182-8\IMG_95437-S.jpg","1001","1001","194,3","0","PLAIN","0"
"ORGCB182-8","IMG_95437.jpg","E:\HD PICTURE\GCB182-8\IMG_95437.jpg","1001","1001","197,9","0","PLAIN","0"
"ORGCB184-1","06-R.jpg","E:\HD PICTURE\GCB184-1\06-R.jpg","970","600","251,9","25,5","PLAIN","0,617"
"ORGCB184-1","06-S.jpg","E:\HD PICTURE\GCB184-1\06-S.jpg","1001","1001","238,2","88,8","INFO","0"
"ORGCB184-1","06.jpg","E:\HD PICTURE\GCB184-1\06.jpg","1001","1001","242,7","88,8","INFO","0"
"ORGCB184-1","15-R.jpg","E:\HD PICTURE\GCB184-1\15-R.jpg","970","600","64,9","0,4","MODEL","0,617"
"ORGCB184-1","15-S.jpg","E:\HD PICTURE\GCB184-1\15-S.jpg","1001","1001","-57,5","0,8","MODEL","0"
"ORGCB184-1","15.jpg","E:\HD PICTURE\GCB184-1\15.jpg","1001","1001","-54,7","0,8","MODEL","0"
"ORGCB184-1","6-R.jpg","E:\HD PICTURE\GCB184-1\6-R.jpg","970","600","7,1","4,1","MODEL","0,617"
"ORGCB184-1","6-S.jpg","E:\HD PICTURE\GCB184-1\6-S.jpg","1001","1001","7,3","6","MODEL","0"
"ORGCB184-1","6.jpg","E:\HD PICTURE\GCB184-1\6.jpg","1001","1001","10,6","6","MODEL","0"
"ORGCB184-1","IMG_9489-S.jpg","E:\HD PICTURE\GCB184-1\IMG_9489-S.jpg","1001","1001","250,3","0,4","PLAIN","0"
"ORGCB184-1","IMG_9489.jpg","E:\HD PICTURE\GCB184-1\IMG_9489.jpg","1001","1001","254,8","0,4","PLAIN","0"
"ORGCB184-1","IMG_9494-S.jpg","E:\HD PICTURE\GCB184-1\IMG_9494-S.jpg","1001","1001","250,5","0","PLAIN","0"
"ORGCB184-1","IMG_9494.jpg","E:\HD PICTURE\GCB184-1\IMG_9494.jpg","1287","767","255","2,5","PLAIN","0,678"
"ORGCB184-1","IMG_95413-R.jpg","E:\HD PICTURE\GCB184-1\IMG_95413-R.jpg","970","600","189,7","0","PLAIN","0,617"
"ORGCB184-1","IMG_95413-S.jpg","E:\HD PICTURE\GCB184-1\IMG_95413-S.jpg","1001","1001","183","0","PLAIN","0"
"ORGCB184-1","IMG_95413.jpg","E:\HD PICTURE\GCB184-1\IMG_95413.jpg","1001","1001","187","0","PLAIN","0"
"ORGCB184-2","06-R.jpg","E:\HD PICTURE\GCB184-2\06-R.jpg","970","600","251,9","25,5","PLAIN","0,617"
"ORGCB184-2","06-S.jpg","E:\HD PICTURE\GCB184-2\06-S.jpg","1001","1001","238,2","88,8","INFO","0"
"ORGCB184-2","06.jpg","E:\HD PICTURE\GCB184-2\06.jpg","1001","1001","242,7","88,8","INFO","0"
"ORGCB184-2","15-R.jpg","E:\HD PICTURE\GCB184-2\15-R.jpg","970","600","64,9","0,4","MODEL","0,617"
"ORGCB184-2","15-S.jpg","E:\HD PICTURE\GCB184-2\15-S.jpg","1001","1001","-57,5","0,8","MODEL","0"
"ORGCB184-2","15.jpg","E:\HD PICTURE\GCB184-2\15.jpg","1001","1001","-54,7","0,8","MODEL","0"
"ORGCB184-2","6-R.jpg","E:\HD PICTURE\GCB184-2\6-R.jpg","970","600","7,1","4,1","MODEL","0,617"
"ORGCB184-2","6-S.jpg","E:\HD PICTURE\GCB184-2\6-S.jpg","1001","1001","7,3","6","MODEL","0"
"ORGCB184-2","6.jpg","E:\HD PICTURE\GCB184-2\6.jpg","1001","1001","10,6","6","MODEL","0"
"ORGCB184-2","IMG_9489-S.jpg","E:\HD PICTURE\GCB184-2\IMG_9489-S.jpg","1001","1001","250,3","0,4","PLAIN","0"
"ORGCB184-2","IMG_9489.jpg","E:\HD PICTURE\GCB184-2\IMG_9489.jpg","1001","1001","254,8","0,4","PLAIN","0"
"ORGCB184-2","IMG_9492-S.jpg","E:\HD PICTURE\GCB184-2\IMG_9492-S.jpg","1001","1001","250,5","0","PLAIN","0"
"ORGCB184-2","IMG_9492.jpg","E:\HD PICTURE\GCB184-2\IMG_9492.jpg","1305","725","254,9","2,4","PLAIN","0,8"
"ORGCB184-2","IMG_95412-R.jpg","E:\HD PICTURE\GCB184-2\IMG_95412-R.jpg","970","600","189,5","0","PLAIN","0,617"
"ORGCB184-2","IMG_95412-S.jpg","E:\HD PICTURE\GCB184-2\IMG_95412-S.jpg","1001","1001","183,3","0","PLAIN","0"
"ORGCB184-2","IMG_95412.jpg","E:\HD PICTURE\GCB184-2\IMG_95412.jpg","1001","1001","187","0","PLAIN","0"
"ORGCB184-3","06-R.jpg","E:\HD PICTURE\GCB184-3\06-R.jpg","970","600","251,9","25,5","PLAIN","0,617"
"ORGCB184-3","06-S.jpg","E:\HD PICTURE\GCB184-3\06-S.jpg","1001","1001","238,2","88,8","INFO","0"
"ORGCB184-3","06.jpg","E:\HD PICTURE\GCB184-3\06.jpg","1001","1001","242,7","88,8","INFO","0"
"ORGCB184-3","15-R.jpg","E:\HD PICTURE\GCB184-3\15-R.jpg","970","600","64,9","0,4","MODEL","0,617"
"ORGCB184-3","15-S.jpg","E:\HD PICTURE\GCB184-3\15-S.jpg","1001","1001","-57,5","0,8","MODEL","0"
"ORGCB184-3","15.jpg","E:\HD PICTURE\GCB184-3\15.jpg","1001","1001","-54,7","0,8","MODEL","0"
"ORGCB184-3","6-R.jpg","E:\HD PICTURE\GCB184-3\6-R.jpg","970","600","7,1","4,1","MODEL","0,617"
"ORGCB184-3","6-S.jpg","E:\HD PICTURE\GCB184-3\6-S.jpg","1001","1001","7,3","6","MODEL","0"
"ORGCB184-3","6.jpg","E:\HD PICTURE\GCB184-3\6.jpg","1001","1001","10,6","6","MODEL","0"
"ORGCB184-3","IMG_9489-S.jpg","E:\HD PICTURE\GCB184-3\IMG_9489-S.jpg","1001","1001","250,3","0,4","PLAIN","0"
"ORGCB184-3","IMG_9489.jpg","E:\HD PICTURE\GCB184-3\IMG_9489.jpg","1001","1001","254,8","0,4","PLAIN","0"
"ORGCB184-3","IMG_9497-S.jpg","E:\HD PICTURE\GCB184-3\IMG_9497-S.jpg","1001","1001","250,4","0","PLAIN","0"
"ORGCB184-3","IMG_9497.jpg","E:\HD PICTURE\GCB184-3\IMG_9497.jpg","1294","770","255","2,8","PLAIN","0,681"
"ORGCB184-3","IMG_95415-R.jpg","E:\HD PICTURE\GCB184-3\IMG_95415-R.jpg","970","600","188,7","0","PLAIN","0,617"
"ORGCB184-3","IMG_95415-S.jpg","E:\HD PICTURE\GCB184-3\IMG_95415-S.jpg","1001","1001","182,8","0","PLAIN","0"
"ORGCB184-3","IMG_95415.jpg","E:\HD PICTURE\GCB184-3\IMG_95415.jpg","1001","1001","186,8","0","PLAIN","0"
"ORGCB184-4","06-R.jpg","E:\HD PICTURE\GCB184-4\06-R.jpg","970","600","251,9","25,5","PLAIN","0,617"
"ORGCB184-4","06-S.jpg","E:\HD PICTURE\GCB184-4\06-S.jpg","1001","1001","238,2","88,8","INFO","0"
"ORGCB184-4","06.jpg","E:\HD PICTURE\GCB184-4\06.jpg","1001","1001","242,7","88,8","INFO","0"
"ORGCB184-4","15-R.jpg","E:\HD PICTURE\GCB184-4\15-R.jpg","970","600","64,9","0,4","MODEL","0,617"
"ORGCB184-4","15-S.jpg","E:\HD PICTURE\GCB184-4\15-S.jpg","1001","1001","-57,5","0,8","MODEL","0"
"ORGCB184-4","15.jpg","E:\HD PICTURE\GCB184-4\15.jpg","1001","1001","-54,7","0,8","MODEL","0"
"ORGCB184-4","6-R.jpg","E:\HD PICTURE\GCB184-4\6-R.jpg","970","600","7,1","4,1","MODEL","0,617"
"ORGCB184-4","6-S.jpg","E:\HD PICTURE\GCB184-4\6-S.jpg","1001","1001","7,3","6","MODEL","0"
"ORGCB184-4","6.jpg","E:\HD PICTURE\GCB184-4\6.jpg","1001","1001","10,6","6","MODEL","0"
"ORGCB184-4","IMG_9489-S.jpg","E:\HD PICTURE\GCB184-4\IMG_9489-S.jpg","1001","1001","250,3","0,4","PLAIN","0"
"ORGCB184-4","IMG_9489.jpg","E:\HD PICTURE\GCB184-4\IMG_9489.jpg","1001","1001","254,8","0,4","PLAIN","0"
"ORGCB184-4","IMG_9496-S.jpg","E:\HD PICTURE\GCB184-4\IMG_9496-S.jpg","1001","1001","250,5","0","PLAIN","0"
"ORGCB184-4","IMG_9496.jpg","E:\HD PICTURE\GCB184-4\IMG_9496.jpg","1297","734","255","2,5","PLAIN","0,767"
"ORGCB184-4","IMG_95414-R.jpg","E:\HD PICTURE\GCB184-4\IMG_95414-R.jpg","970","600","188,2","0","PLAIN","0,617"
"ORGCB184-4","IMG_95414-S.jpg","E:\HD PICTURE\GCB184-4\IMG_95414-S.jpg","1001","1001","183,1","0","PLAIN","0"
"ORGCB184-4","IMG_95414.jpg","E:\HD PICTURE\GCB184-4\IMG_95414.jpg","1001","1001","186,9","0","PLAIN","0"
"ORGCB184-5","06-R.jpg","E:\HD PICTURE\GCB184-5\06-R.jpg","970","600","251,9","25,5","PLAIN","0,617"
"ORGCB184-5","06-S.jpg","E:\HD PICTURE\GCB184-5\06-S.jpg","1001","1001","238,2","88,8","INFO","0"
"ORGCB184-5","06.jpg","E:\HD PICTURE\GCB184-5\06.jpg","1001","1001","242,7","88,8","INFO","0"
"ORGCB184-5","15-R.jpg","E:\HD PICTURE\GCB184-5\15-R.jpg","970","600","64,9","0,4","MODEL","0,617"
"ORGCB184-5","15-S.jpg","E:\HD PICTURE\GCB184-5\15-S.jpg","1001","1001","-57,5","0,8","MODEL","0"
"ORGCB184-5","15.jpg","E:\HD PICTURE\GCB184-5\15.jpg","1001","1001","-54,7","0,8","MODEL","0"
"ORGCB184-5","6-R.jpg","E:\HD PICTURE\GCB184-5\6-R.jpg","970","600","7,1","4,1","MODEL","0,617"
"ORGCB184-5","6-S.jpg","E:\HD PICTURE\GCB184-5\6-S.jpg","1001","1001","7,3","6","MODEL","0"
"ORGCB184-5","6.jpg","E:\HD PICTURE\GCB184-5\6.jpg","1001","1001","10,6","6","MODEL","0"
"ORGCB184-5","IMG_9489-S.jpg","E:\HD PICTURE\GCB184-5\IMG_9489-S.jpg","1001","1001","250,3","0,4","PLAIN","0"
"ORGCB184-5","IMG_9489.jpg","E:\HD PICTURE\GCB184-5\IMG_9489.jpg","1001","1001","254,8","0,4","PLAIN","0"
"ORGCB184-5","IMG_9500-S.jpg","E:\HD PICTURE\GCB184-5\IMG_9500-S.jpg","1001","1001","250,5","0","PLAIN","0"
"ORGCB184-5","IMG_9500.jpg","E:\HD PICTURE\GCB184-5\IMG_9500.jpg","1297","736","253,3","2,8","PLAIN","0,762"
"ORGCB184-5","IMG_95416-R.jpg","E:\HD PICTURE\GCB184-5\IMG_95416-R.jpg","970","600","189","0","PLAIN","0,617"
"ORGCB184-5","IMG_95416-S.jpg","E:\HD PICTURE\GCB184-5\IMG_95416-S.jpg","1001","1001","183,9","0","PLAIN","0"
"ORGCB184-5","IMG_95416.jpg","E:\HD PICTURE\GCB184-5\IMG_95416.jpg","1001","1001","187,5","0","PLAIN","0"
"ORGCB184-6","06-R.jpg","E:\HD PICTURE\GCB184-6\06-R.jpg","970","600","251,9","25,5","PLAIN","0,617"
"ORGCB184-6","06-S.jpg","E:\HD PICTURE\GCB184-6\06-S.jpg","1001","1001","238,2","88,8","INFO","0"
"ORGCB184-6","06.jpg","E:\HD PICTURE\GCB184-6\06.jpg","1001","1001","242,7","88,8","INFO","0"
"ORGCB184-6","15-R.jpg","E:\HD PICTURE\GCB184-6\15-R.jpg","970","600","64,9","0,4","MODEL","0,617"
"ORGCB184-6","15-S.jpg","E:\HD PICTURE\GCB184-6\15-S.jpg","1001","1001","-57,5","0,8","MODEL","0"
"ORGCB184-6","15.jpg","E:\HD PICTURE\GCB184-6\15.jpg","1001","1001","-54,7","0,8","MODEL","0"
"ORGCB184-6","6-R.jpg","E:\HD PICTURE\GCB184-6\6-R.jpg","970","600","7,1","4,1","MODEL","0,617"
"ORGCB184-6","6-S.jpg","E:\HD PICTURE\GCB184-6\6-S.jpg","1001","1001","7,3","6","MODEL","0"
"ORGCB184-6","6.jpg","E:\HD PICTURE\GCB184-6\6.jpg","1001","1001","10,6","6","MODEL","0"
"ORGCB184-6","IMG_9489-S.jpg","E:\HD PICTURE\GCB184-6\IMG_9489-S.jpg","1001","1001","250,3","0,4","PLAIN","0"
"ORGCB184-6","IMG_9489.jpg","E:\HD PICTURE\GCB184-6\IMG_9489.jpg","1001","1001","254,8","0,4","PLAIN","0"
"ORGCB184-6","IMG_9502-S.jpg","E:\HD PICTURE\GCB184-6\IMG_9502-S.jpg","1001","1001","250,5","0","PLAIN","0"
"ORGCB184-6","IMG_9502.jpg","E:\HD PICTURE\GCB184-6\IMG_9502.jpg","1244","717","254,7","2,6","PLAIN","0,735"
"ORGCB184-6","IMG_95417-R.jpg","E:\HD PICTURE\GCB184-6\IMG_95417-R.jpg","970","600","188,5","0","PLAIN","0,617"
"ORGCB184-6","IMG_95417-S.jpg","E:\HD PICTURE\GCB184-6\IMG_95417-S.jpg","1001","1001","183,1","0","PLAIN","0"
"ORGCB184-6","IMG_95417.jpg","E:\HD PICTURE\GCB184-6\IMG_95417.jpg","1001","1001","187","0","PLAIN","0"
"ORGCB184-7","06-R.jpg","E:\HD PICTURE\GCB184-7\06-R.jpg","970","600","251,9","25,5","PLAIN","0,617"
"ORGCB184-7","06-S.jpg","E:\HD PICTURE\GCB184-7\06-S.jpg","1001","1001","238,2","88,8","INFO","0"
"ORGCB184-7","06.jpg","E:\HD PICTURE\GCB184-7\06.jpg","1001","1001","242,7","88,8","INFO","0"
"ORGCB184-7","15-R.jpg","E:\HD PICTURE\GCB184-7\15-R.jpg","970","600","64,9","0,4","MODEL","0,617"
"ORGCB184-7","15-S.jpg","E:\HD PICTURE\GCB184-7\15-S.jpg","1001","1001","-57,5","0,8","MODEL","0"
"ORGCB184-7","15.jpg","E:\HD PICTURE\GCB184-7\15.jpg","1001","1001","-54,7","0,8","MODEL","0"
"ORGCB184-7","6-R.jpg","E:\HD PICTURE\GCB184-7\6-R.jpg","970","600","7,1","4,1","MODEL","0,617"
"ORGCB184-7","6-S.jpg","E:\HD PICTURE\GCB184-7\6-S.jpg","1001","1001","7,3","6","MODEL","0"
"ORGCB184-7","6.jpg","E:\HD PICTURE\GCB184-7\6.jpg","1001","1001","10,6","6","MODEL","0"
"ORGCB184-7","IMG_9489-S.jpg","E:\HD PICTURE\GCB184-7\IMG_9489-S.jpg","1001","1001","250,3","0,4","PLAIN","0"
"ORGCB184-7","IMG_9489.jpg","E:\HD PICTURE\GCB184-7\IMG_9489.jpg","1001","1001","254,8","0,4","PLAIN","0"
"ORGCB184-7","IMG_9493-S.jpg","E:\HD PICTURE\GCB184-7\IMG_9493-S.jpg","1001","1001","250,5","0","PLAIN","0"
"ORGCB184-7","IMG_9493.jpg","E:\HD PICTURE\GCB184-7\IMG_9493.jpg","1201","690","255","2,7","PLAIN","0,741"
"ORGCB184-7","IMG_95411-R.jpg","E:\HD PICTURE\GCB184-7\IMG_95411-R.jpg","970","600","190,1","0","PLAIN","0,617"
"ORGCB184-7","IMG_95411-S.jpg","E:\HD PICTURE\GCB184-7\IMG_95411-S.jpg","1001","1001","183","0","PLAIN","0"
"ORGCB184-7","IMG_95411.jpg","E:\HD PICTURE\GCB184-7\IMG_95411.jpg","1001","1001","186,7","0","PLAIN","0"
"ORGCB185-14K","01-R.jpg","E:\HD PICTURE\GCB185-14K\01-R.jpg","970","600","251,9","25,5","PLAIN","0,617"
"ORGCB185-14K","01-S.jpg","E:\HD PICTURE\GCB185-14K\01-S.jpg","1001","1001","238,2","88,8","INFO","0"
"ORGCB185-14K","01.jpg","E:\HD PICTURE\GCB185-14K\01.jpg","1001","1001","242,7","88,8","INFO","0"
"ORGCB185-14K","13-R.jpg","E:\HD PICTURE\GCB185-14K\13-R.jpg","970","600","62,1","0,8","MODEL","0,617"
"ORGCB185-14K","13-S.jpg","E:\HD PICTURE\GCB185-14K\13-S.jpg","1001","1001","-62","0,8","MODEL","0"
"ORGCB185-14K","13.jpg","E:\HD PICTURE\GCB185-14K\13.jpg","1001","1001","-59,8","0,8","MODEL","0"
"ORGCB185-14K","3-R.jpg","E:\HD PICTURE\GCB185-14K\3-R.jpg","970","600","5,6","4,5","MODEL","0,617"
"ORGCB185-14K","3-S.jpg","E:\HD PICTURE\GCB185-14K\3-S.jpg","1001","1001","10,5","6,4","MODEL","0"
"ORGCB185-14K","3.jpg","E:\HD PICTURE\GCB185-14K\3.jpg","1001","1001","13,7","6,4","MODEL","0"
"ORGCB185-14K","IMG_9441-S.jpg","E:\HD PICTURE\GCB185-14K\IMG_9441-S.jpg","1001","1001","250,3","0","PLAIN","0"
"ORGCB185-14K","IMG_9441.jpg","E:\HD PICTURE\GCB185-14K\IMG_9441.jpg","1001","1001","254,9","0","PLAIN","0"
"ORGCB185-14K","IMG_9444-S.jpg","E:\HD PICTURE\GCB185-14K\IMG_9444-S.jpg","1001","1001","250,4","0","PLAIN","0"
"ORGCB185-14K","IMG_9444.jpg","E:\HD PICTURE\GCB185-14K\IMG_9444.jpg","1308","789","254,8","0","PLAIN","0,658"
"ORGCB185-14K","IMG_9537-R.jpg","E:\HD PICTURE\GCB185-14K\IMG_9537-R.jpg","970","600","176,5","0","PLAIN","0,617"
"ORGCB185-14K","IMG_9537-S.jpg","E:\HD PICTURE\GCB185-14K\IMG_9537-S.jpg","1001","1001","168,4","0","PLAIN","0"
"ORGCB185-14K","IMG_9537.jpg","E:\HD PICTURE\GCB185-14K\IMG_9537.jpg","1001","1001","171,7","0","PLAIN","0"
"ORGCB186-1","03-R.jpg","E:\HD PICTURE\GCB186-1\03-R.jpg","970","600","251,9","25,5","PLAIN","0,617"
"ORGCB186-1","03-S.jpg","E:\HD PICTURE\GCB186-1\03-S.jpg","1001","1001","238,2","88,8","INFO","0"
"ORGCB186-1","03.jpg","E:\HD PICTURE\GCB186-1\03.jpg","1001","1001","242,7","88,8","INFO","0"
"ORGCB186-1","12-R.jpg","E:\HD PICTURE\GCB186-1\12-R.jpg","970","600","62,5","0,4","MODEL","0,617"
"ORGCB186-1","12-S.jpg","E:\HD PICTURE\GCB186-1\12-S.jpg","1001","1001","-64","0,8","MODEL","0"
"ORGCB186-1","12.jpg","E:\HD PICTURE\GCB186-1\12.jpg","1001","1001","-62","0,8","MODEL","0"
"ORGCB186-1","2-R.jpg","E:\HD PICTURE\GCB186-1\2-R.jpg","970","600","2","4,5","MODEL","0,617"
"ORGCB186-1","2-S.jpg","E:\HD PICTURE\GCB186-1\2-S.jpg","1001","1001","0,9","6","MODEL","0"
"ORGCB186-1","2.jpg","E:\HD PICTURE\GCB186-1\2.jpg","1001","1001","4,2","6","MODEL","0"
"ORGCB186-1","IMG_9468-S.jpg","E:\HD PICTURE\GCB186-1\IMG_9468-S.jpg","1001","1001","250,3","0","PLAIN","0"
"ORGCB186-1","IMG_9468.jpg","E:\HD PICTURE\GCB186-1\IMG_9468.jpg","1001","1001","254,8","0","PLAIN","0"
"ORGCB186-1","IMG_9471-S.jpg","E:\HD PICTURE\GCB186-1\IMG_9471-S.jpg","1001","1001","250,5","0","PLAIN","0"
"ORGCB186-1","IMG_9471.jpg","E:\HD PICTURE\GCB186-1\IMG_9471.jpg","1340","726","254,5","6","PLAIN","0,846"
"ORGCB186-1","IMG_9525-R.jpg","E:\HD PICTURE\GCB186-1\IMG_9525-R.jpg","970","600","188,1","0","PLAIN","0,617"
"ORGCB186-1","IMG_9525-S.jpg","E:\HD PICTURE\GCB186-1\IMG_9525-S.jpg","1001","1001","185,5","0","PLAIN","0"
"ORGCB186-1","IMG_9525.jpg","E:\HD PICTURE\GCB186-1\IMG_9525.jpg","1001","1001","189,1","0","PLAIN","0"
"ORGCB186-2","03-R.jpg","E:\HD PICTURE\GCB186-2\03-R.jpg","970","600","251,9","25,5","PLAIN","0,617"
"ORGCB186-2","03-S.jpg","E:\HD PICTURE\GCB186-2\03-S.jpg","1001","1001","238,2","88,8","INFO","0"
"ORGCB186-2","03.jpg","E:\HD PICTURE\GCB186-2\03.jpg","1001","1001","242,7","88,8","INFO","0"
"ORGCB186-2","12-R.jpg","E:\HD PICTURE\GCB186-2\12-R.jpg","970","600","62,5","0,4","MODEL","0,617"
"ORGCB186-2","12-S.jpg","E:\HD PICTURE\GCB186-2\12-S.jpg","1001","1001","-64","0,8","MODEL","0"
"ORGCB186-2","12.jpg","E:\HD PICTURE\GCB186-2\12.jpg","1001","1001","-62","0,8","MODEL","0"
"ORGCB186-2","2-R.jpg","E:\HD PICTURE\GCB186-2\2-R.jpg","970","600","2","4,5","MODEL","0,617"
"ORGCB186-2","2-S.jpg","E:\HD PICTURE\GCB186-2\2-S.jpg","1001","1001","0,9","6","MODEL","0"
"ORGCB186-2","2.jpg","E:\HD PICTURE\GCB186-2\2.jpg","1001","1001","4,2","6","MODEL","0"
"ORGCB186-2","IMG_9468-S.jpg","E:\HD PICTURE\GCB186-2\IMG_9468-S.jpg","1001","1001","250,3","0","PLAIN","0"
"ORGCB186-2","IMG_9468.jpg","E:\HD PICTURE\GCB186-2\IMG_9468.jpg","1001","1001","254,8","0","PLAIN","0"
"ORGCB186-2","IMG_9469-S.jpg","E:\HD PICTURE\GCB186-2\IMG_9469-S.jpg","1001","1001","250,5","0","PLAIN","0"
"ORGCB186-2","IMG_9469.jpg","E:\HD PICTURE\GCB186-2\IMG_9469.jpg","1278","696","254,5","9,4","PLAIN","0,836"
"ORGCB186-2","IMG_9524-R.jpg","E:\HD PICTURE\GCB186-2\IMG_9524-R.jpg","970","600","188,5","0","PLAIN","0,617"
"ORGCB186-2","IMG_9524-S.jpg","E:\HD PICTURE\GCB186-2\IMG_9524-S.jpg","1001","1001","188","0","PLAIN","0"
"ORGCB186-2","IMG_9524.jpg","E:\HD PICTURE\GCB186-2\IMG_9524.jpg","1001","1001","191,4","0","PLAIN","0"
"ORGCB187-14K-1","02-R.jpg","E:\HD PICTURE\GCB187-14K-1\02-R.jpg","970","600","251,9","25,5","PLAIN","0,617"
"ORGCB187-14K-1","02-S.jpg","E:\HD PICTURE\GCB187-14K-1\02-S.jpg","1001","1001","238,2","88,8","INFO","0"
"ORGCB187-14K-1","02.jpg","E:\HD PICTURE\GCB187-14K-1\02.jpg","1001","1001","242,7","88,8","INFO","0"
"ORGCB187-14K-1","1-R.jpg","E:\HD PICTURE\GCB187-14K-1\1-R.jpg","970","600","8,9","4,1","MODEL","0,617"
"ORGCB187-14K-1","1-S.jpg","E:\HD PICTURE\GCB187-14K-1\1-S.jpg","1001","1001","-1,4","5,2","MODEL","0"
"ORGCB187-14K-1","1.jpg","E:\HD PICTURE\GCB187-14K-1\1.jpg","1001","1001","1,6","5,2","MODEL","0"
"ORGCB187-14K-1","11-R.jpg","E:\HD PICTURE\GCB187-14K-1\11-R.jpg","970","600","58,1","0,8","MODEL","0,617"
"ORGCB187-14K-1","11-S.jpg","E:\HD PICTURE\GCB187-14K-1\11-S.jpg","1001","1001","-61","0,8","MODEL","0"
"ORGCB187-14K-1","11.jpg","E:\HD PICTURE\GCB187-14K-1\11.jpg","1001","1001","-58,9","0,8","MODEL","0"
"ORGCB187-14K-1","IMG_9450-S.jpg","E:\HD PICTURE\GCB187-14K-1\IMG_9450-S.jpg","1001","1001","250,3","0","PLAIN","0"
"ORGCB187-14K-1","IMG_9450.jpg","E:\HD PICTURE\GCB187-14K-1\IMG_9450.jpg","1001","1001","254,8","0","PLAIN","0"
"ORGCB187-14K-1","IMG_9454-S.jpg","E:\HD PICTURE\GCB187-14K-1\IMG_9454-S.jpg","1001","1001","250,5","0","PLAIN","0"
"ORGCB187-14K-1","IMG_9454.jpg","E:\HD PICTURE\GCB187-14K-1\IMG_9454.jpg","1311","846","255","2,7","PLAIN","0,55"
"ORGCB187-14K-1","IMG_9532-R.jpg","E:\HD PICTURE\GCB187-14K-1\IMG_9532-R.jpg","970","600","195,9","0","PLAIN","0,617"
"ORGCB187-14K-1","IMG_9532-S.jpg","E:\HD PICTURE\GCB187-14K-1\IMG_9532-S.jpg","1001","1001","188,1","0","PLAIN","0"
"ORGCB187-14K-1","IMG_9532.jpg","E:\HD PICTURE\GCB187-14K-1\IMG_9532.jpg","1001","1001","192,1","0","PLAIN","0"
"ORGCB187-14K-2","02-R.jpg","E:\HD PICTURE\GCB187-14K-2\02-R.jpg","970","600","251,9","25,5","PLAIN","0,617"
"ORGCB187-14K-2","02-S.jpg","E:\HD PICTURE\GCB187-14K-2\02-S.jpg","1001","1001","238,2","88,8","INFO","0"
"ORGCB187-14K-2","02.jpg","E:\HD PICTURE\GCB187-14K-2\02.jpg","1001","1001","242,7","88,8","INFO","0"
"ORGCB187-14K-2","1-R.jpg","E:\HD PICTURE\GCB187-14K-2\1-R.jpg","970","600","8,9","4,1","MODEL","0,617"
"ORGCB187-14K-2","1-S.jpg","E:\HD PICTURE\GCB187-14K-2\1-S.jpg","1001","1001","-1,4","5,2","MODEL","0"
"ORGCB187-14K-2","1.jpg","E:\HD PICTURE\GCB187-14K-2\1.jpg","1001","1001","1,6","5,2","MODEL","0"
"ORGCB187-14K-2","11-R.jpg","E:\HD PICTURE\GCB187-14K-2\11-R.jpg","970","600","58,1","0,8","MODEL","0,617"
"ORGCB187-14K-2","11-S.jpg","E:\HD PICTURE\GCB187-14K-2\11-S.jpg","1001","1001","-61","0,8","MODEL","0"
"ORGCB187-14K-2","11.jpg","E:\HD PICTURE\GCB187-14K-2\11.jpg","1001","1001","-58,9","0,8","MODEL","0"
"ORGCB187-14K-2","IMG_9450-S.jpg","E:\HD PICTURE\GCB187-14K-2\IMG_9450-S.jpg","1001","1001","250,3","0","PLAIN","0"
"ORGCB187-14K-2","IMG_9450.jpg","E:\HD PICTURE\GCB187-14K-2\IMG_9450.jpg","1001","1001","254,8","0","PLAIN","0"
"ORGCB187-14K-2","IMG_9459-S.jpg","E:\HD PICTURE\GCB187-14K-2\IMG_9459-S.jpg","1001","1001","250,5","0","PLAIN","0"
"ORGCB187-14K-2","IMG_9459.jpg","E:\HD PICTURE\GCB187-14K-2\IMG_9459.jpg","1001","1001","255","0","PLAIN","0"
"ORGCB187-14K-2","IMG_9531-R.jpg","E:\HD PICTURE\GCB187-14K-2\IMG_9531-R.jpg","970","600","196,9","0","PLAIN","0,617"
"ORGCB187-14K-2","IMG_9531-S.jpg","E:\HD PICTURE\GCB187-14K-2\IMG_9531-S.jpg","1001","1001","188","0","PLAIN","0"
"ORGCB187-14K-2","IMG_9531.jpg","E:\HD PICTURE\GCB187-14K-2\IMG_9531.jpg","1001","1001","192,1","0","PLAIN","0"
"ORGCB19-18K","001.jpg","E:\HD PICTURE\Orloff customized design\GCB19-18K\001.jpg","1021","600","249,8","51,2","PLAIN","0,702"
"ORGCB19-18K","1.jpg","E:\HD PICTURE\Orloff customized design\GCB19-18K\1.jpg","970","627","249,5","1,2","PLAIN","0,547"
"ORGCB19-18K","GCB19-18K.jpg","E:\HD PICTURE\Orloff customized design\GCB19-18K\GCB19-18K.jpg","1001","1001","254,8","2","PLAIN","0"
"ORGCB19-18K","IMG_0206.jpg","E:\HD PICTURE\Orloff customized design\GCB19-18K\IMG_0206.jpg","1001","1001","212,4","0","PLAIN","0"
"ORGCB19-18K","IMG_0255.jpg","E:\HD PICTURE\Orloff customized design\GCB19-18K\IMG_0255.jpg","1001","1001","131,5","0","MODEL","0"
"ORGCB19-18K","IMG_0475.jpg","E:\HD PICTURE\Orloff customized design\GCB19-18K\IMG_0475.jpg","1001","1001","121,6","2","MODEL","0"
"ORGCB19-18K","IMG_9316.jpg","E:\HD PICTURE\Orloff customized design\GCB19-18K\IMG_9316.jpg","1001","1001","250,5","2,8","PLAIN","0"
"ORGCB19-P","07.jpg","E:\HD PICTURE\Orloff customized design\GCB19-P\07.jpg","1001","1001","244,6","88,8","INFO","0"
"ORGCB19-P","1.jpg","E:\HD PICTURE\Orloff customized design\GCB19-P\1.jpg","970","652","254,8","0,8","PLAIN","0,488"
"ORGCB19-P","IMG_1925.jpg","E:\HD PICTURE\Orloff customized design\GCB19-P\IMG_1925.jpg","1001","1001","172,7","0","PLAIN","0"
"ORGCB19-P","IMG_2143.jpg","E:\HD PICTURE\Orloff customized design\GCB19-P\IMG_2143.jpg","1001","1001","104,9","0","MODEL","0"
"ORGCB19-P","IMG_2519.jpg","E:\HD PICTURE\Orloff customized design\GCB19-P\IMG_2519.jpg","1001","1001","-17,9","7,6","MODEL","0"
"ORGCB19-P","IMG_9316.jpg","E:\HD PICTURE\Orloff customized design\GCB19-P\IMG_9316.jpg","1001","1001","254,7","1,2","PLAIN","0"
"ORGCB20-18K","005.jpg","E:\HD PICTURE\Orloff customized design\GCB20-18K\005.jpg","1001","1001","246,7","88,8","INFO","0"
"ORGCB20-18K","1.jpg","E:\HD PICTURE\Orloff customized design\GCB20-18K\1.jpg","970","708","255","3,7","PLAIN","0,37"
"ORGCB20-18K","GCB20-18K.jpg","E:\HD PICTURE\Orloff customized design\GCB20-18K\GCB20-18K.jpg","1001","1001","254,9","5,2","PLAIN","0"
"ORGCB20-18K","IMG_0148.jpg","E:\HD PICTURE\Orloff customized design\GCB20-18K\IMG_0148.jpg","1001","1001","195,5","0","PLAIN","0"
"ORGCB20-18K","IMG_0294.jpg","E:\HD PICTURE\Orloff customized design\GCB20-18K\IMG_0294.jpg","1001","1001","90,4","0","MODEL","0"
"ORGCB20-18K","IMG_0415.jpg","E:\HD PICTURE\Orloff customized design\GCB20-18K\IMG_0415.jpg","1001","1001","135,2","1,2","MODEL","0"
"ORGCB20-18K","IMG_9335.jpg","E:\HD PICTURE\Orloff customized design\GCB20-18K\IMG_9335.jpg","1001","1001","250,5","6,8","PLAIN","0"
"ORGCB20-P","09.jpg","E:\HD PICTURE\Orloff customized design\GCB20-P\09.jpg","1001","1001","244,6","88,8","INFO","0"
"ORGCB20-P","1.jpg","E:\HD PICTURE\Orloff customized design\GCB20-P\1.jpg","970","631","254,5","3,3","PLAIN","0,537"
"ORGCB20-P","IMG_1930.jpg","E:\HD PICTURE\Orloff customized design\GCB20-P\IMG_1930.jpg","1001","1001","167,7","0","PLAIN","0"
"ORGCB20-P","IMG_2172.jpg","E:\HD PICTURE\Orloff customized design\GCB20-P\IMG_2172.jpg","1001","1001","70,7","0","MODEL","0"
"ORGCB20-P","IMG_2538.jpg","E:\HD PICTURE\Orloff customized design\GCB20-P\IMG_2538.jpg","1001","1001","-25,8","6,8","MODEL","0"
"ORGCB20-P","IMG_9335.jpg","E:\HD PICTURE\Orloff customized design\GCB20-P\IMG_9335.jpg","1001","1001","254,3","6","PLAIN","0"
"ORGCB21-18K","01.jpg","E:\HD PICTURE\Orloff customized design\GCB21-18K\01.jpg","1001","1001","244,6","88,8","INFO","0"
"ORGCB21-18K","1.jpg","E:\HD PICTURE\Orloff customized design\GCB21-18K\1.jpg","970","715","255","0","PLAIN","0,357"
"ORGCB21-18K","GCB21-18K.jpg","E:\HD PICTURE\Orloff customized design\GCB21-18K\GCB21-18K.jpg","3456","3457","255","0","PLAIN","0"
"ORGCB21-18K","IMG_0197.jpg","E:\HD PICTURE\Orloff customized design\GCB21-18K\IMG_0197.jpg","1001","1001","209,6","0,4","PLAIN","0"
"ORGCB21-18K","IMG_0272.jpg","E:\HD PICTURE\Orloff customized design\GCB21-18K\IMG_0272.jpg","1001","1001","83,3","0","MODEL","0"
"ORGCB21-18K","IMG_0461.jpg","E:\HD PICTURE\Orloff customized design\GCB21-18K\IMG_0461.jpg","1001","1001","103,1","0,8","MODEL","0"
"ORGCB21-18K","IMG_0594.jpg","E:\HD PICTURE\Orloff customized design\GCB21-18K\IMG_0594.jpg","1001","1001","250,5","0","PLAIN","0"
"ORGCB21-P","03.jpg","E:\HD PICTURE\Orloff customized design\GCB21-P\03.jpg","1001","1001","244,6","88,8","INFO","0"
"ORGCB21-P","1.jpg","E:\HD PICTURE\Orloff customized design\GCB21-P\1.jpg","970","653","254,7","1,6","PLAIN","0,485"
"ORGCB21-P","IMG_0594.jpg","E:\HD PICTURE\Orloff customized design\GCB21-P\IMG_0594.jpg","1001","1001","254,6","1,6","PLAIN","0"
"ORGCB21-P","IMG_1923.jpg","E:\HD PICTURE\Orloff customized design\GCB21-P\IMG_1923.jpg","1001","1001","176,8","0","PLAIN","0"
"ORGCB21-P","IMG_2125.jpg","E:\HD PICTURE\Orloff customized design\GCB21-P\IMG_2125.jpg","1001","1001","76,5","0,4","MODEL","0"
"ORGCB21-P","IMG_2513.jpg","E:\HD PICTURE\Orloff customized design\GCB21-P\IMG_2513.jpg","1001","1001","-14,9","8","MODEL","0"
"ORGCB22-18K","003.jpg","E:\HD PICTURE\Orloff customized design\GCB22-18K\003.jpg","1001","1001","247","88,8","INFO","0"
"ORGCB22-18K","1.jpg","E:\HD PICTURE\Orloff customized design\GCB22-18K\1.jpg","970","633","255","0","PLAIN","0,532"
"ORGCB22-18K","GCB22-18K.jpg","E:\HD PICTURE\Orloff customized design\GCB22-18K\GCB22-18K.jpg","1001","1001","254,9","0","PLAIN","0"
"ORGCB22-18K","IMG_0060.jpg","E:\HD PICTURE\Orloff customized design\GCB22-18K\IMG_0060.jpg","1001","1001","250,5","0","PLAIN","0"
"ORGCB22-18K","IMG_0153.jpg","E:\HD PICTURE\Orloff customized design\GCB22-18K\IMG_0153.jpg","1001","1001","195,3","0","PLAIN","0"
"ORGCB22-18K","IMG_0285.jpg","E:\HD PICTURE\Orloff customized design\GCB22-18K\IMG_0285.jpg","1001","1001","104,2","0","MODEL","0"
"ORGCB22-18K","IMG_0433.jpg","E:\HD PICTURE\Orloff customized design\GCB22-18K\IMG_0433.jpg","1001","1001","101,8","2","MODEL","0"
"ORGCB22-P","01---??.jpg","E:\HD PICTURE\GCB22-P\01---??.jpg","1001","1001","248,6","88,8","INFO","0"
"ORGCB22-P","1.jpg","E:\HD PICTURE\GCB22-P\1.jpg","970","600","249,2","29,6","PLAIN","0,617"
"ORGCB22-P","2.jpg","E:\HD PICTURE\GCB22-P\2.jpg","970","600","253,4","1,2","PLAIN","0,617"
"ORGCB22-P","3.jpg","E:\HD PICTURE\GCB22-P\3.jpg","970","600","176,2","2,5","PLAIN","0,617"
"ORGCB22-P","IMG_0060.jpg","E:\HD PICTURE\GCB22-P\IMG_0060.jpg","1001","1001","254,9","0,8","PLAIN","0"
"ORGCB22-P","IMG_2103.jpg","E:\HD PICTURE\GCB22-P\IMG_2103.jpg","1001","1001","82,4","0","MODEL","0"
"ORGCB22-P","IMG_2350.jpg","E:\HD PICTURE\GCB22-P\IMG_2350.jpg","1001","1001","118,9","3,6","MODEL","0"
"ORGCB22-P","IMG_3409.jpg","E:\HD PICTURE\GCB22-P\IMG_3409.jpg","1001","1001","171,1","0","PLAIN","0"
"ORGCB22-P","01---??.jpg","E:\HD PICTURE\Orloff customized design\GCB22-P\01---??.jpg","1001","1001","248,6","88,8","INFO","0"
"ORGCB22-P","1.jpg","E:\HD PICTURE\Orloff customized design\GCB22-P\1.jpg","970","701","255","0,4","PLAIN","0,384"
"ORGCB22-P","IMG_0060.jpg","E:\HD PICTURE\Orloff customized design\GCB22-P\IMG_0060.jpg","1001","1001","254,9","0,8","PLAIN","0"
"ORGCB22-P","IMG_2103.jpg","E:\HD PICTURE\Orloff customized design\GCB22-P\IMG_2103.jpg","1001","1001","82,4","0","MODEL","0"
"ORGCB22-P","IMG_2350.jpg","E:\HD PICTURE\Orloff customized design\GCB22-P\IMG_2350.jpg","1001","1001","118,9","3,6","MODEL","0"
"ORGCB22-P","IMG_3409.jpg","E:\HD PICTURE\Orloff customized design\GCB22-P\IMG_3409.jpg","1001","1001","171,1","0","PLAIN","0"
"ORGCB23-18K","002.jpg","E:\HD PICTURE\Orloff customized design\GCB23-18K\002.jpg","1001","1001","247","88,8","INFO","0"
"ORGCB23-18K","1.jpg","E:\HD PICTURE\Orloff customized design\GCB23-18K\1.jpg","970","713","254,8","1,2","PLAIN","0,36"
"ORGCB23-18K","2.jpg","E:\HD PICTURE\Orloff customized design\GCB23-18K\2.jpg","970","751","252,1","25,1","PLAIN","0,292"
"ORGCB23-18K","GCB23-18K.jpg","E:\HD PICTURE\Orloff customized design\GCB23-18K\GCB23-18K.jpg","1001","1001","254,8","2,8","PLAIN","0"
"ORGCB23-18K","IMG_0144.jpg","E:\HD PICTURE\Orloff customized design\GCB23-18K\IMG_0144.jpg","1001","1001","197,3","0","PLAIN","0"
"ORGCB23-18K","IMG_0268.jpg","E:\HD PICTURE\Orloff customized design\GCB23-18K\IMG_0268.jpg","1001","1001","82,3","0","MODEL","0"
"ORGCB23-18K","IMG_0403.jpg","E:\HD PICTURE\Orloff customized design\GCB23-18K\IMG_0403.jpg","1001","1001","134,5","1,6","MODEL","0"
"ORGCB23-18K","IMG_9324.jpg","E:\HD PICTURE\Orloff customized design\GCB23-18K\IMG_9324.jpg","1001","1001","250,5","2,4","PLAIN","0"
"ORGCB23-P","08.jpg","E:\HD PICTURE\Orloff customized design\GCB23-P\08.jpg","1001","1001","244,6","88,8","INFO","0"
"ORGCB23-P","1.jpg","E:\HD PICTURE\Orloff customized design\GCB23-P\1.jpg","970","659","253,5","7","PLAIN","0,472"
"ORGCB23-P","2.jpg","E:\HD PICTURE\Orloff customized design\GCB23-P\2.jpg","970","625","251,4","60,9","PLAIN","0,552"
"ORGCB23-P","IMG_1936.jpg","E:\HD PICTURE\Orloff customized design\GCB23-P\IMG_1936.jpg","1001","1001","146","0","MODEL","0"
"ORGCB23-P","IMG_2277.jpg","E:\HD PICTURE\Orloff customized design\GCB23-P\IMG_2277.jpg","1001","1001","94,1","0","MODEL","0"
"ORGCB23-P","IMG_2526.jpg","E:\HD PICTURE\Orloff customized design\GCB23-P\IMG_2526.jpg","1001","1001","-10,4","6,4","MODEL","0"
"ORGCB23-P","IMG_9324.jpg","E:\HD PICTURE\Orloff customized design\GCB23-P\IMG_9324.jpg","1001","1001","252,8","10","PLAIN","0"
"ORGCB24-18K","07.jpg","E:\HD PICTURE\Orloff customized design\GCB24-18K\07.jpg","1001","1001","244,5","88,8","INFO","0"
"ORGCB24-18K","1.jpg","E:\HD PICTURE\Orloff customized design\GCB24-18K\1.jpg","970","682","255","1,6","PLAIN","0,422"
"ORGCB24-18K","2.jpg","E:\HD PICTURE\Orloff customized design\GCB24-18K\2.jpg","970","700","255","24,3","PLAIN","0,386"
"ORGCB24-18K","GCB24-18K.jpg","E:\HD PICTURE\Orloff customized design\GCB24-18K\GCB24-18K.jpg","1001","1001","255","2,4","PLAIN","0"
"ORGCB24-18K","IMG_0195.jpg","E:\HD PICTURE\Orloff customized design\GCB24-18K\IMG_0195.jpg","1001","1001","202,6","0,4","PLAIN","0"
"ORGCB24-18K","IMG_0264.jpg","E:\HD PICTURE\Orloff customized design\GCB24-18K\IMG_0264.jpg","1001","1001","54,3","0","MODEL","0"
"ORGCB24-18K","IMG_0441.jpg","E:\HD PICTURE\Orloff customized design\GCB24-18K\IMG_0441.jpg","1001","1001","124,3","1,2","MODEL","0"
"ORGCB24-18K","IMG_0760.jpg","E:\HD PICTURE\Orloff customized design\GCB24-18K\IMG_0760.jpg","1001","1001","250,5","2,4","PLAIN","0"
"ORGCB24-P","06.jpg","E:\HD PICTURE\Orloff customized design\GCB24-P\06.jpg","1001","1001","244,6","88,8","INFO","0"
"ORGCB24-P","1.jpg","E:\HD PICTURE\Orloff customized design\GCB24-P\1.jpg","970","657","254,2","1,6","PLAIN","0,476"
"ORGCB24-P","2.jpg","E:\HD PICTURE\Orloff customized design\GCB24-P\2.jpg","1034","729","254,6","64,5","PLAIN","0,418"
"ORGCB24-P","IMG_0760.jpg","E:\HD PICTURE\Orloff customized design\GCB24-P\IMG_0760.jpg","1001","1001","254","2,8","PLAIN","0"
"ORGCB24-P","IMG_1934.jpg","E:\HD PICTURE\Orloff customized design\GCB24-P\IMG_1934.jpg","1001","1001","175,7","0","PLAIN","0"
"ORGCB24-P","IMG_2268.jpg","E:\HD PICTURE\Orloff customized design\GCB24-P\IMG_2268.jpg","1001","1001","65,8","0","MODEL","0"
"ORGCB24-P","IMG_2542.jpg","E:\HD PICTURE\Orloff customized design\GCB24-P\IMG_2542.jpg","1001","1001","-12,3","7,2","MODEL","0"
"ORGCB25","06.jpg","E:\HD PICTURE\Orloff customized design\GCB25\06.jpg","1001","1001","247,2","88,8","INFO","0"
"ORGCB25","1.jpg","E:\HD PICTURE\Orloff customized design\GCB25\1.jpg","970","703","255","32,5","PLAIN","0,38"
"ORGCB25","2.jpg","E:\HD PICTURE\Orloff customized design\GCB25\2.jpg","970","702","254,7","0","PLAIN","0,382"
"ORGCB25","GCB25.jpg","E:\HD PICTURE\Orloff customized design\GCB25\GCB25.jpg","2119","2119","255","0","PLAIN","0"
"ORGCB25","IMG_0181.jpg","E:\HD PICTURE\Orloff customized design\GCB25\IMG_0181.jpg","1001","1001","192,5","0","PLAIN","0"
"ORGCB25","IMG_0305.jpg","E:\HD PICTURE\Orloff customized design\GCB25\IMG_0305.jpg","1001","1001","196,1","0","PLAIN","0"
"ORGCB25","IMG_0420.jpg","E:\HD PICTURE\Orloff customized design\GCB25\IMG_0420.jpg","1001","1001","103,5","2","MODEL","0"
"ORGCB25","IMG_0740.jpg","E:\HD PICTURE\Orloff customized design\GCB25\IMG_0740.jpg","1001","1001","250,5","0","PLAIN","0"
"ORGCB26-18K","05.jpg","E:\HD PICTURE\Orloff customized design\GCB26-18K\05.jpg","1001","1001","244,6","88,8","INFO","0"
"ORGCB26-18K","1.jpg","E:\HD PICTURE\Orloff customized design\GCB26-18K\1.jpg","970","647","255","0","PLAIN","0,499"
"ORGCB26-18K","2.jpg","E:\HD PICTURE\Orloff customized design\GCB26-18K\2.jpg","970","683","255","27,2","PLAIN","0,42"
"ORGCB26-18K","GCB26.jpg","E:\HD PICTURE\Orloff customized design\GCB26-18K\GCB26.jpg","3259","3259","255","0,4","PLAIN","0"
"ORGCB26-18K","IMG_0191.jpg","E:\HD PICTURE\Orloff customized design\GCB26-18K\IMG_0191.jpg","1001","1001","206,3","0","PLAIN","0"
"ORGCB26-18K","IMG_0276.jpg","E:\HD PICTURE\Orloff customized design\GCB26-18K\IMG_0276.jpg","1001","1001","99,9","0","MODEL","0"
"ORGCB26-18K","IMG_0454.jpg","E:\HD PICTURE\Orloff customized design\GCB26-18K\IMG_0454.jpg","1001","1001","104,6","1,2","MODEL","0"
"ORGCB26-18K","IMG_0620.jpg","E:\HD PICTURE\Orloff customized design\GCB26-18K\IMG_0620.jpg","1001","1001","250,5","0,4","PLAIN","0"
"ORGCB26-P","1.jpg","E:\HD PICTURE\Orloff customized design\GCB26-P\1.jpg","970","637","254,5","0,8","PLAIN","0,523"
"ORGCB26-P","2.jpg","E:\HD PICTURE\Orloff customized design\GCB26-P\2.jpg","970","644","255","23,9","PLAIN","0,506"
"ORGCB26-P","20.jpg","E:\HD PICTURE\Orloff customized design\GCB26-P\20.jpg","1001","1001","244,6","88,8","INFO","0"
"ORGCB26-P","IMG_0620.jpg","E:\HD PICTURE\Orloff customized design\GCB26-P\IMG_0620.jpg","1001","1001","254,8","0,8","PLAIN","0"
"ORGCB26-P","IMG_1927.jpg","E:\HD PICTURE\Orloff customized design\GCB26-P\IMG_1927.jpg","1001","1001","176,6","0","PLAIN","0"
"ORGCB26-P","IMG_2166.jpg","E:\HD PICTURE\Orloff customized design\GCB26-P\IMG_2166.jpg","1001","1001","90,2","0","MODEL","0"
"ORGCB26-P","IMG_2530.jpg","E:\HD PICTURE\Orloff customized design\GCB26-P\IMG_2530.jpg","1001","1001","-21,3","6","MODEL","0"
"ORGCB27","1.jpg","E:\HD PICTURE\Orloff customized design\GCB27\1.jpg","1001","1001","247,2","88,8","INFO","0"
"ORGCB27","2.jpg","E:\HD PICTURE\Orloff customized design\GCB27\2.jpg","970","650","255","0","PLAIN","0,492"
"ORGCB27","3.jpg","E:\HD PICTURE\Orloff customized design\GCB27\3.jpg","970","734","255","34,6","PLAIN","0,322"
"ORGCB27","GCB27.jpg","E:\HD PICTURE\Orloff customized design\GCB27\GCB27.jpg","1001","1001","254,8","0","PLAIN","0"
"ORGCB27","IMG_0142.jpg","E:\HD PICTURE\Orloff customized design\GCB27\IMG_0142.jpg","1001","1001","209,6","0","PLAIN","0"
"ORGCB27","IMG_0333.jpg","E:\HD PICTURE\Orloff customized design\GCB27\IMG_0333.jpg","1001","1001","170,1","0","PLAIN","0"
"ORGCB27","IMG_0524.jpg","E:\HD PICTURE\Orloff customized design\GCB27\IMG_0524.jpg","1001","1001","121,2","0,8","MODEL","0"
"ORGCB27","IMG_9302.jpg","E:\HD PICTURE\Orloff customized design\GCB27\IMG_9302.jpg","1001","1001","250,4","0","PLAIN","0"
"ORGCB28-18K","02.jpg","E:\HD PICTURE\Orloff customized design\GCB28-18K\02.jpg","1001","1001","244,5","88,8","INFO","0"
"ORGCB28-18K","1.jpg","E:\HD PICTURE\Orloff customized design\GCB28-18K\1.jpg","970","657","255","0","PLAIN","0,476"
"ORGCB28-18K","2.jpg","E:\HD PICTURE\Orloff customized design\GCB28-18K\2.jpg","970","684","252,4","67,1","PLAIN","0,418"
"ORGCB28-18K","GCB28-18K.jpg","E:\HD PICTURE\Orloff customized design\GCB28-18K\GCB28-18K.jpg","3259","3259","255","0","PLAIN","0"
"ORGCB28-18K","IMG_0184.jpg","E:\HD PICTURE\Orloff customized design\GCB28-18K\IMG_0184.jpg","1001","1001","194,1","0","PLAIN","0"
"ORGCB28-18K","IMG_0281.jpg","E:\HD PICTURE\Orloff customized design\GCB28-18K\IMG_0281.jpg","1001","1001","168,2","0","PLAIN","0"
"ORGCB28-18K","IMG_0429.jpg","E:\HD PICTURE\Orloff customized design\GCB28-18K\IMG_0429.jpg","1001","1001","140,3","1,2","MODEL","0"
"ORGCB28-18K","IMG_0598.jpg","E:\HD PICTURE\Orloff customized design\GCB28-18K\IMG_0598.jpg","1001","1001","250,5","0","PLAIN","0"
"ORGCB28-P","04.jpg","E:\HD PICTURE\Orloff customized design\GCB28-P\04.jpg","1001","1001","244,6","88,8","INFO","0"
"ORGCB28-P","1.jpg","E:\HD PICTURE\Orloff customized design\GCB28-P\1.jpg","970","635","254,4","1,6","PLAIN","0,528"
"ORGCB28-P","2.jpg","E:\HD PICTURE\Orloff customized design\GCB28-P\2.jpg","1001","1001","251,7","88,8","INFO","0"
"ORGCB28-P","IMG_0598.jpg","E:\HD PICTURE\Orloff customized design\GCB28-P\IMG_0598.jpg","1001","1001","254,1","3,6","PLAIN","0"
"ORGCB28-P","IMG_1941.jpg","E:\HD PICTURE\Orloff customized design\GCB28-P\IMG_1941.jpg","1001","1001","182,5","0","PLAIN","0"
"ORGCB28-P","IMG_2152.jpg","E:\HD PICTURE\Orloff customized design\GCB28-P\IMG_2152.jpg","1001","1001","58,5","0","MODEL","0"
"ORGCB28-P","IMG_2553.jpg","E:\HD PICTURE\Orloff customized design\GCB28-P\IMG_2553.jpg","1001","1001","-39,7","4,4","MODEL","0"
"ORGCB29-18K","03.jpg","E:\HD PICTURE\Orloff customized design\GCB29-18K\03.jpg","1001","1001","244,7","88,8","INFO","0"
"ORGCB29-18K","1.jpg","E:\HD PICTURE\Orloff customized design\GCB29-18K\1.jpg","970","658","254,7","1,2","PLAIN","0,474"
"ORGCB29-18K","3.jpg","E:\HD PICTURE\Orloff customized design\GCB29-18K\3.jpg","970","636","252,6","23","PLAIN","0,525"
"ORGCB29-18K","GCB29-18K.jpg","E:\HD PICTURE\Orloff customized design\GCB29-18K\GCB29-18K.jpg","3150","3150","255","2,9","PLAIN","0"
"ORGCB29-18K","IMG_0170.jpg","E:\HD PICTURE\Orloff customized design\GCB29-18K\IMG_0170.jpg","1001","1001","209,8","0","PLAIN","0"
"ORGCB29-18K","IMG_0289.jpg","E:\HD PICTURE\Orloff customized design\GCB29-18K\IMG_0289.jpg","1001","1001","138,7","0","MODEL","0"
"ORGCB29-18K","IMG_0396.jpg","E:\HD PICTURE\Orloff customized design\GCB29-18K\IMG_0396.jpg","1001","1001","110,6","2,8","MODEL","0"
"ORGCB29-18K","IMG_0608.jpg","E:\HD PICTURE\Orloff customized design\GCB29-18K\IMG_0608.jpg","1001","1001","250,5","2","PLAIN","0"
"ORGCB29-P","05.jpg","E:\HD PICTURE\Orloff customized design\GCB29-P\05.jpg","1001","1001","244,6","88,8","INFO","0"
"ORGCB29-P","1.jpg","E:\HD PICTURE\Orloff customized design\GCB29-P\1.jpg","970","653","253,4","2,1","PLAIN","0,485"
"ORGCB29-P","2.jpg","E:\HD PICTURE\Orloff customized design\GCB29-P\2.jpg","970","669","252,3","63","PLAIN","0,45"
"ORGCB29-P","IMG_0608.jpg","E:\HD PICTURE\Orloff customized design\GCB29-P\IMG_0608.jpg","1001","1001","254,1","3,6","PLAIN","0"
"ORGCB29-P","IMG_1932.jpg","E:\HD PICTURE\Orloff customized design\GCB29-P\IMG_1932.jpg","1001","1001","156,7","0","PLAIN","0"
"ORGCB29-P","IMG_2257.jpg","E:\HD PICTURE\Orloff customized design\GCB29-P\IMG_2257.jpg","1001","1001","95,1","0","MODEL","0"
"ORGCB29-P","IMG_2547.jpg","E:\HD PICTURE\Orloff customized design\GCB29-P\IMG_2547.jpg","1001","1001","-40,2","9,2","MODEL","0"
"ORGCB30-18K","04.jpg","E:\HD PICTURE\Orloff customized design\GCB30-18K\04.jpg","1001","1001","244,5","88,8","INFO","0"
"ORGCB30-18K","1.jpg","E:\HD PICTURE\Orloff customized design\GCB30-18K\1.jpg","970","622","250,3","23,9","PLAIN","0,559"
"ORGCB30-18K","2.jpg","E:\HD PICTURE\Orloff customized design\GCB30-18K\2.jpg","970","662","255","0","PLAIN","0,465"
"ORGCB30-18K","GCB30-18K.jpg","E:\HD PICTURE\Orloff customized design\GCB30-18K\GCB30-18K.jpg","3063","3062","255","0","PLAIN","0"
"ORGCB30-18K","IMG_0517.jpg","E:\HD PICTURE\Orloff customized design\GCB30-18K\IMG_0517.jpg","1001","1001","146,9","0,8","MODEL","0"
"ORGCB30-18K","IMG_0615.jpg","E:\HD PICTURE\Orloff customized design\GCB30-18K\IMG_0615.jpg","1001","1001","250,5","0","PLAIN","0"
"ORGCB30-18K","IMG_0746.jpg","E:\HD PICTURE\Orloff customized design\GCB30-18K\IMG_0746.jpg","1001","1001","201,1","0","PLAIN","0"
"ORGCB30-18K","IMG_0752.jpg","E:\HD PICTURE\Orloff customized design\GCB30-18K\IMG_0752.jpg","1001","1001","160,5","0","PLAIN","0"
"ORGCB30-P","04.jpg","E:\HD PICTURE\GCB30-P\04.jpg","1001","1001","248,6","88,8","INFO","0"
"ORGCB30-P","1.jpg","E:\HD PICTURE\GCB30-P\1.jpg","970","600","253,3","0","PLAIN","0,617"
"ORGCB30-P","2.jpg","E:\HD PICTURE\GCB30-P\2.jpg","970","600","248,1","61,3","PLAIN","0,617"
"ORGCB30-P","3.jpg","E:\HD PICTURE\GCB30-P\3.jpg","970","600","162,8","2,5","PLAIN","0,617"
"ORGCB30-P","IMG_0615.jpg","E:\HD PICTURE\GCB30-P\IMG_0615.jpg","1001","1001","254,7","0","PLAIN","0"
"ORGCB30-P","IMG_2113.jpg","E:\HD PICTURE\GCB30-P\IMG_2113.jpg","1001","1001","76","0","MODEL","0"
"ORGCB30-P","IMG_2346.jpg","E:\HD PICTURE\GCB30-P\IMG_2346.jpg","1001","1001","100,6","5,2","MODEL","0"
"ORGCB30-P","IMG_3412.jpg","E:\HD PICTURE\GCB30-P\IMG_3412.jpg","1001","1001","158,7","0","PLAIN","0"
"ORGCB30-P","04.jpg","E:\HD PICTURE\Orloff customized design\GCB30-P\04.jpg","1001","1001","248,6","88,8","INFO","0"
"ORGCB30-P","1.jpg","E:\HD PICTURE\Orloff customized design\GCB30-P\1.jpg","970","681","253,1","24,3","PLAIN","0,424"
"ORGCB30-P","2.jpg","E:\HD PICTURE\Orloff customized design\GCB30-P\2.jpg","970","636","254,3","0","PLAIN","0,525"
"ORGCB30-P","IMG_0615.jpg","E:\HD PICTURE\Orloff customized design\GCB30-P\IMG_0615.jpg","1001","1001","254,7","0","PLAIN","0"
"ORGCB30-P","IMG_2113.jpg","E:\HD PICTURE\Orloff customized design\GCB30-P\IMG_2113.jpg","1001","1001","76","0","MODEL","0"
"ORGCB30-P","IMG_2346.jpg","E:\HD PICTURE\Orloff customized design\GCB30-P\IMG_2346.jpg","1001","1001","100,6","5,2","MODEL","0"
"ORGCB30-P","IMG_3412.jpg","E:\HD PICTURE\Orloff customized design\GCB30-P\IMG_3412.jpg","1001","1001","158,7","0","PLAIN","0"
"ORGCB50P","071.jpg","E:\HD PICTURE\Orloff customized design\GCB50\071.jpg","1001","1001","244,6","88,8","INFO","0"
"ORGCB50P","1.jpg","E:\HD PICTURE\Orloff customized design\GCB50\1.jpg","970","658","255","23","PLAIN","0,474"
"ORGCB50P","2.jpg","E:\HD PICTURE\Orloff customized design\GCB50\2.jpg","970","640","255","0","PLAIN","0,516"
"ORGCB50P","GCB50.jpg","E:\HD PICTURE\Orloff customized design\GCB50\GCB50.jpg","1001","1001","255","0","PLAIN","0"
"ORGCB50P","IMG_05316.jpg","E:\HD PICTURE\Orloff customized design\GCB50\IMG_05316.jpg","1001","1001","129,1","2,4","MODEL","0"
"ORGCB50P","IMG_0716.jpg","E:\HD PICTURE\Orloff customized design\GCB50\IMG_0716.jpg","1001","1001","250,4","0","PLAIN","0"
"ORGCB50P","IMG_0749.jpg","E:\HD PICTURE\Orloff customized design\GCB50\IMG_0749.jpg","1001","1001","205,8","0","PLAIN","0"
"ORGCB50P","IMG_0755.jpg","E:\HD PICTURE\Orloff customized design\GCB50\IMG_0755.jpg","1001","1001","164,2","0","PLAIN","0"
"ORGCB51-P","11.jpg","E:\HD PICTURE\GCB51-P\11.jpg","1001","1001","244,6","88,8","INFO","0"
"ORGCB51-P","IMG_1749.jpg","E:\HD PICTURE\GCB51-P\IMG_1749.jpg","1001","1001","254,5","2,8","PLAIN","0"
"ORGCB51-P","IMG_1917.jpg","E:\HD PICTURE\GCB51-P\IMG_1917.jpg","1001","1001","175,1","0","PLAIN","0"
"ORGCB51-P","IMG_2221.jpg","E:\HD PICTURE\GCB51-P\IMG_2221.jpg","1001","1001","96,3","0","MODEL","0"
"ORGCB51-P","IMG_2370.jpg","E:\HD PICTURE\GCB51-P\IMG_2370.jpg","1001","1001","103,2","2","MODEL","0"
"ORGCB51-P","IMG_2899.jpg","E:\HD PICTURE\GCB51-P\IMG_2899.jpg","1001","1001","152,8","0","PLAIN","0"
"ORGCB51-WY","13.jpg","E:\HD PICTURE\GCB51-WY\13.jpg","1001","1001","244,6","88,8","INFO","0"
"ORGCB51-WY","IMG_1755.jpg","E:\HD PICTURE\GCB51-WY\IMG_1755.jpg","1001","1001","254,6","2,4","PLAIN","0"
"ORGCB51-WY","IMG_1915.jpg","E:\HD PICTURE\GCB51-WY\IMG_1915.jpg","1001","1001","160,3","0","PLAIN","0"
"ORGCB51-WY","IMG_2245.jpg","E:\HD PICTURE\GCB51-WY\IMG_2245.jpg","1001","1001","83,5","0,4","MODEL","0"
"ORGCB51-WY","IMG_2503.jpg","E:\HD PICTURE\GCB51-WY\IMG_2503.jpg","1001","1001","-10,9","10,4","MODEL","0"
"ORGCB51-WY","IMG_2899.jpg","E:\HD PICTURE\GCB51-WY\IMG_2899.jpg","1001","1001","152,8","0","PLAIN","0"
"ORGCB51-YL","02.jpg","E:\HD PICTURE\GCB51-YL\02.jpg","1001","1001","244,6","88,8","INFO","0"
"ORGCB51-YL","IMG_1743.jpg","E:\HD PICTURE\GCB51-YL\IMG_1743.jpg","1001","1001","254","2,8","PLAIN","0"
"ORGCB51-YL","IMG_1919.jpg","E:\HD PICTURE\GCB51-YL\IMG_1919.jpg","1001","1001","160,6","0","PLAIN","0"
"ORGCB51-YL","IMG_2113.jpg","E:\HD PICTURE\GCB51-YL\IMG_2113.jpg","1001","1001","85,9","0","MODEL","0"
"ORGCB51-YL","IMG_2367.jpg","E:\HD PICTURE\GCB51-YL\IMG_2367.jpg","1001","1001","128,9","1,6","MODEL","0"
"ORGCB51-YL","IMG_2899.jpg","E:\HD PICTURE\GCB51-YL\IMG_2899.jpg","1001","1001","152,8","0","PLAIN","0"
"ORGCB51-YP","12.jpg","E:\HD PICTURE\GCB51-YP\12.jpg","1001","1001","244,6","88,8","INFO","0"
"ORGCB51-YP","IMG_1754.jpg","E:\HD PICTURE\GCB51-YP\IMG_1754.jpg","1001","1001","254,2","3,2","PLAIN","0"
"ORGCB51-YP","IMG_1921.jpg","E:\HD PICTURE\GCB51-YP\IMG_1921.jpg","1001","1001","164,1","0","PLAIN","0"
"ORGCB51-YP","IMG_2118.jpg","E:\HD PICTURE\GCB51-YP\IMG_2118.jpg","1001","1001","113,7","0","MODEL","0"
"ORGCB51-YP","IMG_2359.jpg","E:\HD PICTURE\GCB51-YP\IMG_2359.jpg","1001","1001","143,7","1,2","MODEL","0"
"ORGCB51-YP","IMG_2899.jpg","E:\HD PICTURE\GCB51-YP\IMG_2899.jpg","1001","1001","152,8","0","PLAIN","0"
"ORGCB51-YR","10.jpg","E:\HD PICTURE\GCB51-YR\10.jpg","1001","1001","244,6","88,8","INFO","0"
"ORGCB51-YR","IMG_1746.jpg","E:\HD PICTURE\GCB51-YR\IMG_1746.jpg","1001","1001","252,9","2,4","PLAIN","0"
"ORGCB51-YR","IMG_1913.jpg","E:\HD PICTURE\GCB51-YR\IMG_1913.jpg","1001","1001","170,4","0","PLAIN","0"
"ORGCB51-YR","IMG_2103.jpg","E:\HD PICTURE\GCB51-YR\IMG_2103.jpg","1001","1001","75,5","0","MODEL","0"
"ORGCB51-YR","IMG_2355.jpg","E:\HD PICTURE\GCB51-YR\IMG_2355.jpg","1001","1001","113,8","1,6","MODEL","0"
"ORGCB51-YR","IMG_2899.jpg","E:\HD PICTURE\GCB51-YR\IMG_2899.jpg","1001","1001","152,8","0","PLAIN","0"
"ORGCB52-L","001.jpg","E:\HD PICTURE\GCB52-L\001.jpg","1001","1001","152,8","0,8","PLAIN","0"
"ORGCB52-L","1.jpg","E:\HD PICTURE\GCB52-L\1.jpg","970","600","254,5","1,6","PLAIN","0,617"
"ORGCB52-L","16.jpg","E:\HD PICTURE\GCB52-L\16.jpg","1001","1001","244,6","88,8","INFO","0"
"ORGCB52-L","2.jpg","E:\HD PICTURE\GCB52-L\2.jpg","970","600","167,2","1,2","PLAIN","0,617"
"ORGCB52-L","3.jpg","E:\HD PICTURE\GCB52-L\3.jpg","970","600","64,9","0","MODEL","0,617"
"ORGCB52-L","4.jpg","E:\HD PICTURE\GCB52-L\4.jpg","970","600","248,3","26,3","PLAIN","0,617"
"ORGCB52-L","5.jpg","E:\HD PICTURE\GCB52-L\5.jpg","970","600","166,9","0,4","PLAIN","0,617"
"ORGCB52-L","IMG_1772.jpg","E:\HD PICTURE\GCB52-L\IMG_1772.jpg","1001","1001","254,2","2,8","PLAIN","0"
"ORGCB52-L","IMG_1900.jpg","E:\HD PICTURE\GCB52-L\IMG_1900.jpg","1001","1001","154,3","0","PLAIN","0"
"ORGCB52-L","IMG_2049.jpg","E:\HD PICTURE\GCB52-L\IMG_2049.jpg","1001","1001","79,9","0","MODEL","0"
"ORGCB52-L","IMG_2050.jpg","E:\HD PICTURE\GCB52-L\IMG_2050.jpg","1001","1001","154,1","0","PLAIN","0"
"ORGCB52-L","IMG_2287.jpg","E:\HD PICTURE\GCB52-L\IMG_2287.jpg","1001","1001","100,6","0,4","MODEL","0"
"ORGCB53-L","002.jpg","E:\HD PICTURE\GCB53-L\002.jpg","1001","1001","152,8","0,4","PLAIN","0"
"ORGCB53-L","1.jpg","E:\HD PICTURE\GCB53-L\1.jpg","970","600","253,1","1,6","PLAIN","0,617"
"ORGCB53-L","18.jpg","E:\HD PICTURE\GCB53-L\18.jpg","1001","1001","244,6","88,8","INFO","0"
"ORGCB53-L","2.jpg","E:\HD PICTURE\GCB53-L\2.jpg","970","600","160,7","0,8","PLAIN","0,617"
"ORGCB53-L","3.jpg","E:\HD PICTURE\GCB53-L\3.jpg","970","600","160,7","0,8","PLAIN","0,617"
"ORGCB53-L","4.jpg","E:\HD PICTURE\GCB53-L\4.jpg","970","600","243,6","28,8","PLAIN","0,617"
"ORGCB53-L","IMG_1780.jpg","E:\HD PICTURE\GCB53-L\IMG_1780.jpg","1001","1001","254,8","3,2","PLAIN","0"
"ORGCB53-L","IMG_1911.jpg","E:\HD PICTURE\GCB53-L\IMG_1911.jpg","1001","1001","155,5","0,4","PLAIN","0"
"ORGCB53-L","IMG_2058.jpg","E:\HD PICTURE\GCB53-L\IMG_2058.jpg","1001","1001","67,2","0,4","MODEL","0"
"ORGCB53-L","IMG_2059.jpg","E:\HD PICTURE\GCB53-L\IMG_2059.jpg","1001","1001","155,2","0,4","PLAIN","0"
"ORGCB53-L","IMG_2343.jpg","E:\HD PICTURE\GCB53-L\IMG_2343.jpg","1001","1001","109,8","1,6","MODEL","0"
"ORGCB54-L","003.jpg","E:\HD PICTURE\GCB54-L\003.jpg","1001","1001","152,8","0,4","PLAIN","0"
"ORGCB54-L","1.jpg","E:\HD PICTURE\GCB54-L\1.jpg","970","600","253","2,1","PLAIN","0,617"
"ORGCB54-L","17.jpg","E:\HD PICTURE\GCB54-L\17.jpg","1001","1001","244,6","88,8","INFO","0"
"ORGCB54-L","2.jpg","E:\HD PICTURE\GCB54-L\2.jpg","970","600","250,1","21,8","PLAIN","0,617"
"ORGCB54-L","3.jpg","E:\HD PICTURE\GCB54-L\3.jpg","970","600","177,2","1,2","PLAIN","0,617"
"ORGCB54-L","4.jpg","E:\HD PICTURE\GCB54-L\4.jpg","970","600","177,2","0,4","PLAIN","0,617"
"ORGCB54-L","IMG_1776.jpg","E:\HD PICTURE\GCB54-L\IMG_1776.jpg","1001","1001","254,2","3,6","PLAIN","0"
"ORGCB54-L","IMG_1898.jpg","E:\HD PICTURE\GCB54-L\IMG_1898.jpg","1001","1001","165","0","PLAIN","0"
"ORGCB54-L","IMG_2042.jpg","E:\HD PICTURE\GCB54-L\IMG_2042.jpg","1001","1001","68","0,8","MODEL","0"
"ORGCB54-L","IMG_2043.jpg","E:\HD PICTURE\GCB54-L\IMG_2043.jpg","1001","1001","164,8","0","PLAIN","0"
"ORGCB54-L","IMG_2497.jpg","E:\HD PICTURE\GCB54-L\IMG_2497.jpg","1001","1001","-3,5","7,6","MODEL","0"
"ORGCB55-L","004.jpg","E:\HD PICTURE\GCB55-L\004.jpg","1001","1001","152,8","0,4","PLAIN","0"
"ORGCB55-L","1.jpg","E:\HD PICTURE\GCB55-L\1.jpg","970","600","252,4","2,1","PLAIN","0,617"
"ORGCB55-L","14.jpg","E:\HD PICTURE\GCB55-L\14.jpg","1001","1001","244,6","88,8","INFO","0"
"ORGCB55-L","2.jpg","E:\HD PICTURE\GCB55-L\2.jpg","970","600","249,7","28","PLAIN","0,617"
"ORGCB55-L","3.jpg","E:\HD PICTURE\GCB55-L\3.jpg","970","600","160,3","0,8","PLAIN","0,617"
"ORGCB55-L","4.jpg","E:\HD PICTURE\GCB55-L\4.jpg","970","600","160,4","0,8","PLAIN","0,617"
"ORGCB55-L","IMG_1760.jpg","E:\HD PICTURE\GCB55-L\IMG_1760.jpg","1001","1001","254,2","3,6","PLAIN","0"
"ORGCB55-L","IMG_1906.jpg","E:\HD PICTURE\GCB55-L\IMG_1906.jpg","1001","1001","151,6","0","PLAIN","0"
"ORGCB55-L","IMG_2037.jpg","E:\HD PICTURE\GCB55-L\IMG_2037.jpg","1001","1001","62,1","0,4","MODEL","0"
"ORGCB55-L","IMG_2038.jpg","E:\HD PICTURE\GCB55-L\IMG_2038.jpg","1001","1001","151,5","0","PLAIN","0"
"ORGCB55-L","IMG_2284.jpg","E:\HD PICTURE\GCB55-L\IMG_2284.jpg","1001","1001","106,3","8","MODEL","0"
"ORGCB56-B","1.jpg","E:\HD PICTURE\GCB56-B\1.jpg","970","600","242,9","28,8","PLAIN","0,617"
"ORGCB56-B","15.jpg","E:\HD PICTURE\GCB56-B\15.jpg","1001","1001","244,6","88,8","INFO","0"
"ORGCB56-B","2.jpg","E:\HD PICTURE\GCB56-B\2.jpg","970","600","165,1","3,7","PLAIN","0,617"
"ORGCB56-B","3.jpg","E:\HD PICTURE\GCB56-B\3.jpg","970","600","165","1,6","PLAIN","0,617"
"ORGCB56-B","IMG_1767.jpg","E:\HD PICTURE\GCB56-B\IMG_1767.jpg","1001","1001","253,4","16,7","PLAIN","0"
"ORGCB56-B","IMG_1904.jpg","E:\HD PICTURE\GCB56-B\IMG_1904.jpg","1001","1001","153,8","0","PLAIN","0"
"ORGCB56-B","IMG_2069.jpg","E:\HD PICTURE\GCB56-B\IMG_2069.jpg","1001","1001","68,6","0","MODEL","0"
"ORGCB56-B","IMG_2070.jpg","E:\HD PICTURE\GCB56-B\IMG_2070.jpg","1001","1001","153,6","0","PLAIN","0"
"ORGCB56-B","IMG_2346.jpg","E:\HD PICTURE\GCB56-B\IMG_2346.jpg","1001","1001","116,8","4,8","MODEL","0"
"ORGCB57-Z","1.jpg","E:\HD PICTURE\GCB57-Z\1.jpg","970","600","245,2","28","PLAIN","0,617"
"ORGCB57-Z","19.jpg","E:\HD PICTURE\GCB57-Z\19.jpg","1001","1001","244,6","88,8","INFO","0"
"ORGCB57-Z","2.jpg","E:\HD PICTURE\GCB57-Z\2.jpg","970","600","248,9","2,5","PLAIN","0,617"
"ORGCB57-Z","3.jpg","E:\HD PICTURE\GCB57-Z\3.jpg","970","600","162,6","9,1","PLAIN","0,617"
"ORGCB57-Z","IMG_1741.jpg","E:\HD PICTURE\GCB57-Z\IMG_1741.jpg","1001","1001","252,9","5,2","PLAIN","0"
"ORGCB57-Z","IMG_1894.jpg","E:\HD PICTURE\GCB57-Z\IMG_1894.jpg","1001","1001","155,9","0","PLAIN","0"
"ORGCB57-Z","IMG_2091.jpg","E:\HD PICTURE\GCB57-Z\IMG_2091.jpg","1001","1001","74,8","0","MODEL","0"
"ORGCB57-Z","IMG_2509.jpg","E:\HD PICTURE\GCB57-Z\IMG_2509.jpg","1001","1001","-7,1","6,8","MODEL","0"
"ORGCB58-LVR","01.jpg","E:\HD PICTURE\GCB58-LVR\01.jpg","1001","1001","244,6","88,8","INFO","0"
"ORGCB58-LVR","1.jpg","E:\HD PICTURE\GCB58-LVR\1.jpg","970","600","251,1","5,3","PLAIN","0,617"
"ORGCB58-LVR","2.jpg","E:\HD PICTURE\GCB58-LVR\2.jpg","970","600","252","25,1","PLAIN","0,617"
"ORGCB58-LVR","3.jpg","E:\HD PICTURE\GCB58-LVR\3.jpg","970","600","199,2","1,6","PLAIN","0,617"
"ORGCB58-LVR","IMG_1735.jpg","E:\HD PICTURE\GCB58-LVR\IMG_1735.jpg","1001","1001","254,9","5,6","PLAIN","0"
"ORGCB58-LVR","IMG_1892.jpg","E:\HD PICTURE\GCB58-LVR\IMG_1892.jpg","1001","1001","185,6","0","PLAIN","0"
"ORGCB58-LVR","IMG_2076.jpg","E:\HD PICTURE\GCB58-LVR\IMG_2076.jpg","1001","1001","62","0,4","MODEL","0"
"ORGCB58-LVR","IMG_2350.jpg","E:\HD PICTURE\GCB58-LVR\IMG_2350.jpg","1001","1001","136,6","3,2","MODEL","0"
"ORGCBB1-17-B","2.jpg","E:\HD PICTURE\ORGCBB1-B\2.jpg","1001","1001","246,6","88,8","INFO","0"
"ORGCBB1-17-B","22.jpg","E:\HD PICTURE\ORGCBB1-B\22.jpg","1001","1001","246,6","88,8","INFO","0"
"ORGCBB1-17-B","222.jpg","E:\HD PICTURE\ORGCBB1-B\222.jpg","1001","1001","246,6","88,8","INFO","0"
"ORGCBB1-17-B","7.jpg","E:\HD PICTURE\ORGCBB1-B\7.jpg","1001","1001","250","2,8","PLAIN","0"
"ORGCBB1-17-B","IMG_6379.jpg","E:\HD PICTURE\ORGCBB1-B\IMG_6379.jpg","1001","1001","255","2,8","PLAIN","0"
"ORGCBB1-17-B","IMG_6787.jpg","E:\HD PICTURE\ORGCBB1-B\IMG_6787.jpg","1001","1001","163,2","2,8","PLAIN","0"
"ORGCBB1-17-B","IMG_9234.jpg","E:\HD PICTURE\ORGCBB1-B\IMG_9234.jpg","970","600","190,8","0","PLAIN","0,617"
"ORGCBB1-17-G","1.jpg","E:\HD PICTURE\ORGCBB1-G\1.jpg","1001","1001","246,6","88,8","INFO","0"
"ORGCBB1-17-G","6.jpg","E:\HD PICTURE\ORGCBB1-G\6.jpg","1001","1001","250","2","PLAIN","0"
"ORGCBB1-17-G","IMG_6371.jpg","E:\HD PICTURE\ORGCBB1-G\IMG_6371.jpg","1001","1001","255","2","PLAIN","0"
"ORGCBB1-17-G","IMG_63842.jpg","E:\HD PICTURE\ORGCBB1-G\IMG_63842.jpg","1001","1001","116,6","4,8","MODEL","0"
"ORGCBB1-17-G","IMG_6790.jpg","E:\HD PICTURE\ORGCBB1-G\IMG_6790.jpg","1001","1001","173,6","0","PLAIN","0"
"ORGCBB1-17-K","4.jpg","E:\HD PICTURE\ORGCBB1-K\4.jpg","1001","1001","246,6","88,8","INFO","0"
"ORGCBB1-17-K","9.jpg","E:\HD PICTURE\ORGCBB1-K\9.jpg","1001","1001","250","4,4","PLAIN","0"
"ORGCBB1-17-K","IMG_6382.jpg","E:\HD PICTURE\ORGCBB1-K\IMG_6382.jpg","1001","1001","255","4,4","PLAIN","0"
"ORGCBB1-17-K","IMG_63841.jpg","E:\HD PICTURE\ORGCBB1-K\IMG_63841.jpg","1001","1001","120,5","4,8","MODEL","0"
"ORGCBB1-17-R","10.jpg","E:\HD PICTURE\ORGCBB1-R\10.jpg","1001","1001","250","2,8","PLAIN","0"
"ORGCBB1-17-R","5.jpg","E:\HD PICTURE\ORGCBB1-R\5.jpg","1001","1001","246,6","88,8","INFO","0"
"ORGCBB1-17-R","IMG_6384.jpg","E:\HD PICTURE\ORGCBB1-R\IMG_6384.jpg","1001","1001","255","2,8","PLAIN","0"
"ORGCBB1-17-W","3.jpg","E:\HD PICTURE\ORGCBB1-W\3.jpg","1001","1001","246,6","88,8","INFO","0"
"ORGCBB1-17-W","8.jpg","E:\HD PICTURE\ORGCBB1-W\8.jpg","1001","1001","250","2,4","PLAIN","0"
"ORGCBB1-17-W","IMG_6380.jpg","E:\HD PICTURE\ORGCBB1-W\IMG_6380.jpg","1001","1001","255","2,4","PLAIN","0"
"ORGCBB1-19-B","2.jpg","E:\HD PICTURE\ORGCBB1-B\2.jpg","1001","1001","246,6","88,8","INFO","0"
"ORGCBB1-19-B","22.jpg","E:\HD PICTURE\ORGCBB1-B\22.jpg","1001","1001","246,6","88,8","INFO","0"
"ORGCBB1-19-B","222.jpg","E:\HD PICTURE\ORGCBB1-B\222.jpg","1001","1001","246,6","88,8","INFO","0"
"ORGCBB1-19-B","7.jpg","E:\HD PICTURE\ORGCBB1-B\7.jpg","1001","1001","250","2,8","PLAIN","0"
"ORGCBB1-19-B","IMG_6379.jpg","E:\HD PICTURE\ORGCBB1-B\IMG_6379.jpg","1001","1001","255","2,8","PLAIN","0"
"ORGCBB1-19-B","IMG_6787.jpg","E:\HD PICTURE\ORGCBB1-B\IMG_6787.jpg","1001","1001","163,2","2,8","PLAIN","0"
"ORGCBB1-19-B","IMG_9234.jpg","E:\HD PICTURE\ORGCBB1-B\IMG_9234.jpg","970","600","190,8","0","PLAIN","0,617"
"ORGCBB1-19-G","1.jpg","E:\HD PICTURE\ORGCBB1-G\1.jpg","1001","1001","246,6","88,8","INFO","0"
"ORGCBB1-19-G","6.jpg","E:\HD PICTURE\ORGCBB1-G\6.jpg","1001","1001","250","2","PLAIN","0"
"ORGCBB1-19-G","IMG_6371.jpg","E:\HD PICTURE\ORGCBB1-G\IMG_6371.jpg","1001","1001","255","2","PLAIN","0"
"ORGCBB1-19-G","IMG_63842.jpg","E:\HD PICTURE\ORGCBB1-G\IMG_63842.jpg","1001","1001","116,6","4,8","MODEL","0"
"ORGCBB1-19-G","IMG_6790.jpg","E:\HD PICTURE\ORGCBB1-G\IMG_6790.jpg","1001","1001","173,6","0","PLAIN","0"
"ORGCBB1-19-K","4.jpg","E:\HD PICTURE\ORGCBB1-K\4.jpg","1001","1001","246,6","88,8","INFO","0"
"ORGCBB1-19-K","9.jpg","E:\HD PICTURE\ORGCBB1-K\9.jpg","1001","1001","250","4,4","PLAIN","0"
"ORGCBB1-19-K","IMG_6382.jpg","E:\HD PICTURE\ORGCBB1-K\IMG_6382.jpg","1001","1001","255","4,4","PLAIN","0"
"ORGCBB1-19-K","IMG_63841.jpg","E:\HD PICTURE\ORGCBB1-K\IMG_63841.jpg","1001","1001","120,5","4,8","MODEL","0"
"ORGCBB1-19-R","10.jpg","E:\HD PICTURE\ORGCBB1-R\10.jpg","1001","1001","250","2,8","PLAIN","0"
"ORGCBB1-19-R","5.jpg","E:\HD PICTURE\ORGCBB1-R\5.jpg","1001","1001","246,6","88,8","INFO","0"
"ORGCBB1-19-R","IMG_6384.jpg","E:\HD PICTURE\ORGCBB1-R\IMG_6384.jpg","1001","1001","255","2,8","PLAIN","0"
"ORGCBB1-19-W","3.jpg","E:\HD PICTURE\ORGCBB1-W\3.jpg","1001","1001","246,6","88,8","INFO","0"
"ORGCBB1-19-W","8.jpg","E:\HD PICTURE\ORGCBB1-W\8.jpg","1001","1001","250","2,4","PLAIN","0"
"ORGCBB1-19-W","IMG_6380.jpg","E:\HD PICTURE\ORGCBB1-W\IMG_6380.jpg","1001","1001","255","2,4","PLAIN","0"
"ORGCBB1-21-B","2.jpg","E:\HD PICTURE\ORGCBB1-B\2.jpg","1001","1001","246,6","88,8","INFO","0"
"ORGCBB1-21-B","22.jpg","E:\HD PICTURE\ORGCBB1-B\22.jpg","1001","1001","246,6","88,8","INFO","0"
"ORGCBB1-21-B","222.jpg","E:\HD PICTURE\ORGCBB1-B\222.jpg","1001","1001","246,6","88,8","INFO","0"
"ORGCBB1-21-B","7.jpg","E:\HD PICTURE\ORGCBB1-B\7.jpg","1001","1001","250","2,8","PLAIN","0"
"ORGCBB1-21-B","IMG_6379.jpg","E:\HD PICTURE\ORGCBB1-B\IMG_6379.jpg","1001","1001","255","2,8","PLAIN","0"
"ORGCBB1-21-B","IMG_6787.jpg","E:\HD PICTURE\ORGCBB1-B\IMG_6787.jpg","1001","1001","163,2","2,8","PLAIN","0"
"ORGCBB1-21-B","IMG_9234.jpg","E:\HD PICTURE\ORGCBB1-B\IMG_9234.jpg","970","600","190,8","0","PLAIN","0,617"
"ORGCBB1-21-K","4.jpg","E:\HD PICTURE\ORGCBB1-K\4.jpg","1001","1001","246,6","88,8","INFO","0"
"ORGCBB1-21-K","9.jpg","E:\HD PICTURE\ORGCBB1-K\9.jpg","1001","1001","250","4,4","PLAIN","0"
"ORGCBB1-21-K","IMG_6382.jpg","E:\HD PICTURE\ORGCBB1-K\IMG_6382.jpg","1001","1001","255","4,4","PLAIN","0"
"ORGCBB1-21-K","IMG_63841.jpg","E:\HD PICTURE\ORGCBB1-K\IMG_63841.jpg","1001","1001","120,5","4,8","MODEL","0"
"ORGCBB1-21-R","10.jpg","E:\HD PICTURE\ORGCBB1-R\10.jpg","1001","1001","250","2,8","PLAIN","0"
"ORGCBB1-21-R","5.jpg","E:\HD PICTURE\ORGCBB1-R\5.jpg","1001","1001","246,6","88,8","INFO","0"
"ORGCBB1-21-R","IMG_6384.jpg","E:\HD PICTURE\ORGCBB1-R\IMG_6384.jpg","1001","1001","255","2,8","PLAIN","0"
"ORGCBB1-21-W","3.jpg","E:\HD PICTURE\ORGCBB1-W\3.jpg","1001","1001","246,6","88,8","INFO","0"
"ORGCBB1-21-W","8.jpg","E:\HD PICTURE\ORGCBB1-W\8.jpg","1001","1001","250","2,4","PLAIN","0"
"ORGCBB1-21-W","IMG_6380.jpg","E:\HD PICTURE\ORGCBB1-W\IMG_6380.jpg","1001","1001","255","2,4","PLAIN","0"
"ORPA0010","PA0010-2.jpg","E:\HD PICTURE\GCB39\PA0010-2.jpg","800","800","164,1","0","PLAIN","0"
"ORPA0010","PA0010-4.jpg","E:\HD PICTURE\GCB39\PA0010-4.jpg","800","800","174,7","0","PLAIN","0"
"ORPA0010","PA0010.jpg","E:\HD PICTURE\GCB39\PA0010.jpg","800","800","255","0","PLAIN","0"
"ORPA0035","PA0035-2.JPG","E:\HD PICTURE\GCB41\PA0035-2.JPG","800","800","181,8","0","PLAIN","0"
"ORPA0035","PA0035-5.JPG","E:\HD PICTURE\GCB41\PA0035-5.JPG","800","800","182,4","0","PLAIN","0"
"ORPA0035","PA0035.jpg","E:\HD PICTURE\GCB41\PA0035.jpg","800","800","255","0","PLAIN","0"
"ORPA0094","PA0094-2.jpg","E:\HD PICTURE\GCB42\PA0094-2.jpg","800","800","167,5","0","PLAIN","0"
"ORPA0094","PA0094-3.jpg","E:\HD PICTURE\GCB42\PA0094-3.jpg","800","800","165,2","0","PLAIN","0"
"ORPA0097","PA0097-2 ??.jpg","E:\HD PICTURE\GCB43\PA0097-2 ??.jpg","800","800","255","0","PLAIN","0"
"ORPA0097","PA0097-2.jpg","E:\HD PICTURE\GCB43\PA0097-2.jpg","800","800","170,3","0","PLAIN","0"
"ORPA0097","PA0097-3.jpg","E:\HD PICTURE\GCB43\PA0097-3.jpg","800","800","160,8","0","PLAIN","0"
"ORPA0107","PA0107-2.jpg","E:\HD PICTURE\GCB49\PA0107-2.jpg","800","800","181,6","0","PLAIN","0"
"ORPA0107","PA0107-3.jpg","E:\HD PICTURE\GCB49\PA0107-3.jpg","800","800","185,9","0","PLAIN","0"
"ORPA0107","PA0107.jpg","E:\HD PICTURE\GCB49\PA0107.jpg","800","800","255","0","PLAIN","0"
"ORPA0123","PA0123-2.JPG","E:\HD PICTURE\GCB44\PA0123-2.JPG","800","800","181,6","0","PLAIN","0"
"ORPA0123","PA0123-3.JPG","E:\HD PICTURE\GCB44\PA0123-3.JPG","800","800","194,9","0","PLAIN","0"
"ORPA0132","PA0132-2.JPG","E:\HD PICTURE\GCB45\PA0132-2.JPG","800","800","195","0","PLAIN","0"
"ORPA0132","PA0132-3.JPG","E:\HD PICTURE\GCB45\PA0132-3.JPG","800","800","224,7","0","PLAIN","0"
"ORPA0132","PA0132.jpg","E:\HD PICTURE\GCB45\PA0132.jpg","800","800","255","0","PLAIN","0"
"ORPA0142","PA0142-2.JPG","E:\HD PICTURE\GCB46\PA0142-2.JPG","800","800","164,8","0","PLAIN","0"
"ORPA0142","PA0142-3.JPG","E:\HD PICTURE\GCB46\PA0142-3.JPG","800","800","189,1","0","PLAIN","0"
"ORPA0142","PA0142.jpg","E:\HD PICTURE\GCB46\PA0142.jpg","800","800","255","0","PLAIN","0"
"ORPA0147","PA0147-2.JPG","E:\HD PICTURE\GCB47\PA0147-2.JPG","800","800","176,6","0","PLAIN","0"
"ORPA0147","PA0147-3.JPG","E:\HD PICTURE\GCB47\PA0147-3.JPG","800","800","189,1","0","PLAIN","0"
"ORPA0147","PA0147.jpg","E:\HD PICTURE\GCB47\PA0147.jpg","800","800","255","2,5","PLAIN","0"
"ORPA0149","PA0149-2.JPG","E:\HD PICTURE\GCB48\PA0149-2.JPG","800","800","169,1","0","PLAIN","0"
"ORPA0149","PA0149-3.JPG","E:\HD PICTURE\GCB48\PA0149-3.JPG","800","800","175,4","0","PLAIN","0"
"ORPA0149","PA0149.jpg","E:\HD PICTURE\GCB48\PA0149.jpg","800","800","255","7","PLAIN","0"
"ORPA034","PA0034-2.JPG","E:\HD PICTURE\GCB40\PA0034-2.JPG","800","800","175,1","0","PLAIN","0"
"ORPA034","PA0034-4.JPG","E:\HD PICTURE\GCB40\PA0034-4.JPG","800","800","168,9","0","PLAIN","0"
"ORPA034","PA0034.jpg","E:\HD PICTURE\GCB40\PA0034.jpg","800","800","255","0","PLAIN","0"
