"SKU","Pos","File","Path","Class","Dim","Bg"
"ORCB214","1","CB214-MAIN-IMG_0079-(1)-S.jpg","E:\HD PICTURE\ORCB214\CB214-MAIN-IMG_0079-(1)-S.jpg","PLAIN","800x800","254"
"ORCB214","2","333.jpg","E:\HD PICTURE\ORCB214\333.jpg","PLAIN","800x800","248,4"
"ORCB214","3","CB214-MAIN-IMG_0079-(2)-S.jpg","E:\HD PICTURE\ORCB214\CB214-MAIN-IMG_0079-(2)-S.jpg","PLAIN","800x800","202,9"
"ORCB214","4","CB214-MAIN-IMG_0079-(3)-S.jpg","E:\HD PICTURE\ORCB214\CB214-MAIN-IMG_0079-(3)-S.jpg","PLAIN","800x800","179,4"
"ORCBB01-17","1","IMG_0815.jpg","E:\HD PICTURE\Orloff customized design\CBB01\IMG_0815.jpg","PLAIN","1001x1001","246,5"
"ORCBB01-17","2","IMG_0822.jpg","E:\HD PICTURE\Orloff customized design\CBB01\IMG_0822.jpg","PLAIN","1001x1001","206,9"
"ORCBB01-17","3","IMG_0837.jpg","E:\HD PICTURE\Orloff customized design\CBB01\IMG_0837.jpg","PLAIN","1001x1001","206,2"
"ORCBB01-17","4","122.jpg","E:\HD PICTURE\Orloff customized design\CBB01\122.jpg","PLAIN","970x701","249,1"
"ORCBB01-19","1","IMG_0815.jpg","E:\HD PICTURE\Orloff customized design\CBB01\IMG_0815.jpg","PLAIN","1001x1001","246,5"
"ORCBB01-19","2","IMG_0822.jpg","E:\HD PICTURE\Orloff customized design\CBB01\IMG_0822.jpg","PLAIN","1001x1001","206,9"
"ORCBB01-19","3","IMG_0837.jpg","E:\HD PICTURE\Orloff customized design\CBB01\IMG_0837.jpg","PLAIN","1001x1001","206,2"
"ORCBB01-19","4","122.jpg","E:\HD PICTURE\Orloff customized design\CBB01\122.jpg","PLAIN","970x701","249,1"
"ORCBB01-21","1","IMG_0815.jpg","E:\HD PICTURE\Orloff customized design\CBB01\IMG_0815.jpg","PLAIN","1001x1001","246,5"
"ORCBB01-21","2","IMG_0822.jpg","E:\HD PICTURE\Orloff customized design\CBB01\IMG_0822.jpg","PLAIN","1001x1001","206,9"
"ORCBB01-21","3","IMG_0837.jpg","E:\HD PICTURE\Orloff customized design\CBB01\IMG_0837.jpg","PLAIN","1001x1001","206,2"
"ORCBB01-21","4","122.jpg","E:\HD PICTURE\Orloff customized design\CBB01\122.jpg","PLAIN","970x701","249,1"
"ORGCB05-P-18","1","GCB05.jpg","E:\HD PICTURE\Orloff customized design\GCB05\GCB05.jpg","PLAIN","1001x1001","254,8"
"ORGCB05-P-18","2","IMG_9370.jpg","E:\HD PICTURE\Orloff customized design\GCB05\IMG_9370.jpg","PLAIN","1001x1001","250,5"
"ORGCB05-P-18","3","IMG_0188.jpg","E:\HD PICTURE\Orloff customized design\GCB05\IMG_0188.jpg","PLAIN","1001x1001","199,6"
"ORGCB05-P-18","4","1.jpg","E:\HD PICTURE\Orloff customized design\GCB05\1.jpg","PLAIN","970x739","254,9"
"ORGCB06-P","1","IMG_0095.jpg","E:\HD PICTURE\Orloff customized design\GCB06\IMG_0095.jpg","PLAIN","1001x1001","250,5"
"ORGCB06-P","2","IMG_0135.jpg","E:\HD PICTURE\Orloff customized design\GCB06\IMG_0135.jpg","PLAIN","1001x1001","195,5"
"ORGCB06-P","3","IMG_0324.jpg","E:\HD PICTURE\Orloff customized design\GCB06\IMG_0324.jpg","PLAIN","1001x1001","180"
"ORGCB06-P","4","2.jpg","E:\HD PICTURE\Orloff customized design\GCB06\2.jpg","PLAIN","970x728","252,8"
"ORGCB07-18K","1","IMG_9307.jpg","E:\HD PICTURE\Orloff customized design\GCB07-18K\IMG_9307.jpg","PLAIN","1001x1001","254,8"
"ORGCB07-18K","2","IMG_3062.jpg","E:\HD PICTURE\Orloff customized design\GCB07-18K\IMG_3062.jpg","PLAIN","1001x1001","175,1"
"ORGCB07-18K","3","IMG_2287.jpg","E:\HD PICTURE\Orloff customized design\GCB07-18K\IMG_2287.jpg","MODEL","1001x1001","100,4"
"ORGCB07-18K","4","IMG_2049.jpg","E:\HD PICTURE\Orloff customized design\GCB07-18K\IMG_2049.jpg","MODEL","1001x1001","79,5"
"ORGCB07-P","1","GCB07-P.jpg","E:\HD PICTURE\Orloff customized design\GCB07-P\GCB07-P.jpg","PLAIN","1001x1002","254,8"
"ORGCB07-P","2","IMG_9307.jpg","E:\HD PICTURE\Orloff customized design\GCB07-P\IMG_9307.jpg","PLAIN","1001x1001","250,4"
"ORGCB07-P","3","IMG_0174.jpg","E:\HD PICTURE\Orloff customized design\GCB07-P\IMG_0174.jpg","PLAIN","1001x1001","216,5"
"ORGCB07-P","4","IMG_0330.jpg","E:\HD PICTURE\Orloff customized design\GCB07-P\IMG_0330.jpg","PLAIN","1001x1001","189,5"
"ORGCB08-18K","1","IMG_9384.jpg","E:\HD PICTURE\Orloff customized design\GCB08-18K\IMG_9384.jpg","PLAIN","1001x1001","255"
"ORGCB08-18K","2","IMG_3065.jpg","E:\HD PICTURE\Orloff customized design\GCB08-18K\IMG_3065.jpg","PLAIN","1001x1001","175,7"
"ORGCB08-18K","3","3.jpg","E:\HD PICTURE\Orloff customized design\GCB08-18K\3.jpg","PLAIN","970x747","253"
"ORGCB08-18K","4","1.jpg","E:\HD PICTURE\Orloff customized design\GCB08-18K\1.jpg","PLAIN","970x731","255"
"ORGCB08-P","1","GCB08-P.jpg","E:\HD PICTURE\Orloff customized design\GCB08-P\GCB08-P.jpg","PLAIN","1001x1001","254,9"
"ORGCB08-P","2","IMG_9384.jpg","E:\HD PICTURE\Orloff customized design\GCB08-P\IMG_9384.jpg","PLAIN","1001x1001","250,5"
"ORGCB08-P","3","IMG_0179.jpg","E:\HD PICTURE\Orloff customized design\GCB08-P\IMG_0179.jpg","PLAIN","1001x1001","207,4"
"ORGCB08-P","4","3.jpg","E:\HD PICTURE\Orloff customized design\GCB08-P\3.jpg","PLAIN","970x721","251,3"
"ORGCB09-P","1","GCB09.jpg","E:\HD PICTURE\Orloff customized design\GCB09\GCB09.jpg","PLAIN","1001x1001","254,8"
"ORGCB09-P","2","IMG_9366.jpg","E:\HD PICTURE\Orloff customized design\GCB09\IMG_9366.jpg","PLAIN","1001x1001","250,5"
"ORGCB09-P","3","IMG_0166.jpg","E:\HD PICTURE\Orloff customized design\GCB09\IMG_0166.jpg","PLAIN","1001x1001","208,7"
"ORGCB09-P","4","IMG_0313.jpg","E:\HD PICTURE\Orloff customized design\GCB09\IMG_0313.jpg","PLAIN","1001x1001","164,5"
"ORGCB10-P","1","GCB10.jpg","E:\HD PICTURE\Orloff customized design\GCB10\GCB10.jpg","PLAIN","1001x1001","254,8"
"ORGCB10-P","2","IMG_0159.jpg","E:\HD PICTURE\Orloff customized design\GCB10\IMG_0159.jpg","PLAIN","1001x1001","250,5"
"ORGCB10-P","3","IMG_0161.jpg","E:\HD PICTURE\Orloff customized design\GCB10\IMG_0161.jpg","PLAIN","1001x1001","197,1"
"ORGCB10-P","4","IMG_0315.jpg","E:\HD PICTURE\Orloff customized design\GCB10\IMG_0315.jpg","PLAIN","1001x1001","181,3"
"ORGCB109","1","GCB109.jpg","E:\HD PICTURE\GCB109\GCB109.jpg","PLAIN","1001x1001","255"
"ORGCB109","2","IMG_9210 (2).jpg","E:\HD PICTURE\GCB109\IMG_9210 (2).jpg","PLAIN","1001x1001","213,4"
"ORGCB109","3","GCB109-2.jpg","E:\HD PICTURE\GCB109\GCB109-2.jpg","PLAIN","1001x1001","207,8"
"ORGCB109","4","2.jpg","E:\HD PICTURE\GCB109\2.jpg","PLAIN","970x600","251,2"
"ORGCB11-18K","1","GCB11.jpg","E:\HD PICTURE\Orloff customized design\GCB11\GCB11.jpg","PLAIN","1001x1001","254,9"
"ORGCB11-18K","2","IMG_9377.jpg","E:\HD PICTURE\Orloff customized design\GCB11\IMG_9377.jpg","PLAIN","1001x1001","250,5"
"ORGCB11-18K","3","IMG_0138.jpg","E:\HD PICTURE\Orloff customized design\GCB11\IMG_0138.jpg","PLAIN","1001x1001","210,6"
"ORGCB11-18K","4","IMG_0481.jpg","E:\HD PICTURE\Orloff customized design\GCB11\IMG_0481.jpg","MODEL","1001x1001","137"
"ORGCB110","1","GCB110.jpg","E:\HD PICTURE\GCB110\GCB110.jpg","PLAIN","1001x1001","255"
"ORGCB110","2","IMG_9223 (2).jpg","E:\HD PICTURE\GCB110\IMG_9223 (2).jpg","PLAIN","1001x1001","193,1"
"ORGCB110","3","GCB110-2.jpg","E:\HD PICTURE\GCB110\GCB110-2.jpg","PLAIN","1001x1001","188"
"ORGCB110","4","4.jpg","E:\HD PICTURE\GCB110\4.jpg","PLAIN","970x600","251,2"
"ORGCB12-18K","1","GCB12.jpg","E:\HD PICTURE\Orloff customized design\GCB12\GCB12.jpg","PLAIN","1001x1001","254,9"
"ORGCB12-18K","2","IMG_9360.jpg","E:\HD PICTURE\Orloff customized design\GCB12\IMG_9360.jpg","PLAIN","1001x1001","250,5"
"ORGCB12-18K","3","IMG_0163.jpg","E:\HD PICTURE\Orloff customized design\GCB12\IMG_0163.jpg","PLAIN","1001x1001","204,6"
"ORGCB12-18K","4","IMG_0300.jpg","E:\HD PICTURE\Orloff customized design\GCB12\IMG_0300.jpg","MODEL","1001x1001","129,3"
"ORGCB175","1","GCB175.jpg","E:\HD PICTURE\GCB175\GCB175.jpg","PLAIN","1001x1001","255"
"ORGCB175","2","IMG_9230 (2).jpg","E:\HD PICTURE\GCB175\IMG_9230 (2).jpg","PLAIN","1001x1001","195,7"
"ORGCB175","3","GCB175-2.jpg","E:\HD PICTURE\GCB175\GCB175-2.jpg","PLAIN","1001x1001","190,8"
"ORGCB175","4","6.jpg","E:\HD PICTURE\GCB175\6.jpg","PLAIN","970x600","251,2"
"ORGCB177","1","GCB177.jpg","E:\HD PICTURE\GCB177\GCB177.jpg","PLAIN","1001x1001","255"
"ORGCB177","2","IMG_9228 (2).jpg","E:\HD PICTURE\GCB177\IMG_9228 (2).jpg","PLAIN","1001x1001","191,3"
"ORGCB177","3","GCB177-2.jpg","E:\HD PICTURE\GCB177\GCB177-2.jpg","PLAIN","1001x1001","186,4"
"ORGCB177","4","5.jpg","E:\HD PICTURE\GCB177\5.jpg","PLAIN","970x600","251,2"
"ORGCB18","1","GCB18.jpg","E:\HD PICTURE\Orloff customized design\GCB18\GCB18.jpg","PLAIN","1001x1001","254,8"
"ORGCB18","2","IMG_9284.jpg","E:\HD PICTURE\Orloff customized design\GCB18\IMG_9284.jpg","PLAIN","1001x1001","250,4"
"ORGCB18","3","IMG_0150.jpg","E:\HD PICTURE\Orloff customized design\GCB18\IMG_0150.jpg","PLAIN","1001x1001","195,7"
"ORGCB18","4","IMG_0327.jpg","E:\HD PICTURE\Orloff customized design\GCB18\IMG_0327.jpg","PLAIN","1001x1001","186,7"
"ORGCB181","1","IMG_9474.jpg","E:\HD PICTURE\GCB181\IMG_9474.jpg","PLAIN","1001x1001","254,9"
"ORGCB181","2","IMG_9474-S.jpg","E:\HD PICTURE\GCB181\IMG_9474-S.jpg","PLAIN","1001x1001","250,4"
"ORGCB181","3","IMG_9539.jpg","E:\HD PICTURE\GCB181\IMG_9539.jpg","PLAIN","1001x1001","200,6"
"ORGCB181","4","IMG_9539-S.jpg","E:\HD PICTURE\GCB181\IMG_9539-S.jpg","PLAIN","1001x1001","197"
"ORGCB182-1","1","IMG_9481.jpg","E:\HD PICTURE\GCB182-1\IMG_9481.jpg","PLAIN","1001x1001","254,8"
"ORGCB182-1","2","IMG_9512-S.jpg","E:\HD PICTURE\GCB182-1\IMG_9512-S.jpg","PLAIN","1001x1001","250,5"
"ORGCB182-1","3","IMG_9481-S.jpg","E:\HD PICTURE\GCB182-1\IMG_9481-S.jpg","PLAIN","1001x1001","250,2"
"ORGCB182-1","4","IMG_95431.jpg","E:\HD PICTURE\GCB182-1\IMG_95431.jpg","PLAIN","1001x1001","197,5"
"ORGCB182-2","1","IMG_9481.jpg","E:\HD PICTURE\GCB182-2\IMG_9481.jpg","PLAIN","1001x1001","254,8"
"ORGCB182-2","2","IMG_9509-S.jpg","E:\HD PICTURE\GCB182-2\IMG_9509-S.jpg","PLAIN","1001x1001","250,5"
"ORGCB182-2","3","IMG_9481-S.jpg","E:\HD PICTURE\GCB182-2\IMG_9481-S.jpg","PLAIN","1001x1001","250,2"
"ORGCB182-2","4","IMG_95436.jpg","E:\HD PICTURE\GCB182-2\IMG_95436.jpg","PLAIN","1001x1001","197,6"
"ORGCB182-3","1","IMG_9481.jpg","E:\HD PICTURE\GCB182-3\IMG_9481.jpg","PLAIN","1001x1001","254,8"
"ORGCB182-3","2","IMG_9503-S.jpg","E:\HD PICTURE\GCB182-3\IMG_9503-S.jpg","PLAIN","1001x1001","250,5"
"ORGCB182-3","3","IMG_9481-S.jpg","E:\HD PICTURE\GCB182-3\IMG_9481-S.jpg","PLAIN","1001x1001","250,2"
"ORGCB182-3","4","IMG_95432.jpg","E:\HD PICTURE\GCB182-3\IMG_95432.jpg","PLAIN","1001x1001","197,6"
"ORGCB182-5","1","IMG_9481.jpg","E:\HD PICTURE\GCB182-5\IMG_9481.jpg","PLAIN","1001x1001","254,8"
"ORGCB182-5","2","IMG_9504-S.jpg","E:\HD PICTURE\GCB182-5\IMG_9504-S.jpg","PLAIN","1001x1001","250,5"
"ORGCB182-5","3","IMG_9481-S.jpg","E:\HD PICTURE\GCB182-5\IMG_9481-S.jpg","PLAIN","1001x1001","250,2"
"ORGCB182-5","4","IMG_95433.jpg","E:\HD PICTURE\GCB182-5\IMG_95433.jpg","PLAIN","1001x1001","197,3"
"ORGCB182-6","1","IMG_9481.jpg","E:\HD PICTURE\GCB182-6\IMG_9481.jpg","PLAIN","1001x1001","254,8"
"ORGCB182-6","2","IMG_9507-S.jpg","E:\HD PICTURE\GCB182-6\IMG_9507-S.jpg","PLAIN","1001x1001","250,5"
"ORGCB182-6","3","IMG_9481-S.jpg","E:\HD PICTURE\GCB182-6\IMG_9481-S.jpg","PLAIN","1001x1001","250,2"
"ORGCB182-6","4","IMG_95435.jpg","E:\HD PICTURE\GCB182-6\IMG_95435.jpg","PLAIN","1001x1001","198,5"
"ORGCB182-7","1","IMG_9481.jpg","E:\HD PICTURE\GCB182-7\IMG_9481.jpg","PLAIN","1001x1001","254,8"
"ORGCB182-7","2","IMG_9505-S.jpg","E:\HD PICTURE\GCB182-7\IMG_9505-S.jpg","PLAIN","1001x1001","250,5"
"ORGCB182-7","3","IMG_9481-S.jpg","E:\HD PICTURE\GCB182-7\IMG_9481-S.jpg","PLAIN","1001x1001","250,2"
"ORGCB182-7","4","IMG_95434.jpg","E:\HD PICTURE\GCB182-7\IMG_95434.jpg","PLAIN","1001x1001","197,6"
"ORGCB182-8","1","IMG_9481.jpg","E:\HD PICTURE\GCB182-8\IMG_9481.jpg","PLAIN","1001x1001","254,8"
"ORGCB182-8","2","IMG_9511-S.jpg","E:\HD PICTURE\GCB182-8\IMG_9511-S.jpg","PLAIN","1001x1001","250,5"
"ORGCB182-8","3","IMG_9481-S.jpg","E:\HD PICTURE\GCB182-8\IMG_9481-S.jpg","PLAIN","1001x1001","250,2"
"ORGCB182-8","4","IMG_95437.jpg","E:\HD PICTURE\GCB182-8\IMG_95437.jpg","PLAIN","1001x1001","197,9"
"ORGCB184-1","1","IMG_9489.jpg","E:\HD PICTURE\GCB184-1\IMG_9489.jpg","PLAIN","1001x1001","254,8"
"ORGCB184-1","2","IMG_9494-S.jpg","E:\HD PICTURE\GCB184-1\IMG_9494-S.jpg","PLAIN","1001x1001","250,5"
"ORGCB184-1","3","IMG_9489-S.jpg","E:\HD PICTURE\GCB184-1\IMG_9489-S.jpg","PLAIN","1001x1001","250,3"
"ORGCB184-1","4","IMG_95413.jpg","E:\HD PICTURE\GCB184-1\IMG_95413.jpg","PLAIN","1001x1001","187"
"ORGCB184-2","1","IMG_9489.jpg","E:\HD PICTURE\GCB184-2\IMG_9489.jpg","PLAIN","1001x1001","254,8"
"ORGCB184-2","2","IMG_9492-S.jpg","E:\HD PICTURE\GCB184-2\IMG_9492-S.jpg","PLAIN","1001x1001","250,5"
"ORGCB184-2","3","IMG_9489-S.jpg","E:\HD PICTURE\GCB184-2\IMG_9489-S.jpg","PLAIN","1001x1001","250,3"
"ORGCB184-2","4","IMG_95412.jpg","E:\HD PICTURE\GCB184-2\IMG_95412.jpg","PLAIN","1001x1001","187"
"ORGCB184-3","1","IMG_9489.jpg","E:\HD PICTURE\GCB184-3\IMG_9489.jpg","PLAIN","1001x1001","254,8"
"ORGCB184-3","2","IMG_9497-S.jpg","E:\HD PICTURE\GCB184-3\IMG_9497-S.jpg","PLAIN","1001x1001","250,4"
"ORGCB184-3","3","IMG_9489-S.jpg","E:\HD PICTURE\GCB184-3\IMG_9489-S.jpg","PLAIN","1001x1001","250,3"
"ORGCB184-3","4","IMG_95415.jpg","E:\HD PICTURE\GCB184-3\IMG_95415.jpg","PLAIN","1001x1001","186,8"
"ORGCB184-4","1","IMG_9489.jpg","E:\HD PICTURE\GCB184-4\IMG_9489.jpg","PLAIN","1001x1001","254,8"
"ORGCB184-4","2","IMG_9496-S.jpg","E:\HD PICTURE\GCB184-4\IMG_9496-S.jpg","PLAIN","1001x1001","250,5"
"ORGCB184-4","3","IMG_9489-S.jpg","E:\HD PICTURE\GCB184-4\IMG_9489-S.jpg","PLAIN","1001x1001","250,3"
"ORGCB184-4","4","IMG_95414.jpg","E:\HD PICTURE\GCB184-4\IMG_95414.jpg","PLAIN","1001x1001","186,9"
"ORGCB184-5","1","IMG_9489.jpg","E:\HD PICTURE\GCB184-5\IMG_9489.jpg","PLAIN","1001x1001","254,8"
"ORGCB184-5","2","IMG_9500-S.jpg","E:\HD PICTURE\GCB184-5\IMG_9500-S.jpg","PLAIN","1001x1001","250,5"
"ORGCB184-5","3","IMG_9489-S.jpg","E:\HD PICTURE\GCB184-5\IMG_9489-S.jpg","PLAIN","1001x1001","250,3"
"ORGCB184-5","4","IMG_95416.jpg","E:\HD PICTURE\GCB184-5\IMG_95416.jpg","PLAIN","1001x1001","187,5"
"ORGCB184-6","1","IMG_9489.jpg","E:\HD PICTURE\GCB184-6\IMG_9489.jpg","PLAIN","1001x1001","254,8"
"ORGCB184-6","2","IMG_9502-S.jpg","E:\HD PICTURE\GCB184-6\IMG_9502-S.jpg","PLAIN","1001x1001","250,5"
"ORGCB184-6","3","IMG_9489-S.jpg","E:\HD PICTURE\GCB184-6\IMG_9489-S.jpg","PLAIN","1001x1001","250,3"
"ORGCB184-6","4","IMG_95417.jpg","E:\HD PICTURE\GCB184-6\IMG_95417.jpg","PLAIN","1001x1001","187"
"ORGCB184-7","1","IMG_9489.jpg","E:\HD PICTURE\GCB184-7\IMG_9489.jpg","PLAIN","1001x1001","254,8"
"ORGCB184-7","2","IMG_9493-S.jpg","E:\HD PICTURE\GCB184-7\IMG_9493-S.jpg","PLAIN","1001x1001","250,5"
"ORGCB184-7","3","IMG_9489-S.jpg","E:\HD PICTURE\GCB184-7\IMG_9489-S.jpg","PLAIN","1001x1001","250,3"
"ORGCB184-7","4","IMG_95411.jpg","E:\HD PICTURE\GCB184-7\IMG_95411.jpg","PLAIN","1001x1001","186,7"
"ORGCB185-14K","1","IMG_9441.jpg","E:\HD PICTURE\GCB185-14K\IMG_9441.jpg","PLAIN","1001x1001","254,9"
"ORGCB185-14K","2","IMG_9444-S.jpg","E:\HD PICTURE\GCB185-14K\IMG_9444-S.jpg","PLAIN","1001x1001","250,4"
"ORGCB185-14K","3","IMG_9441-S.jpg","E:\HD PICTURE\GCB185-14K\IMG_9441-S.jpg","PLAIN","1001x1001","250,3"
"ORGCB185-14K","4","IMG_9537.jpg","E:\HD PICTURE\GCB185-14K\IMG_9537.jpg","PLAIN","1001x1001","171,7"
"ORGCB186-1","1","IMG_9468.jpg","E:\HD PICTURE\GCB186-1\IMG_9468.jpg","PLAIN","1001x1001","254,8"
"ORGCB186-1","2","IMG_9471-S.jpg","E:\HD PICTURE\GCB186-1\IMG_9471-S.jpg","PLAIN","1001x1001","250,5"
"ORGCB186-1","3","IMG_9468-S.jpg","E:\HD PICTURE\GCB186-1\IMG_9468-S.jpg","PLAIN","1001x1001","250,3"
"ORGCB186-1","4","IMG_9525.jpg","E:\HD PICTURE\GCB186-1\IMG_9525.jpg","PLAIN","1001x1001","189,1"
"ORGCB186-2","1","IMG_9468.jpg","E:\HD PICTURE\GCB186-2\IMG_9468.jpg","PLAIN","1001x1001","254,8"
"ORGCB186-2","2","IMG_9469-S.jpg","E:\HD PICTURE\GCB186-2\IMG_9469-S.jpg","PLAIN","1001x1001","250,5"
"ORGCB186-2","3","IMG_9468-S.jpg","E:\HD PICTURE\GCB186-2\IMG_9468-S.jpg","PLAIN","1001x1001","250,3"
"ORGCB186-2","4","IMG_9524.jpg","E:\HD PICTURE\GCB186-2\IMG_9524.jpg","PLAIN","1001x1001","191,4"
"ORGCB187-14K-1","1","IMG_9450.jpg","E:\HD PICTURE\GCB187-14K-1\IMG_9450.jpg","PLAIN","1001x1001","254,8"
"ORGCB187-14K-1","2","IMG_9454-S.jpg","E:\HD PICTURE\GCB187-14K-1\IMG_9454-S.jpg","PLAIN","1001x1001","250,5"
"ORGCB187-14K-1","3","IMG_9450-S.jpg","E:\HD PICTURE\GCB187-14K-1\IMG_9450-S.jpg","PLAIN","1001x1001","250,3"
"ORGCB187-14K-1","4","IMG_9532.jpg","E:\HD PICTURE\GCB187-14K-1\IMG_9532.jpg","PLAIN","1001x1001","192,1"
"ORGCB187-14K-2","1","IMG_9459.jpg","E:\HD PICTURE\GCB187-14K-2\IMG_9459.jpg","PLAIN","1001x1001","255"
"ORGCB187-14K-2","2","IMG_9450.jpg","E:\HD PICTURE\GCB187-14K-2\IMG_9450.jpg","PLAIN","1001x1001","254,8"
"ORGCB187-14K-2","3","IMG_9459-S.jpg","E:\HD PICTURE\GCB187-14K-2\IMG_9459-S.jpg","PLAIN","1001x1001","250,5"
"ORGCB187-14K-2","4","IMG_9450-S.jpg","E:\HD PICTURE\GCB187-14K-2\IMG_9450-S.jpg","PLAIN","1001x1001","250,3"
"ORGCB19-18K","1","GCB19-18K.jpg","E:\HD PICTURE\Orloff customized design\GCB19-18K\GCB19-18K.jpg","PLAIN","1001x1001","254,8"
"ORGCB19-18K","2","IMG_9316.jpg","E:\HD PICTURE\Orloff customized design\GCB19-18K\IMG_9316.jpg","PLAIN","1001x1001","250,5"
"ORGCB19-18K","3","IMG_0206.jpg","E:\HD PICTURE\Orloff customized design\GCB19-18K\IMG_0206.jpg","PLAIN","1001x1001","212,4"
"ORGCB19-18K","4","1.jpg","E:\HD PICTURE\Orloff customized design\GCB19-18K\1.jpg","PLAIN","970x627","249,5"
"ORGCB19-P","1","IMG_9316.jpg","E:\HD PICTURE\Orloff customized design\GCB19-P\IMG_9316.jpg","PLAIN","1001x1001","254,7"
"ORGCB19-P","2","IMG_1925.jpg","E:\HD PICTURE\Orloff customized design\GCB19-P\IMG_1925.jpg","PLAIN","1001x1001","172,7"
"ORGCB19-P","3","1.jpg","E:\HD PICTURE\Orloff customized design\GCB19-P\1.jpg","PLAIN","970x652","254,8"
"ORGCB19-P","4","IMG_2143.jpg","E:\HD PICTURE\Orloff customized design\GCB19-P\IMG_2143.jpg","MODEL","1001x1001","104,9"
"ORGCB20-18K","1","GCB20-18K.jpg","E:\HD PICTURE\Orloff customized design\GCB20-18K\GCB20-18K.jpg","PLAIN","1001x1001","254,9"
"ORGCB20-18K","2","IMG_9335.jpg","E:\HD PICTURE\Orloff customized design\GCB20-18K\IMG_9335.jpg","PLAIN","1001x1001","250,5"
"ORGCB20-18K","3","IMG_0148.jpg","E:\HD PICTURE\Orloff customized design\GCB20-18K\IMG_0148.jpg","PLAIN","1001x1001","195,5"
"ORGCB20-18K","4","1.jpg","E:\HD PICTURE\Orloff customized design\GCB20-18K\1.jpg","PLAIN","970x708","255"
"ORGCB20-P","1","IMG_9335.jpg","E:\HD PICTURE\Orloff customized design\GCB20-P\IMG_9335.jpg","PLAIN","1001x1001","254,3"
"ORGCB20-P","2","IMG_1930.jpg","E:\HD PICTURE\Orloff customized design\GCB20-P\IMG_1930.jpg","PLAIN","1001x1001","167,7"
"ORGCB20-P","3","1.jpg","E:\HD PICTURE\Orloff customized design\GCB20-P\1.jpg","PLAIN","970x631","254,5"
"ORGCB20-P","4","IMG_2172.jpg","E:\HD PICTURE\Orloff customized design\GCB20-P\IMG_2172.jpg","MODEL","1001x1001","70,7"
"ORGCB21-18K","1","GCB21-18K.jpg","E:\HD PICTURE\Orloff customized design\GCB21-18K\GCB21-18K.jpg","PLAIN","3456x3457","255"
"ORGCB21-18K","2","IMG_0594.jpg","E:\HD PICTURE\Orloff customized design\GCB21-18K\IMG_0594.jpg","PLAIN","1001x1001","250,5"
"ORGCB21-18K","3","IMG_0197.jpg","E:\HD PICTURE\Orloff customized design\GCB21-18K\IMG_0197.jpg","PLAIN","1001x1001","209,6"
"ORGCB21-18K","4","1.jpg","E:\HD PICTURE\Orloff customized design\GCB21-18K\1.jpg","PLAIN","970x715","255"
"ORGCB21-P","1","IMG_0594.jpg","E:\HD PICTURE\Orloff customized design\GCB21-P\IMG_0594.jpg","PLAIN","1001x1001","254,6"
"ORGCB21-P","2","IMG_1923.jpg","E:\HD PICTURE\Orloff customized design\GCB21-P\IMG_1923.jpg","PLAIN","1001x1001","176,8"
"ORGCB21-P","3","1.jpg","E:\HD PICTURE\Orloff customized design\GCB21-P\1.jpg","PLAIN","970x653","254,7"
"ORGCB21-P","4","IMG_2125.jpg","E:\HD PICTURE\Orloff customized design\GCB21-P\IMG_2125.jpg","MODEL","1001x1001","76,5"
"ORGCB22-18K","1","GCB22-18K.jpg","E:\HD PICTURE\Orloff customized design\GCB22-18K\GCB22-18K.jpg","PLAIN","1001x1001","254,9"
"ORGCB22-18K","2","IMG_0060.jpg","E:\HD PICTURE\Orloff customized design\GCB22-18K\IMG_0060.jpg","PLAIN","1001x1001","250,5"
"ORGCB22-18K","3","IMG_0153.jpg","E:\HD PICTURE\Orloff customized design\GCB22-18K\IMG_0153.jpg","PLAIN","1001x1001","195,3"
"ORGCB22-18K","4","1.jpg","E:\HD PICTURE\Orloff customized design\GCB22-18K\1.jpg","PLAIN","970x633","255"
"ORGCB22-P","1","IMG_0060.jpg","E:\HD PICTURE\Orloff customized design\GCB22-P\IMG_0060.jpg","PLAIN","1001x1001","254,9"
"ORGCB22-P","2","IMG_0060.jpg","E:\HD PICTURE\GCB22-P\IMG_0060.jpg","PLAIN","1001x1001","254,9"
"ORGCB22-P","3","IMG_3409.jpg","E:\HD PICTURE\Orloff customized design\GCB22-P\IMG_3409.jpg","PLAIN","1001x1001","171,1"
"ORGCB22-P","4","IMG_3409.jpg","E:\HD PICTURE\GCB22-P\IMG_3409.jpg","PLAIN","1001x1001","171,1"
"ORGCB23-18K","1","GCB23-18K.jpg","E:\HD PICTURE\Orloff customized design\GCB23-18K\GCB23-18K.jpg","PLAIN","1001x1001","254,8"
"ORGCB23-18K","2","IMG_9324.jpg","E:\HD PICTURE\Orloff customized design\GCB23-18K\IMG_9324.jpg","PLAIN","1001x1001","250,5"
"ORGCB23-18K","3","IMG_0144.jpg","E:\HD PICTURE\Orloff customized design\GCB23-18K\IMG_0144.jpg","PLAIN","1001x1001","197,3"
"ORGCB23-18K","4","2.jpg","E:\HD PICTURE\Orloff customized design\GCB23-18K\2.jpg","PLAIN","970x751","252,1"
"ORGCB23-P","1","IMG_9324.jpg","E:\HD PICTURE\Orloff customized design\GCB23-P\IMG_9324.jpg","PLAIN","1001x1001","252,8"
"ORGCB23-P","2","1.jpg","E:\HD PICTURE\Orloff customized design\GCB23-P\1.jpg","PLAIN","970x659","253,5"
"ORGCB23-P","3","2.jpg","E:\HD PICTURE\Orloff customized design\GCB23-P\2.jpg","PLAIN","970x625","251,4"
"ORGCB23-P","4","IMG_1936.jpg","E:\HD PICTURE\Orloff customized design\GCB23-P\IMG_1936.jpg","MODEL","1001x1001","146"
"ORGCB24-18K","1","GCB24-18K.jpg","E:\HD PICTURE\Orloff customized design\GCB24-18K\GCB24-18K.jpg","PLAIN","1001x1001","255"
"ORGCB24-18K","2","IMG_0760.jpg","E:\HD PICTURE\Orloff customized design\GCB24-18K\IMG_0760.jpg","PLAIN","1001x1001","250,5"
"ORGCB24-18K","3","IMG_0195.jpg","E:\HD PICTURE\Orloff customized design\GCB24-18K\IMG_0195.jpg","PLAIN","1001x1001","202,6"
"ORGCB24-18K","4","2.jpg","E:\HD PICTURE\Orloff customized design\GCB24-18K\2.jpg","PLAIN","970x700","255"
"ORGCB24-P","1","IMG_0760.jpg","E:\HD PICTURE\Orloff customized design\GCB24-P\IMG_0760.jpg","PLAIN","1001x1001","254"
"ORGCB24-P","2","IMG_1934.jpg","E:\HD PICTURE\Orloff customized design\GCB24-P\IMG_1934.jpg","PLAIN","1001x1001","175,7"
"ORGCB24-P","3","2.jpg","E:\HD PICTURE\Orloff customized design\GCB24-P\2.jpg","PLAIN","1034x729","254,6"
"ORGCB24-P","4","1.jpg","E:\HD PICTURE\Orloff customized design\GCB24-P\1.jpg","PLAIN","970x657","254,2"
"ORGCB25","1","GCB25.jpg","E:\HD PICTURE\Orloff customized design\GCB25\GCB25.jpg","PLAIN","2119x2119","255"
"ORGCB25","2","IMG_0740.jpg","E:\HD PICTURE\Orloff customized design\GCB25\IMG_0740.jpg","PLAIN","1001x1001","250,5"
"ORGCB25","3","IMG_0305.jpg","E:\HD PICTURE\Orloff customized design\GCB25\IMG_0305.jpg","PLAIN","1001x1001","196,1"
"ORGCB25","4","IMG_0181.jpg","E:\HD PICTURE\Orloff customized design\GCB25\IMG_0181.jpg","PLAIN","1001x1001","192,5"
"ORGCB26-18K","1","GCB26.jpg","E:\HD PICTURE\Orloff customized design\GCB26-18K\GCB26.jpg","PLAIN","3259x3259","255"
"ORGCB26-18K","2","IMG_0620.jpg","E:\HD PICTURE\Orloff customized design\GCB26-18K\IMG_0620.jpg","PLAIN","1001x1001","250,5"
"ORGCB26-18K","3","IMG_0191.jpg","E:\HD PICTURE\Orloff customized design\GCB26-18K\IMG_0191.jpg","PLAIN","1001x1001","206,3"
"ORGCB26-18K","4","2.jpg","E:\HD PICTURE\Orloff customized design\GCB26-18K\2.jpg","PLAIN","970x683","255"
"ORGCB26-P","1","IMG_0620.jpg","E:\HD PICTURE\Orloff customized design\GCB26-P\IMG_0620.jpg","PLAIN","1001x1001","254,8"
"ORGCB26-P","2","IMG_1927.jpg","E:\HD PICTURE\Orloff customized design\GCB26-P\IMG_1927.jpg","PLAIN","1001x1001","176,6"
"ORGCB26-P","3","2.jpg","E:\HD PICTURE\Orloff customized design\GCB26-P\2.jpg","PLAIN","970x644","255"
"ORGCB26-P","4","1.jpg","E:\HD PICTURE\Orloff customized design\GCB26-P\1.jpg","PLAIN","970x637","254,5"
"ORGCB27","1","GCB27.jpg","E:\HD PICTURE\Orloff customized design\GCB27\GCB27.jpg","PLAIN","1001x1001","254,8"
"ORGCB27","2","IMG_9302.jpg","E:\HD PICTURE\Orloff customized design\GCB27\IMG_9302.jpg","PLAIN","1001x1001","250,4"
"ORGCB27","3","IMG_0142.jpg","E:\HD PICTURE\Orloff customized design\GCB27\IMG_0142.jpg","PLAIN","1001x1001","209,6"
"ORGCB27","4","IMG_0333.jpg","E:\HD PICTURE\Orloff customized design\GCB27\IMG_0333.jpg","PLAIN","1001x1001","170,1"
"ORGCB28-18K","1","GCB28-18K.jpg","E:\HD PICTURE\Orloff customized design\GCB28-18K\GCB28-18K.jpg","PLAIN","3259x3259","255"
"ORGCB28-18K","2","IMG_0598.jpg","E:\HD PICTURE\Orloff customized design\GCB28-18K\IMG_0598.jpg","PLAIN","1001x1001","250,5"
"ORGCB28-18K","3","IMG_0184.jpg","E:\HD PICTURE\Orloff customized design\GCB28-18K\IMG_0184.jpg","PLAIN","1001x1001","194,1"
"ORGCB28-18K","4","IMG_0281.jpg","E:\HD PICTURE\Orloff customized design\GCB28-18K\IMG_0281.jpg","PLAIN","1001x1001","168,2"
"ORGCB28-P","1","IMG_0598.jpg","E:\HD PICTURE\Orloff customized design\GCB28-P\IMG_0598.jpg","PLAIN","1001x1001","254,1"
"ORGCB28-P","2","IMG_1941.jpg","E:\HD PICTURE\Orloff customized design\GCB28-P\IMG_1941.jpg","PLAIN","1001x1001","182,5"
"ORGCB28-P","3","1.jpg","E:\HD PICTURE\Orloff customized design\GCB28-P\1.jpg","PLAIN","970x635","254,4"
"ORGCB28-P","4","IMG_2152.jpg","E:\HD PICTURE\Orloff customized design\GCB28-P\IMG_2152.jpg","MODEL","1001x1001","58,5"
"ORGCB29-18K","1","GCB29-18K.jpg","E:\HD PICTURE\Orloff customized design\GCB29-18K\GCB29-18K.jpg","PLAIN","3150x3150","255"
"ORGCB29-18K","2","IMG_0608.jpg","E:\HD PICTURE\Orloff customized design\GCB29-18K\IMG_0608.jpg","PLAIN","1001x1001","250,5"
"ORGCB29-18K","3","IMG_0170.jpg","E:\HD PICTURE\Orloff customized design\GCB29-18K\IMG_0170.jpg","PLAIN","1001x1001","209,8"
"ORGCB29-18K","4","1.jpg","E:\HD PICTURE\Orloff customized design\GCB29-18K\1.jpg","PLAIN","970x658","254,7"
"ORGCB29-P","1","IMG_0608.jpg","E:\HD PICTURE\Orloff customized design\GCB29-P\IMG_0608.jpg","PLAIN","1001x1001","254,1"
"ORGCB29-P","2","IMG_1932.jpg","E:\HD PICTURE\Orloff customized design\GCB29-P\IMG_1932.jpg","PLAIN","1001x1001","156,7"
"ORGCB29-P","3","2.jpg","E:\HD PICTURE\Orloff customized design\GCB29-P\2.jpg","PLAIN","970x669","252,3"
"ORGCB29-P","4","1.jpg","E:\HD PICTURE\Orloff customized design\GCB29-P\1.jpg","PLAIN","970x653","253,4"
"ORGCB30-18K","1","GCB30-18K.jpg","E:\HD PICTURE\Orloff customized design\GCB30-18K\GCB30-18K.jpg","PLAIN","3063x3062","255"
"ORGCB30-18K","2","IMG_0615.jpg","E:\HD PICTURE\Orloff customized design\GCB30-18K\IMG_0615.jpg","PLAIN","1001x1001","250,5"
"ORGCB30-18K","3","IMG_0746.jpg","E:\HD PICTURE\Orloff customized design\GCB30-18K\IMG_0746.jpg","PLAIN","1001x1001","201,1"
"ORGCB30-18K","4","IMG_0752.jpg","E:\HD PICTURE\Orloff customized design\GCB30-18K\IMG_0752.jpg","PLAIN","1001x1001","160,5"
"ORGCB30-P","1","IMG_0615.jpg","E:\HD PICTURE\GCB30-P\IMG_0615.jpg","PLAIN","1001x1001","254,7"
"ORGCB30-P","2","IMG_0615.jpg","E:\HD PICTURE\Orloff customized design\GCB30-P\IMG_0615.jpg","PLAIN","1001x1001","254,7"
"ORGCB30-P","3","IMG_3412.jpg","E:\HD PICTURE\Orloff customized design\GCB30-P\IMG_3412.jpg","PLAIN","1001x1001","158,7"
"ORGCB30-P","4","IMG_3412.jpg","E:\HD PICTURE\GCB30-P\IMG_3412.jpg","PLAIN","1001x1001","158,7"
"ORGCB50P","1","GCB50.jpg","E:\HD PICTURE\Orloff customized design\GCB50\GCB50.jpg","PLAIN","1001x1001","255"
"ORGCB50P","2","IMG_0716.jpg","E:\HD PICTURE\Orloff customized design\GCB50\IMG_0716.jpg","PLAIN","1001x1001","250,4"
"ORGCB50P","3","IMG_0749.jpg","E:\HD PICTURE\Orloff customized design\GCB50\IMG_0749.jpg","PLAIN","1001x1001","205,8"
"ORGCB50P","4","IMG_0755.jpg","E:\HD PICTURE\Orloff customized design\GCB50\IMG_0755.jpg","PLAIN","1001x1001","164,2"
"ORGCB51-P","1","IMG_1749.jpg","E:\HD PICTURE\GCB51-P\IMG_1749.jpg","PLAIN","1001x1001","254,5"
"ORGCB51-P","2","IMG_1917.jpg","E:\HD PICTURE\GCB51-P\IMG_1917.jpg","PLAIN","1001x1001","175,1"
"ORGCB51-P","3","IMG_2899.jpg","E:\HD PICTURE\GCB51-P\IMG_2899.jpg","PLAIN","1001x1001","152,8"
"ORGCB51-P","4","IMG_2370.jpg","E:\HD PICTURE\GCB51-P\IMG_2370.jpg","MODEL","1001x1001","103,2"
"ORGCB51-WY","1","IMG_1755.jpg","E:\HD PICTURE\GCB51-WY\IMG_1755.jpg","PLAIN","1001x1001","254,6"
"ORGCB51-WY","2","IMG_1915.jpg","E:\HD PICTURE\GCB51-WY\IMG_1915.jpg","PLAIN","1001x1001","160,3"
"ORGCB51-WY","3","IMG_2899.jpg","E:\HD PICTURE\GCB51-WY\IMG_2899.jpg","PLAIN","1001x1001","152,8"
"ORGCB51-WY","4","IMG_2245.jpg","E:\HD PICTURE\GCB51-WY\IMG_2245.jpg","MODEL","1001x1001","83,5"
"ORGCB51-YL","1","IMG_1743.jpg","E:\HD PICTURE\GCB51-YL\IMG_1743.jpg","PLAIN","1001x1001","254"
"ORGCB51-YL","2","IMG_1919.jpg","E:\HD PICTURE\GCB51-YL\IMG_1919.jpg","PLAIN","1001x1001","160,6"
"ORGCB51-YL","3","IMG_2899.jpg","E:\HD PICTURE\GCB51-YL\IMG_2899.jpg","PLAIN","1001x1001","152,8"
"ORGCB51-YL","4","IMG_2367.jpg","E:\HD PICTURE\GCB51-YL\IMG_2367.jpg","MODEL","1001x1001","128,9"
"ORGCB51-YP","1","IMG_1754.jpg","E:\HD PICTURE\GCB51-YP\IMG_1754.jpg","PLAIN","1001x1001","254,2"
"ORGCB51-YP","2","IMG_1921.jpg","E:\HD PICTURE\GCB51-YP\IMG_1921.jpg","PLAIN","1001x1001","164,1"
"ORGCB51-YP","3","IMG_2899.jpg","E:\HD PICTURE\GCB51-YP\IMG_2899.jpg","PLAIN","1001x1001","152,8"
"ORGCB51-YP","4","IMG_2359.jpg","E:\HD PICTURE\GCB51-YP\IMG_2359.jpg","MODEL","1001x1001","143,7"
"ORGCB51-YR","1","IMG_1746.jpg","E:\HD PICTURE\GCB51-YR\IMG_1746.jpg","PLAIN","1001x1001","252,9"
"ORGCB51-YR","2","IMG_1913.jpg","E:\HD PICTURE\GCB51-YR\IMG_1913.jpg","PLAIN","1001x1001","170,4"
"ORGCB51-YR","3","IMG_2899.jpg","E:\HD PICTURE\GCB51-YR\IMG_2899.jpg","PLAIN","1001x1001","152,8"
"ORGCB51-YR","4","IMG_2355.jpg","E:\HD PICTURE\GCB51-YR\IMG_2355.jpg","MODEL","1001x1001","113,8"
"ORGCB52-L","1","IMG_1772.jpg","E:\HD PICTURE\GCB52-L\IMG_1772.jpg","PLAIN","1001x1001","254,2"
"ORGCB52-L","2","IMG_1900.jpg","E:\HD PICTURE\GCB52-L\IMG_1900.jpg","PLAIN","1001x1001","154,3"
"ORGCB52-L","3","IMG_2050.jpg","E:\HD PICTURE\GCB52-L\IMG_2050.jpg","PLAIN","1001x1001","154,1"
"ORGCB52-L","4","001.jpg","E:\HD PICTURE\GCB52-L\001.jpg","PLAIN","1001x1001","152,8"
"ORGCB53-L","1","IMG_1780.jpg","E:\HD PICTURE\GCB53-L\IMG_1780.jpg","PLAIN","1001x1001","254,8"
"ORGCB53-L","2","IMG_1911.jpg","E:\HD PICTURE\GCB53-L\IMG_1911.jpg","PLAIN","1001x1001","155,5"
"ORGCB53-L","3","IMG_2059.jpg","E:\HD PICTURE\GCB53-L\IMG_2059.jpg","PLAIN","1001x1001","155,2"
"ORGCB53-L","4","002.jpg","E:\HD PICTURE\GCB53-L\002.jpg","PLAIN","1001x1001","152,8"
"ORGCB54-L","1","IMG_1776.jpg","E:\HD PICTURE\GCB54-L\IMG_1776.jpg","PLAIN","1001x1001","254,2"
"ORGCB54-L","2","IMG_1898.jpg","E:\HD PICTURE\GCB54-L\IMG_1898.jpg","PLAIN","1001x1001","165"
"ORGCB54-L","3","IMG_2043.jpg","E:\HD PICTURE\GCB54-L\IMG_2043.jpg","PLAIN","1001x1001","164,8"
"ORGCB54-L","4","003.jpg","E:\HD PICTURE\GCB54-L\003.jpg","PLAIN","1001x1001","152,8"
"ORGCB55-L","1","IMG_1760.jpg","E:\HD PICTURE\GCB55-L\IMG_1760.jpg","PLAIN","1001x1001","254,2"
"ORGCB55-L","2","004.jpg","E:\HD PICTURE\GCB55-L\004.jpg","PLAIN","1001x1001","152,8"
"ORGCB55-L","3","IMG_1906.jpg","E:\HD PICTURE\GCB55-L\IMG_1906.jpg","PLAIN","1001x1001","151,6"
"ORGCB55-L","4","IMG_2038.jpg","E:\HD PICTURE\GCB55-L\IMG_2038.jpg","PLAIN","1001x1001","151,5"
"ORGCB56-B","1","IMG_1767.jpg","E:\HD PICTURE\GCB56-B\IMG_1767.jpg","PLAIN","1001x1001","253,4"
"ORGCB56-B","2","IMG_1904.jpg","E:\HD PICTURE\GCB56-B\IMG_1904.jpg","PLAIN","1001x1001","153,8"
"ORGCB56-B","3","IMG_2070.jpg","E:\HD PICTURE\GCB56-B\IMG_2070.jpg","PLAIN","1001x1001","153,6"
"ORGCB56-B","4","1.jpg","E:\HD PICTURE\GCB56-B\1.jpg","PLAIN","970x600","242,9"
"ORGCB57-Z","1","IMG_1741.jpg","E:\HD PICTURE\GCB57-Z\IMG_1741.jpg","PLAIN","1001x1001","252,9"
"ORGCB57-Z","2","IMG_1894.jpg","E:\HD PICTURE\GCB57-Z\IMG_1894.jpg","PLAIN","1001x1001","155,9"
"ORGCB57-Z","3","2.jpg","E:\HD PICTURE\GCB57-Z\2.jpg","PLAIN","970x600","248,9"
"ORGCB57-Z","4","1.jpg","E:\HD PICTURE\GCB57-Z\1.jpg","PLAIN","970x600","245,2"
"ORGCB58-LVR","1","IMG_1735.jpg","E:\HD PICTURE\GCB58-LVR\IMG_1735.jpg","PLAIN","1001x1001","254,9"
"ORGCB58-LVR","2","IMG_1892.jpg","E:\HD PICTURE\GCB58-LVR\IMG_1892.jpg","PLAIN","1001x1001","185,6"
"ORGCB58-LVR","3","2.jpg","E:\HD PICTURE\GCB58-LVR\2.jpg","PLAIN","970x600","252"
"ORGCB58-LVR","4","1.jpg","E:\HD PICTURE\GCB58-LVR\1.jpg","PLAIN","970x600","251,1"
"ORGCBB1-17-B","1","IMG_6379.jpg","E:\HD PICTURE\ORGCBB1-B\IMG_6379.jpg","PLAIN","1001x1001","255"
"ORGCBB1-17-B","2","7.jpg","E:\HD PICTURE\ORGCBB1-B\7.jpg","PLAIN","1001x1001","250"
"ORGCBB1-17-B","3","IMG_6787.jpg","E:\HD PICTURE\ORGCBB1-B\IMG_6787.jpg","PLAIN","1001x1001","163,2"
"ORGCBB1-17-B","4","IMG_9234.jpg","E:\HD PICTURE\ORGCBB1-B\IMG_9234.jpg","PLAIN","970x600","190,8"
"ORGCBB1-17-G","1","IMG_6371.jpg","E:\HD PICTURE\ORGCBB1-G\IMG_6371.jpg","PLAIN","1001x1001","255"
"ORGCBB1-17-G","2","6.jpg","E:\HD PICTURE\ORGCBB1-G\6.jpg","PLAIN","1001x1001","250"
"ORGCBB1-17-G","3","IMG_6790.jpg","E:\HD PICTURE\ORGCBB1-G\IMG_6790.jpg","PLAIN","1001x1001","173,6"
"ORGCBB1-17-G","4","IMG_63842.jpg","E:\HD PICTURE\ORGCBB1-G\IMG_63842.jpg","MODEL","1001x1001","116,6"
"ORGCBB1-17-K","1","IMG_6382.jpg","E:\HD PICTURE\ORGCBB1-K\IMG_6382.jpg","PLAIN","1001x1001","255"
"ORGCBB1-17-K","2","9.jpg","E:\HD PICTURE\ORGCBB1-K\9.jpg","PLAIN","1001x1001","250"
"ORGCBB1-17-K","3","IMG_63841.jpg","E:\HD PICTURE\ORGCBB1-K\IMG_63841.jpg","MODEL","1001x1001","120,5"
"ORGCBB1-17-K","4","4.jpg","E:\HD PICTURE\ORGCBB1-K\4.jpg","INFO","1001x1001","246,6"
"ORGCBB1-17-R","1","IMG_6384.jpg","E:\HD PICTURE\ORGCBB1-R\IMG_6384.jpg","PLAIN","1001x1001","255"
"ORGCBB1-17-R","2","10.jpg","E:\HD PICTURE\ORGCBB1-R\10.jpg","PLAIN","1001x1001","250"
"ORGCBB1-17-R","3","5.jpg","E:\HD PICTURE\ORGCBB1-R\5.jpg","INFO","1001x1001","246,6"
"ORGCBB1-17-W","1","IMG_6380.jpg","E:\HD PICTURE\ORGCBB1-W\IMG_6380.jpg","PLAIN","1001x1001","255"
"ORGCBB1-17-W","2","8.jpg","E:\HD PICTURE\ORGCBB1-W\8.jpg","PLAIN","1001x1001","250"
"ORGCBB1-17-W","3","3.jpg","E:\HD PICTURE\ORGCBB1-W\3.jpg","INFO","1001x1001","246,6"
"ORGCBB1-19-B","1","IMG_6379.jpg","E:\HD PICTURE\ORGCBB1-B\IMG_6379.jpg","PLAIN","1001x1001","255"
"ORGCBB1-19-B","2","7.jpg","E:\HD PICTURE\ORGCBB1-B\7.jpg","PLAIN","1001x1001","250"
"ORGCBB1-19-B","3","IMG_6787.jpg","E:\HD PICTURE\ORGCBB1-B\IMG_6787.jpg","PLAIN","1001x1001","163,2"
"ORGCBB1-19-B","4","IMG_9234.jpg","E:\HD PICTURE\ORGCBB1-B\IMG_9234.jpg","PLAIN","970x600","190,8"
"ORGCBB1-19-G","1","IMG_6371.jpg","E:\HD PICTURE\ORGCBB1-G\IMG_6371.jpg","PLAIN","1001x1001","255"
"ORGCBB1-19-G","2","6.jpg","E:\HD PICTURE\ORGCBB1-G\6.jpg","PLAIN","1001x1001","250"
"ORGCBB1-19-G","3","IMG_6790.jpg","E:\HD PICTURE\ORGCBB1-G\IMG_6790.jpg","PLAIN","1001x1001","173,6"
"ORGCBB1-19-G","4","IMG_63842.jpg","E:\HD PICTURE\ORGCBB1-G\IMG_63842.jpg","MODEL","1001x1001","116,6"
"ORGCBB1-19-K","1","IMG_6382.jpg","E:\HD PICTURE\ORGCBB1-K\IMG_6382.jpg","PLAIN","1001x1001","255"
"ORGCBB1-19-K","2","9.jpg","E:\HD PICTURE\ORGCBB1-K\9.jpg","PLAIN","1001x1001","250"
"ORGCBB1-19-K","3","IMG_63841.jpg","E:\HD PICTURE\ORGCBB1-K\IMG_63841.jpg","MODEL","1001x1001","120,5"
"ORGCBB1-19-K","4","4.jpg","E:\HD PICTURE\ORGCBB1-K\4.jpg","INFO","1001x1001","246,6"
"ORGCBB1-19-R","1","IMG_6384.jpg","E:\HD PICTURE\ORGCBB1-R\IMG_6384.jpg","PLAIN","1001x1001","255"
"ORGCBB1-19-R","2","10.jpg","E:\HD PICTURE\ORGCBB1-R\10.jpg","PLAIN","1001x1001","250"
"ORGCBB1-19-R","3","5.jpg","E:\HD PICTURE\ORGCBB1-R\5.jpg","INFO","1001x1001","246,6"
"ORGCBB1-19-W","1","IMG_6380.jpg","E:\HD PICTURE\ORGCBB1-W\IMG_6380.jpg","PLAIN","1001x1001","255"
"ORGCBB1-19-W","2","8.jpg","E:\HD PICTURE\ORGCBB1-W\8.jpg","PLAIN","1001x1001","250"
"ORGCBB1-19-W","3","3.jpg","E:\HD PICTURE\ORGCBB1-W\3.jpg","INFO","1001x1001","246,6"
"ORGCBB1-21-B","1","IMG_6379.jpg","E:\HD PICTURE\ORGCBB1-B\IMG_6379.jpg","PLAIN","1001x1001","255"
"ORGCBB1-21-B","2","7.jpg","E:\HD PICTURE\ORGCBB1-B\7.jpg","PLAIN","1001x1001","250"
"ORGCBB1-21-B","3","IMG_6787.jpg","E:\HD PICTURE\ORGCBB1-B\IMG_6787.jpg","PLAIN","1001x1001","163,2"
"ORGCBB1-21-B","4","IMG_9234.jpg","E:\HD PICTURE\ORGCBB1-B\IMG_9234.jpg","PLAIN","970x600","190,8"
"ORGCBB1-21-K","1","IMG_6382.jpg","E:\HD PICTURE\ORGCBB1-K\IMG_6382.jpg","PLAIN","1001x1001","255"
"ORGCBB1-21-K","2","9.jpg","E:\HD PICTURE\ORGCBB1-K\9.jpg","PLAIN","1001x1001","250"
"ORGCBB1-21-K","3","IMG_63841.jpg","E:\HD PICTURE\ORGCBB1-K\IMG_63841.jpg","MODEL","1001x1001","120,5"
"ORGCBB1-21-K","4","4.jpg","E:\HD PICTURE\ORGCBB1-K\4.jpg","INFO","1001x1001","246,6"
"ORGCBB1-21-R","1","IMG_6384.jpg","E:\HD PICTURE\ORGCBB1-R\IMG_6384.jpg","PLAIN","1001x1001","255"
"ORGCBB1-21-R","2","10.jpg","E:\HD PICTURE\ORGCBB1-R\10.jpg","PLAIN","1001x1001","250"
"ORGCBB1-21-R","3","5.jpg","E:\HD PICTURE\ORGCBB1-R\5.jpg","INFO","1001x1001","246,6"
"ORGCBB1-21-W","1","IMG_6380.jpg","E:\HD PICTURE\ORGCBB1-W\IMG_6380.jpg","PLAIN","1001x1001","255"
"ORGCBB1-21-W","2","8.jpg","E:\HD PICTURE\ORGCBB1-W\8.jpg","PLAIN","1001x1001","250"
"ORGCBB1-21-W","3","3.jpg","E:\HD PICTURE\ORGCBB1-W\3.jpg","INFO","1001x1001","246,6"
"ORPA0010","1","PA0010.jpg","E:\HD PICTURE\GCB39\PA0010.jpg","PLAIN","800x800","255"
"ORPA0010","2","PA0010-4.jpg","E:\HD PICTURE\GCB39\PA0010-4.jpg","PLAIN","800x800","174,7"
"ORPA0010","3","PA0010-2.jpg","E:\HD PICTURE\GCB39\PA0010-2.jpg","PLAIN","800x800","164,1"
"ORPA0035","1","PA0035.jpg","E:\HD PICTURE\GCB41\PA0035.jpg","PLAIN","800x800","255"
"ORPA0035","2","PA0035-5.JPG","E:\HD PICTURE\GCB41\PA0035-5.JPG","PLAIN","800x800","182,4"
"ORPA0035","3","PA0035-2.JPG","E:\HD PICTURE\GCB41\PA0035-2.JPG","PLAIN","800x800","181,8"
"ORPA0094","1","PA0094-2.jpg","E:\HD PICTURE\GCB42\PA0094-2.jpg","PLAIN","800x800","167,5"
"ORPA0094","2","PA0094-3.jpg","E:\HD PICTURE\GCB42\PA0094-3.jpg","PLAIN","800x800","165,2"
"ORPA0097","1","PA0097-2 ??.jpg","E:\HD PICTURE\GCB43\PA0097-2 ??.jpg","PLAIN","800x800","255"
"ORPA0097","2","PA0097-2.jpg","E:\HD PICTURE\GCB43\PA0097-2.jpg","PLAIN","800x800","170,3"
"ORPA0097","3","PA0097-3.jpg","E:\HD PICTURE\GCB43\PA0097-3.jpg","PLAIN","800x800","160,8"
"ORPA0107","1","PA0107.jpg","E:\HD PICTURE\GCB49\PA0107.jpg","PLAIN","800x800","255"
"ORPA0107","2","PA0107-3.jpg","E:\HD PICTURE\GCB49\PA0107-3.jpg","PLAIN","800x800","185,9"
"ORPA0107","3","PA0107-2.jpg","E:\HD PICTURE\GCB49\PA0107-2.jpg","PLAIN","800x800","181,6"
"ORPA0123","1","PA0123-3.JPG","E:\HD PICTURE\GCB44\PA0123-3.JPG","PLAIN","800x800","194,9"
"ORPA0123","2","PA0123-2.JPG","E:\HD PICTURE\GCB44\PA0123-2.JPG","PLAIN","800x800","181,6"
"ORPA0132","1","PA0132.jpg","E:\HD PICTURE\GCB45\PA0132.jpg","PLAIN","800x800","255"
"ORPA0132","2","PA0132-3.JPG","E:\HD PICTURE\GCB45\PA0132-3.JPG","PLAIN","800x800","224,7"
"ORPA0132","3","PA0132-2.JPG","E:\HD PICTURE\GCB45\PA0132-2.JPG","PLAIN","800x800","195"
"ORPA0142","1","PA0142.jpg","E:\HD PICTURE\GCB46\PA0142.jpg","PLAIN","800x800","255"
"ORPA0142","2","PA0142-3.JPG","E:\HD PICTURE\GCB46\PA0142-3.JPG","PLAIN","800x800","189,1"
"ORPA0142","3","PA0142-2.JPG","E:\HD PICTURE\GCB46\PA0142-2.JPG","PLAIN","800x800","164,8"
"ORPA0147","1","PA0147.jpg","E:\HD PICTURE\GCB47\PA0147.jpg","PLAIN","800x800","255"
"ORPA0147","2","PA0147-3.JPG","E:\HD PICTURE\GCB47\PA0147-3.JPG","PLAIN","800x800","189,1"
"ORPA0147","3","PA0147-2.JPG","E:\HD PICTURE\GCB47\PA0147-2.JPG","PLAIN","800x800","176,6"
"ORPA0149","1","PA0149.jpg","E:\HD PICTURE\GCB48\PA0149.jpg","PLAIN","800x800","255"
"ORPA0149","2","PA0149-3.JPG","E:\HD PICTURE\GCB48\PA0149-3.JPG","PLAIN","800x800","175,4"
"ORPA0149","3","PA0149-2.JPG","E:\HD PICTURE\GCB48\PA0149-2.JPG","PLAIN","800x800","169,1"
"ORPA034","1","PA0034.jpg","E:\HD PICTURE\GCB40\PA0034.jpg","PLAIN","800x800","255"
"ORPA034","2","PA0034-2.JPG","E:\HD PICTURE\GCB40\PA0034-2.JPG","PLAIN","800x800","175,1"
"ORPA034","3","PA0034-4.JPG","E:\HD PICTURE\GCB40\PA0034-4.JPG","PLAIN","800x800","168,9"
