"sku","position","target","class","source"
"ORCB214","1","ORCB214-a.jpg","PLAIN","E:\HD PICTURE\ORCB214\CB214-MAIN-IMG_0079-(1)-S.jpg"
"ORCB214","2","ORCB214-b.jpg","PLAIN","E:\HD PICTURE\ORCB214\333.jpg"
"ORCB214","3","ORCB214-c.jpg","PLAIN","E:\HD PICTURE\ORCB214\CB214-MAIN-IMG_0079-(2)-S.jpg"
"ORCB214","4","ORCB214-d.jpg","PLAIN","E:\HD PICTURE\ORCB214\CB214-MAIN-IMG_0079-(3)-S.jpg"
"ORCBB01-17","1","ORCBB01-17-a.jpg","PLAIN","E:\HD PICTURE\Orloff customized design\CBB01\IMG_0815.jpg"
"ORCBB01-17","2","ORCBB01-17-b.jpg","PLAIN","E:\HD PICTURE\Orloff customized design\CBB01\IMG_0822.jpg"
"ORCBB01-17","3","ORCBB01-17-c.jpg","PLAIN","E:\HD PICTURE\Orloff customized design\CBB01\IMG_0837.jpg"
"ORCBB01-17","4","ORCBB01-17-d.jpg","PLAIN","E:\HD PICTURE\Orloff customized design\CBB01\122.jpg"
"ORCBB01-19","1","ORCBB01-19-a.jpg","PLAIN","E:\HD PICTURE\Orloff customized design\CBB01\IMG_0815.jpg"
"ORCBB01-19","2","ORCBB01-19-b.jpg","PLAIN","E:\HD PICTURE\Orloff customized design\CBB01\IMG_0822.jpg"
"ORCBB01-19","3","ORCBB01-19-c.jpg","PLAIN","E:\HD PICTURE\Orloff customized design\CBB01\IMG_0837.jpg"
"ORCBB01-19","4","ORCBB01-19-d.jpg","PLAIN","E:\HD PICTURE\Orloff customized design\CBB01\122.jpg"
"ORCBB01-21","1","ORCBB01-21-a.jpg","PLAIN","E:\HD PICTURE\Orloff customized design\CBB01\IMG_0815.jpg"
"ORCBB01-21","2","ORCBB01-21-b.jpg","PLAIN","E:\HD PICTURE\Orloff customized design\CBB01\IMG_0822.jpg"
"ORCBB01-21","3","ORCBB01-21-c.jpg","PLAIN","E:\HD PICTURE\Orloff customized design\CBB01\IMG_0837.jpg"
"ORCBB01-21","4","ORCBB01-21-d.jpg","PLAIN","E:\HD PICTURE\Orloff customized design\CBB01\122.jpg"
"ORGCB05-P-18","1","ORGCB05-P-18-a.jpg","PLAIN","E:\HD PICTURE\Orloff customized design\GCB05\GCB05.jpg"
"ORGCB05-P-18","2","ORGCB05-P-18-b.jpg","PLAIN","E:\HD PICTURE\Orloff customized design\GCB05\IMG_9370.jpg"
"ORGCB05-P-18","3","ORGCB05-P-18-c.jpg","PLAIN","E:\HD PICTURE\Orloff customized design\GCB05\IMG_0188.jpg"
"ORGCB05-P-18","4","ORGCB05-P-18-d.jpg","PLAIN","E:\HD PICTURE\Orloff customized design\GCB05\1.jpg"
"ORGCB06-P","1","ORGCB06-P-a.jpg","PLAIN","E:\HD PICTURE\Orloff customized design\GCB06\IMG_0095.jpg"
"ORGCB06-P","2","ORGCB06-P-b.jpg","PLAIN","E:\HD PICTURE\Orloff customized design\GCB06\IMG_0135.jpg"
"ORGCB06-P","3","ORGCB06-P-c.jpg","PLAIN","E:\HD PICTURE\Orloff customized design\GCB06\IMG_0324.jpg"
"ORGCB06-P","4","ORGCB06-P-d.jpg","PLAIN","E:\HD PICTURE\Orloff customized design\GCB06\2.jpg"
"ORGCB07-18K","1","ORGCB07-18K-a.jpg","PLAIN","E:\HD PICTURE\Orloff customized design\GCB07-18K\IMG_9307.jpg"
"ORGCB07-18K","2","ORGCB07-18K-b.jpg","PLAIN","E:\HD PICTURE\Orloff customized design\GCB07-18K\IMG_3062.jpg"
"ORGCB07-18K","3","ORGCB07-18K-c.jpg","MODEL","E:\HD PICTURE\Orloff customized design\GCB07-18K\IMG_2287.jpg"
"ORGCB07-18K","4","ORGCB07-18K-d.jpg","MODEL","E:\HD PICTURE\Orloff customized design\GCB07-18K\IMG_2049.jpg"
"ORGCB07-P","1","ORGCB07-P-a.jpg","PLAIN","E:\HD PICTURE\Orloff customized design\GCB07-P\GCB07-P.jpg"
"ORGCB07-P","2","ORGCB07-P-b.jpg","PLAIN","E:\HD PICTURE\Orloff customized design\GCB07-P\IMG_9307.jpg"
"ORGCB07-P","3","ORGCB07-P-c.jpg","PLAIN","E:\HD PICTURE\Orloff customized design\GCB07-P\IMG_0174.jpg"
"ORGCB07-P","4","ORGCB07-P-d.jpg","PLAIN","E:\HD PICTURE\Orloff customized design\GCB07-P\IMG_0330.jpg"
"ORGCB08-18K","1","ORGCB08-18K-a.jpg","PLAIN","E:\HD PICTURE\Orloff customized design\GCB08-18K\IMG_9384.jpg"
"ORGCB08-18K","2","ORGCB08-18K-b.jpg","PLAIN","E:\HD PICTURE\Orloff customized design\GCB08-18K\IMG_3065.jpg"
"ORGCB08-18K","3","ORGCB08-18K-c.jpg","PLAIN","E:\HD PICTURE\Orloff customized design\GCB08-18K\3.jpg"
"ORGCB08-18K","4","ORGCB08-18K-d.jpg","PLAIN","E:\HD PICTURE\Orloff customized design\GCB08-18K\1.jpg"
"ORGCB08-P","1","ORGCB08-P-a.jpg","PLAIN","E:\HD PICTURE\Orloff customized design\GCB08-P\GCB08-P.jpg"
"ORGCB08-P","2","ORGCB08-P-b.jpg","PLAIN","E:\HD PICTURE\Orloff customized design\GCB08-P\IMG_9384.jpg"
"ORGCB08-P","3","ORGCB08-P-c.jpg","PLAIN","E:\HD PICTURE\Orloff customized design\GCB08-P\IMG_0179.jpg"
"ORGCB08-P","4","ORGCB08-P-d.jpg","PLAIN","E:\HD PICTURE\Orloff customized design\GCB08-P\3.jpg"
"ORGCB09-P","1","ORGCB09-P-a.jpg","PLAIN","E:\HD PICTURE\Orloff customized design\GCB09\GCB09.jpg"
"ORGCB09-P","2","ORGCB09-P-b.jpg","PLAIN","E:\HD PICTURE\Orloff customized design\GCB09\IMG_9366.jpg"
"ORGCB09-P","3","ORGCB09-P-c.jpg","PLAIN","E:\HD PICTURE\Orloff customized design\GCB09\IMG_0166.jpg"
"ORGCB09-P","4","ORGCB09-P-d.jpg","PLAIN","E:\HD PICTURE\Orloff customized design\GCB09\IMG_0313.jpg"
"ORGCB10-P","1","ORGCB10-P-a.jpg","PLAIN","E:\HD PICTURE\Orloff customized design\GCB10\GCB10.jpg"
"ORGCB10-P","2","ORGCB10-P-b.jpg","PLAIN","E:\HD PICTURE\Orloff customized design\GCB10\IMG_0159.jpg"
"ORGCB10-P","3","ORGCB10-P-c.jpg","PLAIN","E:\HD PICTURE\Orloff customized design\GCB10\IMG_0161.jpg"
"ORGCB10-P","4","ORGCB10-P-d.jpg","PLAIN","E:\HD PICTURE\Orloff customized design\GCB10\IMG_0315.jpg"
"ORGCB109","1","ORGCB109-a.jpg","PLAIN","E:\HD PICTURE\GCB109\GCB109.jpg"
"ORGCB109","2","ORGCB109-b.jpg","PLAIN","E:\HD PICTURE\GCB109\IMG_9210 (2).jpg"
"ORGCB109","3","ORGCB109-c.jpg","PLAIN","E:\HD PICTURE\GCB109\GCB109-2.jpg"
"ORGCB109","4","ORGCB109-d.jpg","PLAIN","E:\HD PICTURE\GCB109\2.jpg"
"ORGCB11-18K","1","ORGCB11-18K-a.jpg","PLAIN","E:\HD PICTURE\Orloff customized design\GCB11\GCB11.jpg"
"ORGCB11-18K","2","ORGCB11-18K-b.jpg","PLAIN","E:\HD PICTURE\Orloff customized design\GCB11\IMG_9377.jpg"
"ORGCB11-18K","3","ORGCB11-18K-c.jpg","PLAIN","E:\HD PICTURE\Orloff customized design\GCB11\IMG_0138.jpg"
"ORGCB11-18K","4","ORGCB11-18K-d.jpg","MODEL","E:\HD PICTURE\Orloff customized design\GCB11\IMG_0481.jpg"
"ORGCB110","1","ORGCB110-a.jpg","PLAIN","E:\HD PICTURE\GCB110\GCB110.jpg"
"ORGCB110","2","ORGCB110-b.jpg","PLAIN","E:\HD PICTURE\GCB110\IMG_9223 (2).jpg"
"ORGCB110","3","ORGCB110-c.jpg","PLAIN","E:\HD PICTURE\GCB110\GCB110-2.jpg"
"ORGCB110","4","ORGCB110-d.jpg","PLAIN","E:\HD PICTURE\GCB110\4.jpg"
"ORGCB12-18K","1","ORGCB12-18K-a.jpg","PLAIN","E:\HD PICTURE\Orloff customized design\GCB12\GCB12.jpg"
"ORGCB12-18K","2","ORGCB12-18K-b.jpg","PLAIN","E:\HD PICTURE\Orloff customized design\GCB12\IMG_9360.jpg"
"ORGCB12-18K","3","ORGCB12-18K-c.jpg","PLAIN","E:\HD PICTURE\Orloff customized design\GCB12\IMG_0163.jpg"
"ORGCB12-18K","4","ORGCB12-18K-d.jpg","MODEL","E:\HD PICTURE\Orloff customized design\GCB12\IMG_0300.jpg"
"ORGCB175","1","ORGCB175-a.jpg","PLAIN","E:\HD PICTURE\GCB175\GCB175.jpg"
"ORGCB175","2","ORGCB175-b.jpg","PLAIN","E:\HD PICTURE\GCB175\IMG_9230 (2).jpg"
"ORGCB175","3","ORGCB175-c.jpg","PLAIN","E:\HD PICTURE\GCB175\GCB175-2.jpg"
"ORGCB175","4","ORGCB175-d.jpg","PLAIN","E:\HD PICTURE\GCB175\6.jpg"
"ORGCB177","1","ORGCB177-a.jpg","PLAIN","E:\HD PICTURE\GCB177\GCB177.jpg"
"ORGCB177","2","ORGCB177-b.jpg","PLAIN","E:\HD PICTURE\GCB177\IMG_9228 (2).jpg"
"ORGCB177","3","ORGCB177-c.jpg","PLAIN","E:\HD PICTURE\GCB177\GCB177-2.jpg"
"ORGCB177","4","ORGCB177-d.jpg","PLAIN","E:\HD PICTURE\GCB177\5.jpg"
"ORGCB18","1","ORGCB18-a.jpg","PLAIN","E:\HD PICTURE\Orloff customized design\GCB18\GCB18.jpg"
"ORGCB18","2","ORGCB18-b.jpg","PLAIN","E:\HD PICTURE\Orloff customized design\GCB18\IMG_9284.jpg"
"ORGCB18","3","ORGCB18-c.jpg","PLAIN","E:\HD PICTURE\Orloff customized design\GCB18\IMG_0150.jpg"
"ORGCB18","4","ORGCB18-d.jpg","PLAIN","E:\HD PICTURE\Orloff customized design\GCB18\IMG_0327.jpg"
"ORGCB181","1","ORGCB181-a.jpg","PLAIN","E:\HD PICTURE\GCB181\IMG_9474.jpg"
"ORGCB181","2","ORGCB181-b.jpg","PLAIN","E:\HD PICTURE\GCB181\IMG_9474-S.jpg"
"ORGCB181","3","ORGCB181-c.jpg","PLAIN","E:\HD PICTURE\GCB181\IMG_9539.jpg"
"ORGCB181","4","ORGCB181-d.jpg","PLAIN","E:\HD PICTURE\GCB181\IMG_9539-S.jpg"
"ORGCB182-1","1","ORGCB182-1-a.jpg","PLAIN","E:\HD PICTURE\GCB182-1\IMG_9481.jpg"
"ORGCB182-1","2","ORGCB182-1-b.jpg","PLAIN","E:\HD PICTURE\GCB182-1\IMG_9512-S.jpg"
"ORGCB182-1","3","ORGCB182-1-c.jpg","PLAIN","E:\HD PICTURE\GCB182-1\IMG_9481-S.jpg"
"ORGCB182-1","4","ORGCB182-1-d.jpg","PLAIN","E:\HD PICTURE\GCB182-1\IMG_95431.jpg"
"ORGCB182-2","1","ORGCB182-2-a.jpg","PLAIN","E:\HD PICTURE\GCB182-2\IMG_9481.jpg"
"ORGCB182-2","2","ORGCB182-2-b.jpg","PLAIN","E:\HD PICTURE\GCB182-2\IMG_9509-S.jpg"
"ORGCB182-2","3","ORGCB182-2-c.jpg","PLAIN","E:\HD PICTURE\GCB182-2\IMG_9481-S.jpg"
"ORGCB182-2","4","ORGCB182-2-d.jpg","PLAIN","E:\HD PICTURE\GCB182-2\IMG_95436.jpg"
"ORGCB182-3","1","ORGCB182-3-a.jpg","PLAIN","E:\HD PICTURE\GCB182-3\IMG_9481.jpg"
"ORGCB182-3","2","ORGCB182-3-b.jpg","PLAIN","E:\HD PICTURE\GCB182-3\IMG_9503-S.jpg"
"ORGCB182-3","3","ORGCB182-3-c.jpg","PLAIN","E:\HD PICTURE\GCB182-3\IMG_9481-S.jpg"
"ORGCB182-3","4","ORGCB182-3-d.jpg","PLAIN","E:\HD PICTURE\GCB182-3\IMG_95432.jpg"
"ORGCB182-5","1","ORGCB182-5-a.jpg","PLAIN","E:\HD PICTURE\GCB182-5\IMG_9481.jpg"
"ORGCB182-5","2","ORGCB182-5-b.jpg","PLAIN","E:\HD PICTURE\GCB182-5\IMG_9504-S.jpg"
"ORGCB182-5","3","ORGCB182-5-c.jpg","PLAIN","E:\HD PICTURE\GCB182-5\IMG_9481-S.jpg"
"ORGCB182-5","4","ORGCB182-5-d.jpg","PLAIN","E:\HD PICTURE\GCB182-5\IMG_95433.jpg"
"ORGCB182-6","1","ORGCB182-6-a.jpg","PLAIN","E:\HD PICTURE\GCB182-6\IMG_9481.jpg"
"ORGCB182-6","2","ORGCB182-6-b.jpg","PLAIN","E:\HD PICTURE\GCB182-6\IMG_9507-S.jpg"
"ORGCB182-6","3","ORGCB182-6-c.jpg","PLAIN","E:\HD PICTURE\GCB182-6\IMG_9481-S.jpg"
"ORGCB182-6","4","ORGCB182-6-d.jpg","PLAIN","E:\HD PICTURE\GCB182-6\IMG_95435.jpg"
"ORGCB182-7","1","ORGCB182-7-a.jpg","PLAIN","E:\HD PICTURE\GCB182-7\IMG_9481.jpg"
"ORGCB182-7","2","ORGCB182-7-b.jpg","PLAIN","E:\HD PICTURE\GCB182-7\IMG_9505-S.jpg"
"ORGCB182-7","3","ORGCB182-7-c.jpg","PLAIN","E:\HD PICTURE\GCB182-7\IMG_9481-S.jpg"
"ORGCB182-7","4","ORGCB182-7-d.jpg","PLAIN","E:\HD PICTURE\GCB182-7\IMG_95434.jpg"
"ORGCB182-8","1","ORGCB182-8-a.jpg","PLAIN","E:\HD PICTURE\GCB182-8\IMG_9481.jpg"
"ORGCB182-8","2","ORGCB182-8-b.jpg","PLAIN","E:\HD PICTURE\GCB182-8\IMG_9511-S.jpg"
"ORGCB182-8","3","ORGCB182-8-c.jpg","PLAIN","E:\HD PICTURE\GCB182-8\IMG_9481-S.jpg"
"ORGCB182-8","4","ORGCB182-8-d.jpg","PLAIN","E:\HD PICTURE\GCB182-8\IMG_95437.jpg"
"ORGCB184-1","1","ORGCB184-1-a.jpg","PLAIN","E:\HD PICTURE\GCB184-1\IMG_9489.jpg"
"ORGCB184-1","2","ORGCB184-1-b.jpg","PLAIN","E:\HD PICTURE\GCB184-1\IMG_9494-S.jpg"
"ORGCB184-1","3","ORGCB184-1-c.jpg","PLAIN","E:\HD PICTURE\GCB184-1\IMG_9489-S.jpg"
"ORGCB184-1","4","ORGCB184-1-d.jpg","PLAIN","E:\HD PICTURE\GCB184-1\IMG_95413.jpg"
"ORGCB184-2","1","ORGCB184-2-a.jpg","PLAIN","E:\HD PICTURE\GCB184-2\IMG_9489.jpg"
"ORGCB184-2","2","ORGCB184-2-b.jpg","PLAIN","E:\HD PICTURE\GCB184-2\IMG_9492-S.jpg"
"ORGCB184-2","3","ORGCB184-2-c.jpg","PLAIN","E:\HD PICTURE\GCB184-2\IMG_9489-S.jpg"
"ORGCB184-2","4","ORGCB184-2-d.jpg","PLAIN","E:\HD PICTURE\GCB184-2\IMG_95412.jpg"
"ORGCB184-3","1","ORGCB184-3-a.jpg","PLAIN","E:\HD PICTURE\GCB184-3\IMG_9489.jpg"
"ORGCB184-3","2","ORGCB184-3-b.jpg","PLAIN","E:\HD PICTURE\GCB184-3\IMG_9497-S.jpg"
"ORGCB184-3","3","ORGCB184-3-c.jpg","PLAIN","E:\HD PICTURE\GCB184-3\IMG_9489-S.jpg"
"ORGCB184-3","4","ORGCB184-3-d.jpg","PLAIN","E:\HD PICTURE\GCB184-3\IMG_95415.jpg"
"ORGCB184-4","1","ORGCB184-4-a.jpg","PLAIN","E:\HD PICTURE\GCB184-4\IMG_9489.jpg"
"ORGCB184-4","2","ORGCB184-4-b.jpg","PLAIN","E:\HD PICTURE\GCB184-4\IMG_9496-S.jpg"
"ORGCB184-4","3","ORGCB184-4-c.jpg","PLAIN","E:\HD PICTURE\GCB184-4\IMG_9489-S.jpg"
"ORGCB184-4","4","ORGCB184-4-d.jpg","PLAIN","E:\HD PICTURE\GCB184-4\IMG_95414.jpg"
"ORGCB184-5","1","ORGCB184-5-a.jpg","PLAIN","E:\HD PICTURE\GCB184-5\IMG_9489.jpg"
"ORGCB184-5","2","ORGCB184-5-b.jpg","PLAIN","E:\HD PICTURE\GCB184-5\IMG_9500-S.jpg"
"ORGCB184-5","3","ORGCB184-5-c.jpg","PLAIN","E:\HD PICTURE\GCB184-5\IMG_9489-S.jpg"
"ORGCB184-5","4","ORGCB184-5-d.jpg","PLAIN","E:\HD PICTURE\GCB184-5\IMG_95416.jpg"
"ORGCB184-6","1","ORGCB184-6-a.jpg","PLAIN","E:\HD PICTURE\GCB184-6\IMG_9489.jpg"
"ORGCB184-6","2","ORGCB184-6-b.jpg","PLAIN","E:\HD PICTURE\GCB184-6\IMG_9502-S.jpg"
"ORGCB184-6","3","ORGCB184-6-c.jpg","PLAIN","E:\HD PICTURE\GCB184-6\IMG_9489-S.jpg"
"ORGCB184-6","4","ORGCB184-6-d.jpg","PLAIN","E:\HD PICTURE\GCB184-6\IMG_95417.jpg"
"ORGCB184-7","1","ORGCB184-7-a.jpg","PLAIN","E:\HD PICTURE\GCB184-7\IMG_9489.jpg"
"ORGCB184-7","2","ORGCB184-7-b.jpg","PLAIN","E:\HD PICTURE\GCB184-7\IMG_9493-S.jpg"
"ORGCB184-7","3","ORGCB184-7-c.jpg","PLAIN","E:\HD PICTURE\GCB184-7\IMG_9489-S.jpg"
"ORGCB184-7","4","ORGCB184-7-d.jpg","PLAIN","E:\HD PICTURE\GCB184-7\IMG_95411.jpg"
"ORGCB185-14K","1","ORGCB185-14K-a.jpg","PLAIN","E:\HD PICTURE\GCB185-14K\IMG_9441.jpg"
"ORGCB185-14K","2","ORGCB185-14K-b.jpg","PLAIN","E:\HD PICTURE\GCB185-14K\IMG_9444-S.jpg"
"ORGCB185-14K","3","ORGCB185-14K-c.jpg","PLAIN","E:\HD PICTURE\GCB185-14K\IMG_9441-S.jpg"
"ORGCB185-14K","4","ORGCB185-14K-d.jpg","PLAIN","E:\HD PICTURE\GCB185-14K\IMG_9537.jpg"
"ORGCB186-1","1","ORGCB186-1-a.jpg","PLAIN","E:\HD PICTURE\GCB186-1\IMG_9468.jpg"
"ORGCB186-1","2","ORGCB186-1-b.jpg","PLAIN","E:\HD PICTURE\GCB186-1\IMG_9471-S.jpg"
"ORGCB186-1","3","ORGCB186-1-c.jpg","PLAIN","E:\HD PICTURE\GCB186-1\IMG_9468-S.jpg"
"ORGCB186-1","4","ORGCB186-1-d.jpg","PLAIN","E:\HD PICTURE\GCB186-1\IMG_9525.jpg"
"ORGCB186-2","1","ORGCB186-2-a.jpg","PLAIN","E:\HD PICTURE\GCB186-2\IMG_9468.jpg"
"ORGCB186-2","2","ORGCB186-2-b.jpg","PLAIN","E:\HD PICTURE\GCB186-2\IMG_9469-S.jpg"
"ORGCB186-2","3","ORGCB186-2-c.jpg","PLAIN","E:\HD PICTURE\GCB186-2\IMG_9468-S.jpg"
"ORGCB186-2","4","ORGCB186-2-d.jpg","PLAIN","E:\HD PICTURE\GCB186-2\IMG_9524.jpg"
"ORGCB187-14K-1","1","ORGCB187-14K-1-a.jpg","PLAIN","E:\HD PICTURE\GCB187-14K-1\IMG_9450.jpg"
"ORGCB187-14K-1","2","ORGCB187-14K-1-b.jpg","PLAIN","E:\HD PICTURE\GCB187-14K-1\IMG_9454-S.jpg"
"ORGCB187-14K-1","3","ORGCB187-14K-1-c.jpg","PLAIN","E:\HD PICTURE\GCB187-14K-1\IMG_9450-S.jpg"
"ORGCB187-14K-1","4","ORGCB187-14K-1-d.jpg","PLAIN","E:\HD PICTURE\GCB187-14K-1\IMG_9532.jpg"
"ORGCB187-14K-2","1","ORGCB187-14K-2-a.jpg","PLAIN","E:\HD PICTURE\GCB187-14K-2\IMG_9459.jpg"
"ORGCB187-14K-2","2","ORGCB187-14K-2-b.jpg","PLAIN","E:\HD PICTURE\GCB187-14K-2\IMG_9450.jpg"
"ORGCB187-14K-2","3","ORGCB187-14K-2-c.jpg","PLAIN","E:\HD PICTURE\GCB187-14K-2\IMG_9459-S.jpg"
"ORGCB187-14K-2","4","ORGCB187-14K-2-d.jpg","PLAIN","E:\HD PICTURE\GCB187-14K-2\IMG_9450-S.jpg"
"ORGCB19-18K","1","ORGCB19-18K-a.jpg","PLAIN","E:\HD PICTURE\Orloff customized design\GCB19-18K\GCB19-18K.jpg"
"ORGCB19-18K","2","ORGCB19-18K-b.jpg","PLAIN","E:\HD PICTURE\Orloff customized design\GCB19-18K\IMG_9316.jpg"
"ORGCB19-18K","3","ORGCB19-18K-c.jpg","PLAIN","E:\HD PICTURE\Orloff customized design\GCB19-18K\IMG_0206.jpg"
"ORGCB19-18K","4","ORGCB19-18K-d.jpg","PLAIN","E:\HD PICTURE\Orloff customized design\GCB19-18K\1.jpg"
"ORGCB19-P","1","ORGCB19-P-a.jpg","PLAIN","E:\HD PICTURE\Orloff customized design\GCB19-P\IMG_9316.jpg"
"ORGCB19-P","2","ORGCB19-P-b.jpg","PLAIN","E:\HD PICTURE\Orloff customized design\GCB19-P\IMG_1925.jpg"
"ORGCB19-P","3","ORGCB19-P-c.jpg","PLAIN","E:\HD PICTURE\Orloff customized design\GCB19-P\1.jpg"
"ORGCB19-P","4","ORGCB19-P-d.jpg","MODEL","E:\HD PICTURE\Orloff customized design\GCB19-P\IMG_2143.jpg"
"ORGCB20-18K","1","ORGCB20-18K-a.jpg","PLAIN","E:\HD PICTURE\Orloff customized design\GCB20-18K\GCB20-18K.jpg"
"ORGCB20-18K","2","ORGCB20-18K-b.jpg","PLAIN","E:\HD PICTURE\Orloff customized design\GCB20-18K\IMG_9335.jpg"
"ORGCB20-18K","3","ORGCB20-18K-c.jpg","PLAIN","E:\HD PICTURE\Orloff customized design\GCB20-18K\IMG_0148.jpg"
"ORGCB20-18K","4","ORGCB20-18K-d.jpg","PLAIN","E:\HD PICTURE\Orloff customized design\GCB20-18K\1.jpg"
"ORGCB20-P","1","ORGCB20-P-a.jpg","PLAIN","E:\HD PICTURE\Orloff customized design\GCB20-P\IMG_9335.jpg"
"ORGCB20-P","2","ORGCB20-P-b.jpg","PLAIN","E:\HD PICTURE\Orloff customized design\GCB20-P\IMG_1930.jpg"
"ORGCB20-P","3","ORGCB20-P-c.jpg","PLAIN","E:\HD PICTURE\Orloff customized design\GCB20-P\1.jpg"
"ORGCB20-P","4","ORGCB20-P-d.jpg","MODEL","E:\HD PICTURE\Orloff customized design\GCB20-P\IMG_2172.jpg"
"ORGCB21-18K","1","ORGCB21-18K-a.jpg","PLAIN","E:\HD PICTURE\Orloff customized design\GCB21-18K\GCB21-18K.jpg"
"ORGCB21-18K","2","ORGCB21-18K-b.jpg","PLAIN","E:\HD PICTURE\Orloff customized design\GCB21-18K\IMG_0594.jpg"
"ORGCB21-18K","3","ORGCB21-18K-c.jpg","PLAIN","E:\HD PICTURE\Orloff customized design\GCB21-18K\IMG_0197.jpg"
"ORGCB21-18K","4","ORGCB21-18K-d.jpg","PLAIN","E:\HD PICTURE\Orloff customized design\GCB21-18K\1.jpg"
"ORGCB21-P","1","ORGCB21-P-a.jpg","PLAIN","E:\HD PICTURE\Orloff customized design\GCB21-P\IMG_0594.jpg"
"ORGCB21-P","2","ORGCB21-P-b.jpg","PLAIN","E:\HD PICTURE\Orloff customized design\GCB21-P\IMG_1923.jpg"
"ORGCB21-P","3","ORGCB21-P-c.jpg","PLAIN","E:\HD PICTURE\Orloff customized design\GCB21-P\1.jpg"
"ORGCB21-P","4","ORGCB21-P-d.jpg","MODEL","E:\HD PICTURE\Orloff customized design\GCB21-P\IMG_2125.jpg"
"ORGCB22-18K","1","ORGCB22-18K-a.jpg","PLAIN","E:\HD PICTURE\Orloff customized design\GCB22-18K\GCB22-18K.jpg"
"ORGCB22-18K","2","ORGCB22-18K-b.jpg","PLAIN","E:\HD PICTURE\Orloff customized design\GCB22-18K\IMG_0060.jpg"
"ORGCB22-18K","3","ORGCB22-18K-c.jpg","PLAIN","E:\HD PICTURE\Orloff customized design\GCB22-18K\IMG_0153.jpg"
"ORGCB22-18K","4","ORGCB22-18K-d.jpg","PLAIN","E:\HD PICTURE\Orloff customized design\GCB22-18K\1.jpg"
"ORGCB22-P","1","ORGCB22-P-a.jpg","PLAIN","E:\HD PICTURE\Orloff customized design\GCB22-P\IMG_0060.jpg"
"ORGCB22-P","2","ORGCB22-P-b.jpg","PLAIN","E:\HD PICTURE\GCB22-P\IMG_0060.jpg"
"ORGCB22-P","3","ORGCB22-P-c.jpg","PLAIN","E:\HD PICTURE\Orloff customized design\GCB22-P\IMG_3409.jpg"
"ORGCB22-P","4","ORGCB22-P-d.jpg","PLAIN","E:\HD PICTURE\GCB22-P\IMG_3409.jpg"
"ORGCB23-18K","1","ORGCB23-18K-a.jpg","PLAIN","E:\HD PICTURE\Orloff customized design\GCB23-18K\GCB23-18K.jpg"
"ORGCB23-18K","2","ORGCB23-18K-b.jpg","PLAIN","E:\HD PICTURE\Orloff customized design\GCB23-18K\IMG_9324.jpg"
"ORGCB23-18K","3","ORGCB23-18K-c.jpg","PLAIN","E:\HD PICTURE\Orloff customized design\GCB23-18K\IMG_0144.jpg"
"ORGCB23-18K","4","ORGCB23-18K-d.jpg","PLAIN","E:\HD PICTURE\Orloff customized design\GCB23-18K\2.jpg"
"ORGCB23-P","1","ORGCB23-P-a.jpg","PLAIN","E:\HD PICTURE\Orloff customized design\GCB23-P\IMG_9324.jpg"
"ORGCB23-P","2","ORGCB23-P-b.jpg","PLAIN","E:\HD PICTURE\Orloff customized design\GCB23-P\1.jpg"
"ORGCB23-P","3","ORGCB23-P-c.jpg","PLAIN","E:\HD PICTURE\Orloff customized design\GCB23-P\2.jpg"
"ORGCB23-P","4","ORGCB23-P-d.jpg","MODEL","E:\HD PICTURE\Orloff customized design\GCB23-P\IMG_1936.jpg"
"ORGCB24-18K","1","ORGCB24-18K-a.jpg","PLAIN","E:\HD PICTURE\Orloff customized design\GCB24-18K\GCB24-18K.jpg"
"ORGCB24-18K","2","ORGCB24-18K-b.jpg","PLAIN","E:\HD PICTURE\Orloff customized design\GCB24-18K\IMG_0760.jpg"
"ORGCB24-18K","3","ORGCB24-18K-c.jpg","PLAIN","E:\HD PICTURE\Orloff customized design\GCB24-18K\IMG_0195.jpg"
"ORGCB24-18K","4","ORGCB24-18K-d.jpg","PLAIN","E:\HD PICTURE\Orloff customized design\GCB24-18K\2.jpg"
"ORGCB24-P","1","ORGCB24-P-a.jpg","PLAIN","E:\HD PICTURE\Orloff customized design\GCB24-P\IMG_0760.jpg"
"ORGCB24-P","2","ORGCB24-P-b.jpg","PLAIN","E:\HD PICTURE\Orloff customized design\GCB24-P\IMG_1934.jpg"
"ORGCB24-P","3","ORGCB24-P-c.jpg","PLAIN","E:\HD PICTURE\Orloff customized design\GCB24-P\2.jpg"
"ORGCB24-P","4","ORGCB24-P-d.jpg","PLAIN","E:\HD PICTURE\Orloff customized design\GCB24-P\1.jpg"
"ORGCB25","1","ORGCB25-a.jpg","PLAIN","E:\HD PICTURE\Orloff customized design\GCB25\GCB25.jpg"
"ORGCB25","2","ORGCB25-b.jpg","PLAIN","E:\HD PICTURE\Orloff customized design\GCB25\IMG_0740.jpg"
"ORGCB25","3","ORGCB25-c.jpg","PLAIN","E:\HD PICTURE\Orloff customized design\GCB25\IMG_0305.jpg"
"ORGCB25","4","ORGCB25-d.jpg","PLAIN","E:\HD PICTURE\Orloff customized design\GCB25\IMG_0181.jpg"
"ORGCB26-18K","1","ORGCB26-18K-a.jpg","PLAIN","E:\HD PICTURE\Orloff customized design\GCB26-18K\GCB26.jpg"
"ORGCB26-18K","2","ORGCB26-18K-b.jpg","PLAIN","E:\HD PICTURE\Orloff customized design\GCB26-18K\IMG_0620.jpg"
"ORGCB26-18K","3","ORGCB26-18K-c.jpg","PLAIN","E:\HD PICTURE\Orloff customized design\GCB26-18K\IMG_0191.jpg"
"ORGCB26-18K","4","ORGCB26-18K-d.jpg","PLAIN","E:\HD PICTURE\Orloff customized design\GCB26-18K\2.jpg"
"ORGCB26-P","1","ORGCB26-P-a.jpg","PLAIN","E:\HD PICTURE\Orloff customized design\GCB26-P\IMG_0620.jpg"
"ORGCB26-P","2","ORGCB26-P-b.jpg","PLAIN","E:\HD PICTURE\Orloff customized design\GCB26-P\IMG_1927.jpg"
"ORGCB26-P","3","ORGCB26-P-c.jpg","PLAIN","E:\HD PICTURE\Orloff customized design\GCB26-P\2.jpg"
"ORGCB26-P","4","ORGCB26-P-d.jpg","PLAIN","E:\HD PICTURE\Orloff customized design\GCB26-P\1.jpg"
"ORGCB27","1","ORGCB27-a.jpg","PLAIN","E:\HD PICTURE\Orloff customized design\GCB27\GCB27.jpg"
"ORGCB27","2","ORGCB27-b.jpg","PLAIN","E:\HD PICTURE\Orloff customized design\GCB27\IMG_9302.jpg"
"ORGCB27","3","ORGCB27-c.jpg","PLAIN","E:\HD PICTURE\Orloff customized design\GCB27\IMG_0142.jpg"
"ORGCB27","4","ORGCB27-d.jpg","PLAIN","E:\HD PICTURE\Orloff customized design\GCB27\IMG_0333.jpg"
"ORGCB28-18K","1","ORGCB28-18K-a.jpg","PLAIN","E:\HD PICTURE\Orloff customized design\GCB28-18K\GCB28-18K.jpg"
"ORGCB28-18K","2","ORGCB28-18K-b.jpg","PLAIN","E:\HD PICTURE\Orloff customized design\GCB28-18K\IMG_0598.jpg"
"ORGCB28-18K","3","ORGCB28-18K-c.jpg","PLAIN","E:\HD PICTURE\Orloff customized design\GCB28-18K\IMG_0184.jpg"
"ORGCB28-18K","4","ORGCB28-18K-d.jpg","PLAIN","E:\HD PICTURE\Orloff customized design\GCB28-18K\IMG_0281.jpg"
"ORGCB28-P","1","ORGCB28-P-a.jpg","PLAIN","E:\HD PICTURE\Orloff customized design\GCB28-P\IMG_0598.jpg"
"ORGCB28-P","2","ORGCB28-P-b.jpg","PLAIN","E:\HD PICTURE\Orloff customized design\GCB28-P\IMG_1941.jpg"
"ORGCB28-P","3","ORGCB28-P-c.jpg","PLAIN","E:\HD PICTURE\Orloff customized design\GCB28-P\1.jpg"
"ORGCB28-P","4","ORGCB28-P-d.jpg","MODEL","E:\HD PICTURE\Orloff customized design\GCB28-P\IMG_2152.jpg"
"ORGCB29-18K","1","ORGCB29-18K-a.jpg","PLAIN","E:\HD PICTURE\Orloff customized design\GCB29-18K\GCB29-18K.jpg"
"ORGCB29-18K","2","ORGCB29-18K-b.jpg","PLAIN","E:\HD PICTURE\Orloff customized design\GCB29-18K\IMG_0608.jpg"
"ORGCB29-18K","3","ORGCB29-18K-c.jpg","PLAIN","E:\HD PICTURE\Orloff customized design\GCB29-18K\IMG_0170.jpg"
"ORGCB29-18K","4","ORGCB29-18K-d.jpg","PLAIN","E:\HD PICTURE\Orloff customized design\GCB29-18K\1.jpg"
"ORGCB29-P","1","ORGCB29-P-a.jpg","PLAIN","E:\HD PICTURE\Orloff customized design\GCB29-P\IMG_0608.jpg"
"ORGCB29-P","2","ORGCB29-P-b.jpg","PLAIN","E:\HD PICTURE\Orloff customized design\GCB29-P\IMG_1932.jpg"
"ORGCB29-P","3","ORGCB29-P-c.jpg","PLAIN","E:\HD PICTURE\Orloff customized design\GCB29-P\2.jpg"
"ORGCB29-P","4","ORGCB29-P-d.jpg","PLAIN","E:\HD PICTURE\Orloff customized design\GCB29-P\1.jpg"
"ORGCB30-18K","1","ORGCB30-18K-a.jpg","PLAIN","E:\HD PICTURE\Orloff customized design\GCB30-18K\GCB30-18K.jpg"
"ORGCB30-18K","2","ORGCB30-18K-b.jpg","PLAIN","E:\HD PICTURE\Orloff customized design\GCB30-18K\IMG_0615.jpg"
"ORGCB30-18K","3","ORGCB30-18K-c.jpg","PLAIN","E:\HD PICTURE\Orloff customized design\GCB30-18K\IMG_0746.jpg"
"ORGCB30-18K","4","ORGCB30-18K-d.jpg","PLAIN","E:\HD PICTURE\Orloff customized design\GCB30-18K\IMG_0752.jpg"
"ORGCB30-P","1","ORGCB30-P-a.jpg","PLAIN","E:\HD PICTURE\GCB30-P\IMG_0615.jpg"
"ORGCB30-P","2","ORGCB30-P-b.jpg","PLAIN","E:\HD PICTURE\Orloff customized design\GCB30-P\IMG_0615.jpg"
"ORGCB30-P","3","ORGCB30-P-c.jpg","PLAIN","E:\HD PICTURE\Orloff customized design\GCB30-P\IMG_3412.jpg"
"ORGCB30-P","4","ORGCB30-P-d.jpg","PLAIN","E:\HD PICTURE\GCB30-P\IMG_3412.jpg"
"ORGCB50P","1","ORGCB50P-a.jpg","PLAIN","E:\HD PICTURE\Orloff customized design\GCB50\GCB50.jpg"
"ORGCB50P","2","ORGCB50P-b.jpg","PLAIN","E:\HD PICTURE\Orloff customized design\GCB50\IMG_0716.jpg"
"ORGCB50P","3","ORGCB50P-c.jpg","PLAIN","E:\HD PICTURE\Orloff customized design\GCB50\IMG_0749.jpg"
"ORGCB50P","4","ORGCB50P-d.jpg","PLAIN","E:\HD PICTURE\Orloff customized design\GCB50\IMG_0755.jpg"
"ORGCB51-P","1","ORGCB51-P-a.jpg","PLAIN","E:\HD PICTURE\GCB51-P\IMG_1749.jpg"
"ORGCB51-P","2","ORGCB51-P-b.jpg","PLAIN","E:\HD PICTURE\GCB51-P\IMG_1917.jpg"
"ORGCB51-P","3","ORGCB51-P-c.jpg","PLAIN","E:\HD PICTURE\GCB51-P\IMG_2899.jpg"
"ORGCB51-P","4","ORGCB51-P-d.jpg","MODEL","E:\HD PICTURE\GCB51-P\IMG_2370.jpg"
"ORGCB51-WY","1","ORGCB51-WY-a.jpg","PLAIN","E:\HD PICTURE\GCB51-WY\IMG_1755.jpg"
"ORGCB51-WY","2","ORGCB51-WY-b.jpg","PLAIN","E:\HD PICTURE\GCB51-WY\IMG_1915.jpg"
"ORGCB51-WY","3","ORGCB51-WY-c.jpg","PLAIN","E:\HD PICTURE\GCB51-WY\IMG_2899.jpg"
"ORGCB51-WY","4","ORGCB51-WY-d.jpg","MODEL","E:\HD PICTURE\GCB51-WY\IMG_2245.jpg"
"ORGCB51-YL","1","ORGCB51-YL-a.jpg","PLAIN","E:\HD PICTURE\GCB51-YL\IMG_1743.jpg"
"ORGCB51-YL","2","ORGCB51-YL-b.jpg","PLAIN","E:\HD PICTURE\GCB51-YL\IMG_1919.jpg"
"ORGCB51-YL","3","ORGCB51-YL-c.jpg","PLAIN","E:\HD PICTURE\GCB51-YL\IMG_2899.jpg"
"ORGCB51-YL","4","ORGCB51-YL-d.jpg","MODEL","E:\HD PICTURE\GCB51-YL\IMG_2367.jpg"
"ORGCB51-YP","1","ORGCB51-YP-a.jpg","PLAIN","E:\HD PICTURE\GCB51-YP\IMG_1754.jpg"
"ORGCB51-YP","2","ORGCB51-YP-b.jpg","PLAIN","E:\HD PICTURE\GCB51-YP\IMG_1921.jpg"
"ORGCB51-YP","3","ORGCB51-YP-c.jpg","PLAIN","E:\HD PICTURE\GCB51-YP\IMG_2899.jpg"
"ORGCB51-YP","4","ORGCB51-YP-d.jpg","MODEL","E:\HD PICTURE\GCB51-YP\IMG_2359.jpg"
"ORGCB51-YR","1","ORGCB51-YR-a.jpg","PLAIN","E:\HD PICTURE\GCB51-YR\IMG_1746.jpg"
"ORGCB51-YR","2","ORGCB51-YR-b.jpg","PLAIN","E:\HD PICTURE\GCB51-YR\IMG_1913.jpg"
"ORGCB51-YR","3","ORGCB51-YR-c.jpg","PLAIN","E:\HD PICTURE\GCB51-YR\IMG_2899.jpg"
"ORGCB51-YR","4","ORGCB51-YR-d.jpg","MODEL","E:\HD PICTURE\GCB51-YR\IMG_2355.jpg"
"ORGCB52-L","1","ORGCB52-L-a.jpg","PLAIN","E:\HD PICTURE\GCB52-L\IMG_1772.jpg"
"ORGCB52-L","2","ORGCB52-L-b.jpg","PLAIN","E:\HD PICTURE\GCB52-L\IMG_1900.jpg"
"ORGCB52-L","3","ORGCB52-L-c.jpg","PLAIN","E:\HD PICTURE\GCB52-L\IMG_2050.jpg"
"ORGCB52-L","4","ORGCB52-L-d.jpg","PLAIN","E:\HD PICTURE\GCB52-L\001.jpg"
"ORGCB53-L","1","ORGCB53-L-a.jpg","PLAIN","E:\HD PICTURE\GCB53-L\IMG_1780.jpg"
"ORGCB53-L","2","ORGCB53-L-b.jpg","PLAIN","E:\HD PICTURE\GCB53-L\IMG_1911.jpg"
"ORGCB53-L","3","ORGCB53-L-c.jpg","PLAIN","E:\HD PICTURE\GCB53-L\IMG_2059.jpg"
"ORGCB53-L","4","ORGCB53-L-d.jpg","PLAIN","E:\HD PICTURE\GCB53-L\002.jpg"
"ORGCB54-L","1","ORGCB54-L-a.jpg","PLAIN","E:\HD PICTURE\GCB54-L\IMG_1776.jpg"
"ORGCB54-L","2","ORGCB54-L-b.jpg","PLAIN","E:\HD PICTURE\GCB54-L\IMG_1898.jpg"
"ORGCB54-L","3","ORGCB54-L-c.jpg","PLAIN","E:\HD PICTURE\GCB54-L\IMG_2043.jpg"
"ORGCB54-L","4","ORGCB54-L-d.jpg","PLAIN","E:\HD PICTURE\GCB54-L\003.jpg"
"ORGCB55-L","1","ORGCB55-L-a.jpg","PLAIN","E:\HD PICTURE\GCB55-L\IMG_1760.jpg"
"ORGCB55-L","2","ORGCB55-L-b.jpg","PLAIN","E:\HD PICTURE\GCB55-L\004.jpg"
"ORGCB55-L","3","ORGCB55-L-c.jpg","PLAIN","E:\HD PICTURE\GCB55-L\IMG_1906.jpg"
"ORGCB55-L","4","ORGCB55-L-d.jpg","PLAIN","E:\HD PICTURE\GCB55-L\IMG_2038.jpg"
"ORGCB56-B","1","ORGCB56-B-a.jpg","PLAIN","E:\HD PICTURE\GCB56-B\IMG_1767.jpg"
"ORGCB56-B","2","ORGCB56-B-b.jpg","PLAIN","E:\HD PICTURE\GCB56-B\IMG_1904.jpg"
"ORGCB56-B","3","ORGCB56-B-c.jpg","PLAIN","E:\HD PICTURE\GCB56-B\IMG_2070.jpg"
"ORGCB56-B","4","ORGCB56-B-d.jpg","PLAIN","E:\HD PICTURE\GCB56-B\1.jpg"
"ORGCB57-Z","1","ORGCB57-Z-a.jpg","PLAIN","E:\HD PICTURE\GCB57-Z\IMG_1741.jpg"
"ORGCB57-Z","2","ORGCB57-Z-b.jpg","PLAIN","E:\HD PICTURE\GCB57-Z\IMG_1894.jpg"
"ORGCB57-Z","3","ORGCB57-Z-c.jpg","PLAIN","E:\HD PICTURE\GCB57-Z\2.jpg"
"ORGCB57-Z","4","ORGCB57-Z-d.jpg","PLAIN","E:\HD PICTURE\GCB57-Z\1.jpg"
"ORGCB58-LVR","1","ORGCB58-LVR-a.jpg","PLAIN","E:\HD PICTURE\GCB58-LVR\IMG_1735.jpg"
"ORGCB58-LVR","2","ORGCB58-LVR-b.jpg","PLAIN","E:\HD PICTURE\GCB58-LVR\IMG_1892.jpg"
"ORGCB58-LVR","3","ORGCB58-LVR-c.jpg","PLAIN","E:\HD PICTURE\GCB58-LVR\2.jpg"
"ORGCB58-LVR","4","ORGCB58-LVR-d.jpg","PLAIN","E:\HD PICTURE\GCB58-LVR\1.jpg"
"ORGCBB1-17-B","1","ORGCBB1-17-B-a.jpg","PLAIN","E:\HD PICTURE\ORGCBB1-B\IMG_6379.jpg"
"ORGCBB1-17-B","2","ORGCBB1-17-B-b.jpg","PLAIN","E:\HD PICTURE\ORGCBB1-B\7.jpg"
"ORGCBB1-17-B","3","ORGCBB1-17-B-c.jpg","PLAIN","E:\HD PICTURE\ORGCBB1-B\IMG_6787.jpg"
"ORGCBB1-17-B","4","ORGCBB1-17-B-d.jpg","PLAIN","E:\HD PICTURE\ORGCBB1-B\IMG_9234.jpg"
"ORGCBB1-17-G","1","ORGCBB1-17-G-a.jpg","PLAIN","E:\HD PICTURE\ORGCBB1-G\IMG_6371.jpg"
"ORGCBB1-17-G","2","ORGCBB1-17-G-b.jpg","PLAIN","E:\HD PICTURE\ORGCBB1-G\6.jpg"
"ORGCBB1-17-G","3","ORGCBB1-17-G-c.jpg","PLAIN","E:\HD PICTURE\ORGCBB1-G\IMG_6790.jpg"
"ORGCBB1-17-G","4","ORGCBB1-17-G-d.jpg","MODEL","E:\HD PICTURE\ORGCBB1-G\IMG_63842.jpg"
"ORGCBB1-17-K","1","ORGCBB1-17-K-a.jpg","PLAIN","E:\HD PICTURE\ORGCBB1-K\IMG_6382.jpg"
"ORGCBB1-17-K","2","ORGCBB1-17-K-b.jpg","PLAIN","E:\HD PICTURE\ORGCBB1-K\9.jpg"
"ORGCBB1-17-K","3","ORGCBB1-17-K-c.jpg","MODEL","E:\HD PICTURE\ORGCBB1-K\IMG_63841.jpg"
"ORGCBB1-17-K","4","ORGCBB1-17-K-d.jpg","INFO","E:\HD PICTURE\ORGCBB1-K\4.jpg"
"ORGCBB1-17-R","1","ORGCBB1-17-R-a.jpg","PLAIN","E:\HD PICTURE\ORGCBB1-R\IMG_6384.jpg"
"ORGCBB1-17-R","2","ORGCBB1-17-R-b.jpg","PLAIN","E:\HD PICTURE\ORGCBB1-R\10.jpg"
"ORGCBB1-17-R","3","ORGCBB1-17-R-c.jpg","INFO","E:\HD PICTURE\ORGCBB1-R\5.jpg"
"ORGCBB1-17-W","1","ORGCBB1-17-W-a.jpg","PLAIN","E:\HD PICTURE\ORGCBB1-W\IMG_6380.jpg"
"ORGCBB1-17-W","2","ORGCBB1-17-W-b.jpg","PLAIN","E:\HD PICTURE\ORGCBB1-W\8.jpg"
"ORGCBB1-17-W","3","ORGCBB1-17-W-c.jpg","INFO","E:\HD PICTURE\ORGCBB1-W\3.jpg"
"ORGCBB1-19-B","1","ORGCBB1-19-B-a.jpg","PLAIN","E:\HD PICTURE\ORGCBB1-B\IMG_6379.jpg"
"ORGCBB1-19-B","2","ORGCBB1-19-B-b.jpg","PLAIN","E:\HD PICTURE\ORGCBB1-B\7.jpg"
"ORGCBB1-19-B","3","ORGCBB1-19-B-c.jpg","PLAIN","E:\HD PICTURE\ORGCBB1-B\IMG_6787.jpg"
"ORGCBB1-19-B","4","ORGCBB1-19-B-d.jpg","PLAIN","E:\HD PICTURE\ORGCBB1-B\IMG_9234.jpg"
"ORGCBB1-19-G","1","ORGCBB1-19-G-a.jpg","PLAIN","E:\HD PICTURE\ORGCBB1-G\IMG_6371.jpg"
"ORGCBB1-19-G","2","ORGCBB1-19-G-b.jpg","PLAIN","E:\HD PICTURE\ORGCBB1-G\6.jpg"
"ORGCBB1-19-G","3","ORGCBB1-19-G-c.jpg","PLAIN","E:\HD PICTURE\ORGCBB1-G\IMG_6790.jpg"
"ORGCBB1-19-G","4","ORGCBB1-19-G-d.jpg","MODEL","E:\HD PICTURE\ORGCBB1-G\IMG_63842.jpg"
"ORGCBB1-19-K","1","ORGCBB1-19-K-a.jpg","PLAIN","E:\HD PICTURE\ORGCBB1-K\IMG_6382.jpg"
"ORGCBB1-19-K","2","ORGCBB1-19-K-b.jpg","PLAIN","E:\HD PICTURE\ORGCBB1-K\9.jpg"
"ORGCBB1-19-K","3","ORGCBB1-19-K-c.jpg","MODEL","E:\HD PICTURE\ORGCBB1-K\IMG_63841.jpg"
"ORGCBB1-19-K","4","ORGCBB1-19-K-d.jpg","INFO","E:\HD PICTURE\ORGCBB1-K\4.jpg"
"ORGCBB1-19-R","1","ORGCBB1-19-R-a.jpg","PLAIN","E:\HD PICTURE\ORGCBB1-R\IMG_6384.jpg"
"ORGCBB1-19-R","2","ORGCBB1-19-R-b.jpg","PLAIN","E:\HD PICTURE\ORGCBB1-R\10.jpg"
"ORGCBB1-19-R","3","ORGCBB1-19-R-c.jpg","INFO","E:\HD PICTURE\ORGCBB1-R\5.jpg"
"ORGCBB1-19-W","1","ORGCBB1-19-W-a.jpg","PLAIN","E:\HD PICTURE\ORGCBB1-W\IMG_6380.jpg"
"ORGCBB1-19-W","2","ORGCBB1-19-W-b.jpg","PLAIN","E:\HD PICTURE\ORGCBB1-W\8.jpg"
"ORGCBB1-19-W","3","ORGCBB1-19-W-c.jpg","INFO","E:\HD PICTURE\ORGCBB1-W\3.jpg"
"ORGCBB1-21-B","1","ORGCBB1-21-B-a.jpg","PLAIN","E:\HD PICTURE\ORGCBB1-B\IMG_6379.jpg"
"ORGCBB1-21-B","2","ORGCBB1-21-B-b.jpg","PLAIN","E:\HD PICTURE\ORGCBB1-B\7.jpg"
"ORGCBB1-21-B","3","ORGCBB1-21-B-c.jpg","PLAIN","E:\HD PICTURE\ORGCBB1-B\IMG_6787.jpg"
"ORGCBB1-21-B","4","ORGCBB1-21-B-d.jpg","PLAIN","E:\HD PICTURE\ORGCBB1-B\IMG_9234.jpg"
"ORGCBB1-21-K","1","ORGCBB1-21-K-a.jpg","PLAIN","E:\HD PICTURE\ORGCBB1-K\IMG_6382.jpg"
"ORGCBB1-21-K","2","ORGCBB1-21-K-b.jpg","PLAIN","E:\HD PICTURE\ORGCBB1-K\9.jpg"
"ORGCBB1-21-K","3","ORGCBB1-21-K-c.jpg","MODEL","E:\HD PICTURE\ORGCBB1-K\IMG_63841.jpg"
"ORGCBB1-21-K","4","ORGCBB1-21-K-d.jpg","INFO","E:\HD PICTURE\ORGCBB1-K\4.jpg"
"ORGCBB1-21-R","1","ORGCBB1-21-R-a.jpg","PLAIN","E:\HD PICTURE\ORGCBB1-R\IMG_6384.jpg"
"ORGCBB1-21-R","2","ORGCBB1-21-R-b.jpg","PLAIN","E:\HD PICTURE\ORGCBB1-R\10.jpg"
"ORGCBB1-21-R","3","ORGCBB1-21-R-c.jpg","INFO","E:\HD PICTURE\ORGCBB1-R\5.jpg"
"ORGCBB1-21-W","1","ORGCBB1-21-W-a.jpg","PLAIN","E:\HD PICTURE\ORGCBB1-W\IMG_6380.jpg"
"ORGCBB1-21-W","2","ORGCBB1-21-W-b.jpg","PLAIN","E:\HD PICTURE\ORGCBB1-W\8.jpg"
"ORGCBB1-21-W","3","ORGCBB1-21-W-c.jpg","INFO","E:\HD PICTURE\ORGCBB1-W\3.jpg"
"ORPA0010","1","ORPA0010-a.jpg","PLAIN","E:\HD PICTURE\GCB39\PA0010.jpg"
"ORPA0010","2","ORPA0010-b.jpg","PLAIN","E:\HD PICTURE\GCB39\PA0010-4.jpg"
"ORPA0010","3","ORPA0010-c.jpg","PLAIN","E:\HD PICTURE\GCB39\PA0010-2.jpg"
"ORPA0035","1","ORPA0035-a.jpg","PLAIN","E:\HD PICTURE\GCB41\PA0035.jpg"
"ORPA0035","2","ORPA0035-b.jpg","PLAIN","E:\HD PICTURE\GCB41\PA0035-5.JPG"
"ORPA0035","3","ORPA0035-c.jpg","PLAIN","E:\HD PICTURE\GCB41\PA0035-2.JPG"
"ORPA0094","1","ORPA0094-a.jpg","PLAIN","E:\HD PICTURE\GCB42\PA0094-2.jpg"
"ORPA0094","2","ORPA0094-b.jpg","PLAIN","E:\HD PICTURE\GCB42\PA0094-3.jpg"
"ORPA0097","1","ORPA0097-a.jpg","PLAIN","E:HD PICTUREGCB43PA0097-2.jpg"
"ORPA0097","2","ORPA0097-b.jpg","PLAIN","E:HD PICTUREGCB43PA0097-3.jpg"
"ORPA0107","1","ORPA0107-a.jpg","PLAIN","E:\HD PICTURE\GCB49\PA0107.jpg"
"ORPA0107","2","ORPA0107-b.jpg","PLAIN","E:\HD PICTURE\GCB49\PA0107-3.jpg"
"ORPA0107","3","ORPA0107-c.jpg","PLAIN","E:\HD PICTURE\GCB49\PA0107-2.jpg"
"ORPA0123","1","ORPA0123-a.jpg","PLAIN","E:\HD PICTURE\GCB44\PA0123-3.JPG"
"ORPA0123","2","ORPA0123-b.jpg","PLAIN","E:\HD PICTURE\GCB44\PA0123-2.JPG"
"ORPA0132","1","ORPA0132-a.jpg","PLAIN","E:\HD PICTURE\GCB45\PA0132.jpg"
"ORPA0132","2","ORPA0132-b.jpg","PLAIN","E:\HD PICTURE\GCB45\PA0132-3.JPG"
"ORPA0132","3","ORPA0132-c.jpg","PLAIN","E:\HD PICTURE\GCB45\PA0132-2.JPG"
"ORPA0142","1","ORPA0142-a.jpg","PLAIN","E:\HD PICTURE\GCB46\PA0142.jpg"
"ORPA0142","2","ORPA0142-b.jpg","PLAIN","E:\HD PICTURE\GCB46\PA0142-3.JPG"
"ORPA0142","3","ORPA0142-c.jpg","PLAIN","E:\HD PICTURE\GCB46\PA0142-2.JPG"
"ORPA0147","1","ORPA0147-a.jpg","PLAIN","E:\HD PICTURE\GCB47\PA0147.jpg"
"ORPA0147","2","ORPA0147-b.jpg","PLAIN","E:\HD PICTURE\GCB47\PA0147-3.JPG"
"ORPA0147","3","ORPA0147-c.jpg","PLAIN","E:\HD PICTURE\GCB47\PA0147-2.JPG"
"ORPA0149","1","ORPA0149-a.jpg","PLAIN","E:\HD PICTURE\GCB48\PA0149.jpg"
"ORPA0149","2","ORPA0149-b.jpg","PLAIN","E:\HD PICTURE\GCB48\PA0149-3.JPG"
"ORPA0149","3","ORPA0149-c.jpg","PLAIN","E:\HD PICTURE\GCB48\PA0149-2.JPG"
"ORPA034","1","ORPA034-a.jpg","PLAIN","E:\HD PICTURE\GCB40\PA0034.jpg"
"ORPA034","2","ORPA034-b.jpg","PLAIN","E:\HD PICTURE\GCB40\PA0034-2.JPG"
"ORPA034","3","ORPA034-c.jpg","PLAIN","E:\HD PICTURE\GCB40\PA0034-4.JPG"
