sku	position	target	source_set
ORCB214	1	ORCB214-a.jpg	hd_v2
ORCB214	2	ORCB214-b.jpg	hd_v2
ORCB214	3	ORCB214-c.jpg	hd_v2
ORCB214	4	ORCB214-d.jpg	hd_v2
ORCBB01-17	1	ORCBB01-17-a.jpg	hd_v2
ORCBB01-17	2	ORCBB01-17-b.jpg	hd_v2
ORCBB01-17	3	ORCBB01-17-c.jpg	hd_v2
ORCBB01-17	4	ORCBB01-17-d.jpg	hd_v2
ORCBB01-19	1	ORCBB01-19-a.jpg	hd_v2
ORCBB01-19	2	ORCBB01-19-b.jpg	hd_v2
ORCBB01-19	3	ORCBB01-19-c.jpg	hd_v2
ORCBB01-19	4	ORCBB01-19-d.jpg	hd_v2
ORCBB01-21	1	ORCBB01-21-a.jpg	hd_v2
ORCBB01-21	2	ORCBB01-21-b.jpg	hd_v2
ORCBB01-21	3	ORCBB01-21-c.jpg	hd_v2
ORCBB01-21	4	ORCBB01-21-d.jpg	hd_v2
ORGCB05-P-18	1	ORGCB05-P-18-a.jpg	hd_v2
ORGCB05-P-18	2	ORGCB05-P-18-b.jpg	hd_v2
ORGCB05-P-18	3	ORGCB05-P-18-c.jpg	hd_v2
ORGCB05-P-18	4	ORGCB05-P-18-d.jpg	hd_v2
ORGCB06-P	1	ORGCB06-P-a.jpg	hd_v2
ORGCB06-P	2	ORGCB06-P-b.jpg	hd_v2
ORGCB06-P	3	ORGCB06-P-c.jpg	hd_v2
ORGCB06-P	4	ORGCB06-P-d.jpg	hd_v2
ORGCB07-18K	1	ORGCB07-18K-a.jpg	hd_v2
ORGCB07-18K	2	ORGCB07-18K-b.jpg	hd_v2
ORGCB07-18K	3	ORGCB07-18K-c.jpg	hd_v2
ORGCB07-18K	4	ORGCB07-18K-d.jpg	hd_v2
ORGCB07-P	1	ORGCB07-P-a.jpg	hd_v2
ORGCB07-P	2	ORGCB07-P-b.jpg	hd_v2
ORGCB07-P	3	ORGCB07-P-c.jpg	hd_v2
ORGCB07-P	4	ORGCB07-P-d.jpg	hd_v2
ORGCB08-18K	1	ORGCB08-18K-a.jpg	hd_v2
ORGCB08-18K	2	ORGCB08-18K-b.jpg	hd_v2
ORGCB08-18K	3	ORGCB08-18K-c.jpg	hd_v2
ORGCB08-18K	4	ORGCB08-18K-d.jpg	hd_v2
ORGCB08-P	1	ORGCB08-P-a.jpg	hd_v2
ORGCB08-P	2	ORGCB08-P-b.jpg	hd_v2
ORGCB08-P	3	ORGCB08-P-c.jpg	hd_v2
ORGCB08-P	4	ORGCB08-P-d.jpg	hd_v2
ORGCB09-P	1	ORGCB09-P-a.jpg	hd_v2
ORGCB09-P	2	ORGCB09-P-b.jpg	hd_v2
ORGCB09-P	3	ORGCB09-P-c.jpg	hd_v2
ORGCB09-P	4	ORGCB09-P-d.jpg	hd_v2
ORGCB10-P	1	ORGCB10-P-a.jpg	hd_v2
ORGCB10-P	2	ORGCB10-P-b.jpg	hd_v2
ORGCB10-P	3	ORGCB10-P-c.jpg	hd_v2
ORGCB10-P	4	ORGCB10-P-d.jpg	hd_v2
ORGCB109	1	ORGCB109-a.jpg	hd_v2
ORGCB109	2	ORGCB109-b.jpg	hd_v2
ORGCB109	3	ORGCB109-c.jpg	hd_v2
ORGCB109	4	ORGCB109-d.jpg	hd_v2
ORGCB11-18K	1	ORGCB11-18K-a.jpg	hd_v2
ORGCB11-18K	2	ORGCB11-18K-b.jpg	hd_v2
ORGCB11-18K	3	ORGCB11-18K-c.jpg	hd_v2
ORGCB11-18K	4	ORGCB11-18K-d.jpg	hd_v2
ORGCB110	1	ORGCB110-a.jpg	hd_v2
ORGCB110	2	ORGCB110-b.jpg	hd_v2
ORGCB110	3	ORGCB110-c.jpg	hd_v2
ORGCB110	4	ORGCB110-d.jpg	hd_v2
ORGCB12-18K	1	ORGCB12-18K-a.jpg	hd_v2
ORGCB12-18K	2	ORGCB12-18K-b.jpg	hd_v2
ORGCB12-18K	3	ORGCB12-18K-c.jpg	hd_v2
ORGCB12-18K	4	ORGCB12-18K-d.jpg	hd_v2
ORGCB175	1	ORGCB175-a.jpg	hd_v2
ORGCB175	2	ORGCB175-b.jpg	hd_v2
ORGCB175	3	ORGCB175-c.jpg	hd_v2
ORGCB175	4	ORGCB175-d.jpg	hd_v2
ORGCB177	1	ORGCB177-a.jpg	hd_v2
ORGCB177	2	ORGCB177-b.jpg	hd_v2
ORGCB177	3	ORGCB177-c.jpg	hd_v2
ORGCB177	4	ORGCB177-d.jpg	hd_v2
ORGCB18	1	ORGCB18-a.jpg	hd_v2
ORGCB18	2	ORGCB18-b.jpg	hd_v2
ORGCB18	3	ORGCB18-c.jpg	hd_v2
ORGCB18	4	ORGCB18-d.jpg	hd_v2
ORGCB181	1	ORGCB181-a.jpg	hd_v2
ORGCB181	2	ORGCB181-b.jpg	hd_v2
ORGCB181	3	ORGCB181-c.jpg	hd_v2
ORGCB181	4	ORGCB181-d.jpg	hd_v2
ORGCB182-1	1	ORGCB182-1-a.jpg	hd_v2
ORGCB182-1	2	ORGCB182-1-b.jpg	hd_v2
ORGCB182-1	3	ORGCB182-1-c.jpg	hd_v2
ORGCB182-1	4	ORGCB182-1-d.jpg	hd_v2
ORGCB182-2	1	ORGCB182-2-a.jpg	hd_v2
ORGCB182-2	2	ORGCB182-2-b.jpg	hd_v2
ORGCB182-2	3	ORGCB182-2-c.jpg	hd_v2
ORGCB182-2	4	ORGCB182-2-d.jpg	hd_v2
ORGCB182-3	1	ORGCB182-3-a.jpg	hd_v2
ORGCB182-3	2	ORGCB182-3-b.jpg	hd_v2
ORGCB182-3	3	ORGCB182-3-c.jpg	hd_v2
ORGCB182-3	4	ORGCB182-3-d.jpg	hd_v2
ORGCB182-5	1	ORGCB182-5-a.jpg	hd_v2
ORGCB182-5	2	ORGCB182-5-b.jpg	hd_v2
ORGCB182-5	3	ORGCB182-5-c.jpg	hd_v2
ORGCB182-5	4	ORGCB182-5-d.jpg	hd_v2
ORGCB182-6	1	ORGCB182-6-a.jpg	hd_v2
ORGCB182-6	2	ORGCB182-6-b.jpg	hd_v2
ORGCB182-6	3	ORGCB182-6-c.jpg	hd_v2
ORGCB182-6	4	ORGCB182-6-d.jpg	hd_v2
ORGCB182-7	1	ORGCB182-7-a.jpg	hd_v2
ORGCB182-7	2	ORGCB182-7-b.jpg	hd_v2
ORGCB182-7	3	ORGCB182-7-c.jpg	hd_v2
ORGCB182-7	4	ORGCB182-7-d.jpg	hd_v2
ORGCB182-8	1	ORGCB182-8-a.jpg	hd_v2
ORGCB182-8	2	ORGCB182-8-b.jpg	hd_v2
ORGCB182-8	3	ORGCB182-8-c.jpg	hd_v2
ORGCB182-8	4	ORGCB182-8-d.jpg	hd_v2
ORGCB184-1	1	ORGCB184-1-a.jpg	hd_v2
ORGCB184-1	2	ORGCB184-1-b.jpg	hd_v2
ORGCB184-1	3	ORGCB184-1-c.jpg	hd_v2
ORGCB184-1	4	ORGCB184-1-d.jpg	hd_v2
ORGCB184-2	1	ORGCB184-2-a.jpg	hd_v2
ORGCB184-2	2	ORGCB184-2-b.jpg	hd_v2
ORGCB184-2	3	ORGCB184-2-c.jpg	hd_v2
ORGCB184-2	4	ORGCB184-2-d.jpg	hd_v2
ORGCB184-3	1	ORGCB184-3-a.jpg	hd_v2
ORGCB184-3	2	ORGCB184-3-b.jpg	hd_v2
ORGCB184-3	3	ORGCB184-3-c.jpg	hd_v2
ORGCB184-3	4	ORGCB184-3-d.jpg	hd_v2
ORGCB184-4	1	ORGCB184-4-a.jpg	hd_v2
ORGCB184-4	2	ORGCB184-4-b.jpg	hd_v2
ORGCB184-4	3	ORGCB184-4-c.jpg	hd_v2
ORGCB184-4	4	ORGCB184-4-d.jpg	hd_v2
ORGCB184-5	1	ORGCB184-5-a.jpg	hd_v2
ORGCB184-5	2	ORGCB184-5-b.jpg	hd_v2
ORGCB184-5	3	ORGCB184-5-c.jpg	hd_v2
ORGCB184-5	4	ORGCB184-5-d.jpg	hd_v2
ORGCB184-6	1	ORGCB184-6-a.jpg	hd_v2
ORGCB184-6	2	ORGCB184-6-b.jpg	hd_v2
ORGCB184-6	3	ORGCB184-6-c.jpg	hd_v2
ORGCB184-6	4	ORGCB184-6-d.jpg	hd_v2
ORGCB184-7	1	ORGCB184-7-a.jpg	hd_v2
ORGCB184-7	2	ORGCB184-7-b.jpg	hd_v2
ORGCB184-7	3	ORGCB184-7-c.jpg	hd_v2
ORGCB184-7	4	ORGCB184-7-d.jpg	hd_v2
ORGCB185-14K	1	ORGCB185-14K-a.jpg	hd_v2
ORGCB185-14K	2	ORGCB185-14K-b.jpg	hd_v2
ORGCB185-14K	3	ORGCB185-14K-c.jpg	hd_v2
ORGCB185-14K	4	ORGCB185-14K-d.jpg	hd_v2
ORGCB186-1	1	ORGCB186-1-a.jpg	hd_v2
ORGCB186-1	2	ORGCB186-1-b.jpg	hd_v2
ORGCB186-1	3	ORGCB186-1-c.jpg	hd_v2
ORGCB186-1	4	ORGCB186-1-d.jpg	hd_v2
ORGCB186-2	1	ORGCB186-2-a.jpg	hd_v2
ORGCB186-2	2	ORGCB186-2-b.jpg	hd_v2
ORGCB186-2	3	ORGCB186-2-c.jpg	hd_v2
ORGCB186-2	4	ORGCB186-2-d.jpg	hd_v2
ORGCB187-14K-1	1	ORGCB187-14K-1-a.jpg	hd_v2
ORGCB187-14K-1	2	ORGCB187-14K-1-b.jpg	hd_v2
ORGCB187-14K-1	3	ORGCB187-14K-1-c.jpg	hd_v2
ORGCB187-14K-1	4	ORGCB187-14K-1-d.jpg	hd_v2
ORGCB187-14K-2	1	ORGCB187-14K-2-a.jpg	hd_v2
ORGCB187-14K-2	2	ORGCB187-14K-2-b.jpg	hd_v2
ORGCB187-14K-2	3	ORGCB187-14K-2-c.jpg	hd_v2
ORGCB187-14K-2	4	ORGCB187-14K-2-d.jpg	hd_v2
ORGCB19-18K	1	ORGCB19-18K-a.jpg	hd_v2
ORGCB19-18K	2	ORGCB19-18K-b.jpg	hd_v2
ORGCB19-18K	3	ORGCB19-18K-c.jpg	hd_v2
ORGCB19-18K	4	ORGCB19-18K-d.jpg	hd_v2
ORGCB19-P	1	ORGCB19-P-a.jpg	hd_v2
ORGCB19-P	2	ORGCB19-P-b.jpg	hd_v2
ORGCB19-P	3	ORGCB19-P-c.jpg	hd_v2
ORGCB19-P	4	ORGCB19-P-d.jpg	hd_v2
ORGCB20-18K	1	ORGCB20-18K-a.jpg	hd_v2
ORGCB20-18K	2	ORGCB20-18K-b.jpg	hd_v2
ORGCB20-18K	3	ORGCB20-18K-c.jpg	hd_v2
ORGCB20-18K	4	ORGCB20-18K-d.jpg	hd_v2
ORGCB20-P	1	ORGCB20-P-a.jpg	hd_v2
ORGCB20-P	2	ORGCB20-P-b.jpg	hd_v2
ORGCB20-P	3	ORGCB20-P-c.jpg	hd_v2
ORGCB20-P	4	ORGCB20-P-d.jpg	hd_v2
ORGCB21-18K	1	ORGCB21-18K-a.jpg	hd_v2
ORGCB21-18K	2	ORGCB21-18K-b.jpg	hd_v2
ORGCB21-18K	3	ORGCB21-18K-c.jpg	hd_v2
ORGCB21-18K	4	ORGCB21-18K-d.jpg	hd_v2
ORGCB21-P	1	ORGCB21-P-a.jpg	hd_v2
ORGCB21-P	2	ORGCB21-P-b.jpg	hd_v2
ORGCB21-P	3	ORGCB21-P-c.jpg	hd_v2
ORGCB21-P	4	ORGCB21-P-d.jpg	hd_v2
ORGCB22-18K	1	ORGCB22-18K-a.jpg	hd_v2
ORGCB22-18K	2	ORGCB22-18K-b.jpg	hd_v2
ORGCB22-18K	3	ORGCB22-18K-c.jpg	hd_v2
ORGCB22-18K	4	ORGCB22-18K-d.jpg	hd_v2
ORGCB22-P	1	ORGCB22-P-a.jpg	hd_v2
ORGCB22-P	2	ORGCB22-P-b.jpg	hd_v2
ORGCB22-P	3	ORGCB22-P-c.jpg	hd_v2
ORGCB22-P	4	ORGCB22-P-d.jpg	hd_v2
ORGCB23-18K	1	ORGCB23-18K-a.jpg	hd_v2
ORGCB23-18K	2	ORGCB23-18K-b.jpg	hd_v2
ORGCB23-18K	3	ORGCB23-18K-c.jpg	hd_v2
ORGCB23-18K	4	ORGCB23-18K-d.jpg	hd_v2
ORGCB23-P	1	ORGCB23-P-a.jpg	hd_v2
ORGCB23-P	2	ORGCB23-P-b.jpg	hd_v2
ORGCB23-P	3	ORGCB23-P-c.jpg	hd_v2
ORGCB23-P	4	ORGCB23-P-d.jpg	hd_v2
ORGCB24-18K	1	ORGCB24-18K-a.jpg	hd_v2
ORGCB24-18K	2	ORGCB24-18K-b.jpg	hd_v2
ORGCB24-18K	3	ORGCB24-18K-c.jpg	hd_v2
ORGCB24-18K	4	ORGCB24-18K-d.jpg	hd_v2
ORGCB24-P	1	ORGCB24-P-a.jpg	hd_v2
ORGCB24-P	2	ORGCB24-P-b.jpg	hd_v2
ORGCB24-P	3	ORGCB24-P-c.jpg	hd_v2
ORGCB24-P	4	ORGCB24-P-d.jpg	hd_v2
ORGCB25	1	ORGCB25-a.jpg	hd_v2
ORGCB25	2	ORGCB25-b.jpg	hd_v2
ORGCB25	3	ORGCB25-c.jpg	hd_v2
ORGCB25	4	ORGCB25-d.jpg	hd_v2
ORGCB26-18K	1	ORGCB26-18K-a.jpg	hd_v2
ORGCB26-18K	2	ORGCB26-18K-b.jpg	hd_v2
ORGCB26-18K	3	ORGCB26-18K-c.jpg	hd_v2
ORGCB26-18K	4	ORGCB26-18K-d.jpg	hd_v2
ORGCB26-P	1	ORGCB26-P-a.jpg	hd_v2
ORGCB26-P	2	ORGCB26-P-b.jpg	hd_v2
ORGCB26-P	3	ORGCB26-P-c.jpg	hd_v2
ORGCB26-P	4	ORGCB26-P-d.jpg	hd_v2
ORGCB27	1	ORGCB27-a.jpg	hd_v2
ORGCB27	2	ORGCB27-b.jpg	hd_v2
ORGCB27	3	ORGCB27-c.jpg	hd_v2
ORGCB27	4	ORGCB27-d.jpg	hd_v2
ORGCB28-18K	1	ORGCB28-18K-a.jpg	hd_v2
ORGCB28-18K	2	ORGCB28-18K-b.jpg	hd_v2
ORGCB28-18K	3	ORGCB28-18K-c.jpg	hd_v2
ORGCB28-18K	4	ORGCB28-18K-d.jpg	hd_v2
ORGCB28-P	1	ORGCB28-P-a.jpg	hd_v2
ORGCB28-P	2	ORGCB28-P-b.jpg	hd_v2
ORGCB28-P	3	ORGCB28-P-c.jpg	hd_v2
ORGCB28-P	4	ORGCB28-P-d.jpg	hd_v2
ORGCB29-18K	1	ORGCB29-18K-a.jpg	hd_v2
ORGCB29-18K	2	ORGCB29-18K-b.jpg	hd_v2
ORGCB29-18K	3	ORGCB29-18K-c.jpg	hd_v2
ORGCB29-18K	4	ORGCB29-18K-d.jpg	hd_v2
ORGCB29-P	1	ORGCB29-P-a.jpg	hd_v2
ORGCB29-P	2	ORGCB29-P-b.jpg	hd_v2
ORGCB29-P	3	ORGCB29-P-c.jpg	hd_v2
ORGCB29-P	4	ORGCB29-P-d.jpg	hd_v2
ORGCB30-18K	1	ORGCB30-18K-a.jpg	hd_v2
ORGCB30-18K	2	ORGCB30-18K-b.jpg	hd_v2
ORGCB30-18K	3	ORGCB30-18K-c.jpg	hd_v2
ORGCB30-18K	4	ORGCB30-18K-d.jpg	hd_v2
ORGCB30-P	1	ORGCB30-P-a.jpg	hd_v2
ORGCB30-P	2	ORGCB30-P-b.jpg	hd_v2
ORGCB30-P	3	ORGCB30-P-c.jpg	hd_v2
ORGCB30-P	4	ORGCB30-P-d.jpg	hd_v2
ORGCB50P	1	ORGCB50P-a.jpg	hd_v2
ORGCB50P	2	ORGCB50P-b.jpg	hd_v2
ORGCB50P	3	ORGCB50P-c.jpg	hd_v2
ORGCB50P	4	ORGCB50P-d.jpg	hd_v2
ORGCB51-P	1	ORGCB51-P-a.jpg	hd_v2
ORGCB51-P	2	ORGCB51-P-b.jpg	hd_v2
ORGCB51-P	3	ORGCB51-P-c.jpg	hd_v2
ORGCB51-P	4	ORGCB51-P-d.jpg	hd_v2
ORGCB51-WY	1	ORGCB51-WY-a.jpg	hd_v2
ORGCB51-WY	2	ORGCB51-WY-b.jpg	hd_v2
ORGCB51-WY	3	ORGCB51-WY-c.jpg	hd_v2
ORGCB51-WY	4	ORGCB51-WY-d.jpg	hd_v2
ORGCB51-YL	1	ORGCB51-YL-a.jpg	hd_v2
ORGCB51-YL	2	ORGCB51-YL-b.jpg	hd_v2
ORGCB51-YL	3	ORGCB51-YL-c.jpg	hd_v2
ORGCB51-YL	4	ORGCB51-YL-d.jpg	hd_v2
ORGCB51-YP	1	ORGCB51-YP-a.jpg	hd_v2
ORGCB51-YP	2	ORGCB51-YP-b.jpg	hd_v2
ORGCB51-YP	3	ORGCB51-YP-c.jpg	hd_v2
ORGCB51-YP	4	ORGCB51-YP-d.jpg	hd_v2
ORGCB51-YR	1	ORGCB51-YR-a.jpg	hd_v2
ORGCB51-YR	2	ORGCB51-YR-b.jpg	hd_v2
ORGCB51-YR	3	ORGCB51-YR-c.jpg	hd_v2
ORGCB51-YR	4	ORGCB51-YR-d.jpg	hd_v2
ORGCB52-L	1	ORGCB52-L-a.jpg	hd_v2
ORGCB52-L	2	ORGCB52-L-b.jpg	hd_v2
ORGCB52-L	3	ORGCB52-L-c.jpg	hd_v2
ORGCB52-L	4	ORGCB52-L-d.jpg	hd_v2
ORGCB53-L	1	ORGCB53-L-a.jpg	hd_v2
ORGCB53-L	2	ORGCB53-L-b.jpg	hd_v2
ORGCB53-L	3	ORGCB53-L-c.jpg	hd_v2
ORGCB53-L	4	ORGCB53-L-d.jpg	hd_v2
ORGCB54-L	1	ORGCB54-L-a.jpg	hd_v2
ORGCB54-L	2	ORGCB54-L-b.jpg	hd_v2
ORGCB54-L	3	ORGCB54-L-c.jpg	hd_v2
ORGCB54-L	4	ORGCB54-L-d.jpg	hd_v2
ORGCB55-L	1	ORGCB55-L-a.jpg	hd_v2
ORGCB55-L	2	ORGCB55-L-b.jpg	hd_v2
ORGCB55-L	3	ORGCB55-L-c.jpg	hd_v2
ORGCB55-L	4	ORGCB55-L-d.jpg	hd_v2
ORGCB56-B	1	ORGCB56-B-a.jpg	hd_v2
ORGCB56-B	2	ORGCB56-B-b.jpg	hd_v2
ORGCB56-B	3	ORGCB56-B-c.jpg	hd_v2
ORGCB56-B	4	ORGCB56-B-d.jpg	hd_v2
ORGCB57-Z	1	ORGCB57-Z-a.jpg	hd_v2
ORGCB57-Z	2	ORGCB57-Z-b.jpg	hd_v2
ORGCB57-Z	3	ORGCB57-Z-c.jpg	hd_v2
ORGCB57-Z	4	ORGCB57-Z-d.jpg	hd_v2
ORGCB58-LVR	1	ORGCB58-LVR-a.jpg	hd_v2
ORGCB58-LVR	2	ORGCB58-LVR-b.jpg	hd_v2
ORGCB58-LVR	3	ORGCB58-LVR-c.jpg	hd_v2
ORGCB58-LVR	4	ORGCB58-LVR-d.jpg	hd_v2
ORGCBB1-17-B	1	ORGCBB1-17-B-a.jpg	hd_v2
ORGCBB1-17-B	2	ORGCBB1-17-B-b.jpg	hd_v2
ORGCBB1-17-B	3	ORGCBB1-17-B-c.jpg	hd_v2
ORGCBB1-17-B	4	ORGCBB1-17-B-d.jpg	hd_v2
ORGCBB1-17-G	1	ORGCBB1-17-G-a.jpg	hd_v2
ORGCBB1-17-G	2	ORGCBB1-17-G-b.jpg	hd_v2
ORGCBB1-17-G	3	ORGCBB1-17-G-c.jpg	hd_v2
ORGCBB1-17-G	4	ORGCBB1-17-G-d.jpg	hd_v2
ORGCBB1-17-K	1	ORGCBB1-17-K-a.jpg	hd_v2
ORGCBB1-17-K	2	ORGCBB1-17-K-b.jpg	hd_v2
ORGCBB1-17-K	3	ORGCBB1-17-K-c.jpg	hd_v2
ORGCBB1-17-K	4	ORGCBB1-17-K-d.jpg	hd_v2
ORGCBB1-17-R	1	ORGCBB1-17-R-a.jpg	hd_v2
ORGCBB1-17-R	2	ORGCBB1-17-R-b.jpg	hd_v2
ORGCBB1-17-R	3	ORGCBB1-17-R-c.jpg	hd_v2
ORGCBB1-17-W	1	ORGCBB1-17-W-a.jpg	hd_v2
ORGCBB1-17-W	2	ORGCBB1-17-W-b.jpg	hd_v2
ORGCBB1-17-W	3	ORGCBB1-17-W-c.jpg	hd_v2
ORGCBB1-19-B	1	ORGCBB1-19-B-a.jpg	hd_v2
ORGCBB1-19-B	2	ORGCBB1-19-B-b.jpg	hd_v2
ORGCBB1-19-B	3	ORGCBB1-19-B-c.jpg	hd_v2
ORGCBB1-19-B	4	ORGCBB1-19-B-d.jpg	hd_v2
ORGCBB1-19-G	1	ORGCBB1-19-G-a.jpg	hd_v2
ORGCBB1-19-G	2	ORGCBB1-19-G-b.jpg	hd_v2
ORGCBB1-19-G	3	ORGCBB1-19-G-c.jpg	hd_v2
ORGCBB1-19-G	4	ORGCBB1-19-G-d.jpg	hd_v2
ORGCBB1-19-K	1	ORGCBB1-19-K-a.jpg	hd_v2
ORGCBB1-19-K	2	ORGCBB1-19-K-b.jpg	hd_v2
ORGCBB1-19-K	3	ORGCBB1-19-K-c.jpg	hd_v2
ORGCBB1-19-K	4	ORGCBB1-19-K-d.jpg	hd_v2
ORGCBB1-19-R	1	ORGCBB1-19-R-a.jpg	hd_v2
ORGCBB1-19-R	2	ORGCBB1-19-R-b.jpg	hd_v2
ORGCBB1-19-R	3	ORGCBB1-19-R-c.jpg	hd_v2
ORGCBB1-19-W	1	ORGCBB1-19-W-a.jpg	hd_v2
ORGCBB1-19-W	2	ORGCBB1-19-W-b.jpg	hd_v2
ORGCBB1-19-W	3	ORGCBB1-19-W-c.jpg	hd_v2
ORGCBB1-21-B	1	ORGCBB1-21-B-a.jpg	hd_v2
ORGCBB1-21-B	2	ORGCBB1-21-B-b.jpg	hd_v2
ORGCBB1-21-B	3	ORGCBB1-21-B-c.jpg	hd_v2
ORGCBB1-21-B	4	ORGCBB1-21-B-d.jpg	hd_v2
ORGCBB1-21-K	1	ORGCBB1-21-K-a.jpg	hd_v2
ORGCBB1-21-K	2	ORGCBB1-21-K-b.jpg	hd_v2
ORGCBB1-21-K	3	ORGCBB1-21-K-c.jpg	hd_v2
ORGCBB1-21-K	4	ORGCBB1-21-K-d.jpg	hd_v2
ORGCBB1-21-R	1	ORGCBB1-21-R-a.jpg	hd_v2
ORGCBB1-21-R	2	ORGCBB1-21-R-b.jpg	hd_v2
ORGCBB1-21-R	3	ORGCBB1-21-R-c.jpg	hd_v2
ORGCBB1-21-W	1	ORGCBB1-21-W-a.jpg	hd_v2
ORGCBB1-21-W	2	ORGCBB1-21-W-b.jpg	hd_v2
ORGCBB1-21-W	3	ORGCBB1-21-W-c.jpg	hd_v2
ORPA0010	1	ORPA0010-a.jpg	hd_v2
ORPA0010	2	ORPA0010-b.jpg	hd_v2
ORPA0010	3	ORPA0010-c.jpg	hd_v2
ORPA0035	1	ORPA0035-a.jpg	hd_v2
ORPA0035	2	ORPA0035-b.jpg	hd_v2
ORPA0035	3	ORPA0035-c.jpg	hd_v2
ORPA0094	1	ORPA0094-a.jpg	hd_v2
ORPA0094	2	ORPA0094-b.jpg	hd_v2
ORPA0097	1	ORPA0097-a.jpg	hd_v2
ORPA0097	2	ORPA0097-b.jpg	hd_v2
ORPA0107	1	ORPA0107-a.jpg	hd_v2
ORPA0107	2	ORPA0107-b.jpg	hd_v2
ORPA0107	3	ORPA0107-c.jpg	hd_v2
ORPA0123	1	ORPA0123-a.jpg	hd_v2
ORPA0123	2	ORPA0123-b.jpg	hd_v2
ORPA0132	1	ORPA0132-a.jpg	hd_v2
ORPA0132	2	ORPA0132-b.jpg	hd_v2
ORPA0132	3	ORPA0132-c.jpg	hd_v2
ORPA0142	1	ORPA0142-a.jpg	hd_v2
ORPA0142	2	ORPA0142-b.jpg	hd_v2
ORPA0142	3	ORPA0142-c.jpg	hd_v2
ORPA0147	1	ORPA0147-a.jpg	hd_v2
ORPA0147	2	ORPA0147-b.jpg	hd_v2
ORPA0147	3	ORPA0147-c.jpg	hd_v2
ORPA0149	1	ORPA0149-a.jpg	hd_v2
ORPA0149	2	ORPA0149-b.jpg	hd_v2
ORPA0149	3	ORPA0149-c.jpg	hd_v2
ORPA034	1	ORPA034-a.jpg	hd_v2
ORPA034	2	ORPA034-b.jpg	hd_v2
ORPA034	3	ORPA034-c.jpg	hd_v2
ORCB01	1	ORCB01.jpg	invoice
ORCB02	1	ORCB02.jpg	invoice
ORCB03	1	ORCB03.jpg	invoice
ORCB05	1	ORCB05.jpg	invoice
ORCB06	1	ORCB06.jpg	invoice
ORCB07	1	ORCB07.jpg	invoice
ORCB08	1	ORCB08.jpg	invoice
ORCB09	1	ORCB09.jpg	invoice
ORCB10	1	ORCB10.jpg	invoice
ORCB100	1	ORCB100.jpg	invoice
ORCB101	1	ORCB101.jpg	invoice
ORCB102	1	ORCB102.jpg	invoice
ORCB103	1	ORCB103.jpg	invoice
ORCB104	1	ORCB104.jpg	invoice
ORCB106	1	ORCB106.jpg	invoice
ORCB107	1	ORCB107.jpg	invoice
ORCB108	1	ORCB108.jpg	invoice
ORCB11	1	ORCB11.jpg	invoice
ORCB110	1	ORCB110.jpg	invoice
ORCB111	1	ORCB111.jpg	invoice
ORCB113	1	ORCB113.jpg	invoice
ORCB114	1	ORCB114.jpg	invoice
ORCB115	1	ORCB115.jpg	invoice
ORCB116	1	ORCB116.jpg	invoice
ORCB117	1	ORCB117.jpg	invoice
ORCB118	1	ORCB118.jpg	invoice
ORCB119	1	ORCB119.jpg	invoice
ORCB12	1	ORCB12.jpg	invoice
ORCB120	1	ORCB120.jpg	invoice
ORCB122	1	ORCB122.jpg	invoice
ORCB123	1	ORCB123.jpg	invoice
ORCB124	1	ORCB124.jpg	invoice
ORCB125	1	ORCB125.jpg	invoice
ORCB126	1	ORCB126.jpg	invoice
ORCB127	1	ORCB127.jpg	invoice
ORCB128	1	ORCB128.jpg	invoice
ORCB129	1	ORCB129.jpg	invoice
ORCB13	1	ORCB13.jpg	invoice
ORCB135	1	ORCB135.jpg	invoice
ORCB136	1	ORCB136.jpg	invoice
ORCB137	1	ORCB137.jpg	invoice
ORCB138	1	ORCB138.jpg	invoice
ORCB139	1	ORCB139.jpg	invoice
ORCB14	1	ORCB14.jpg	invoice
ORCB140	1	ORCB140.jpg	invoice
ORCB142	1	ORCB142.jpg	invoice
ORCB144	1	ORCB144.jpg	invoice
ORCB145	1	ORCB145.jpg	invoice
ORCB146	1	ORCB146.jpg	invoice
ORCB149	1	ORCB149.jpg	invoice
ORCB15	1	ORCB15.jpg	invoice
ORCB150	1	ORCB150.jpg	invoice
ORCB151	1	ORCB151.jpg	invoice
ORCB152	1	ORCB152.jpg	invoice
ORCB153	1	ORCB153.jpg	invoice
ORCB154	1	ORCB154.jpg	invoice
ORCB155	1	ORCB155.jpg	invoice
ORCB156	1	ORCB156.jpg	invoice
ORCB157	1	ORCB157.jpg	invoice
ORCB159	1	ORCB159.jpg	invoice
ORCB16	1	ORCB16.jpg	invoice
ORCB160	1	ORCB160.jpg	invoice
ORCB161	1	ORCB161.jpg	invoice
ORCB162	1	ORCB162.jpg	invoice
ORCB163	1	ORCB163.jpg	invoice
ORCB164	1	ORCB164.jpg	invoice
ORCB165	1	ORCB165.jpg	invoice
ORCB166	1	ORCB166.jpg	invoice
ORCB168	1	ORCB168.jpg	invoice
ORCB169	1	ORCB169.jpg	invoice
ORCB17	1	ORCB17.jpg	invoice
ORCB170	1	ORCB170.jpg	invoice
ORCB171	1	ORCB171.jpg	invoice
ORCB173	1	ORCB173.jpg	invoice
ORCB174	1	ORCB174.jpg	invoice
ORCB175	1	ORCB175.jpg	invoice
ORCB177	1	ORCB177.jpg	invoice
ORCB179	1	ORCB179.jpg	invoice
ORCB18	1	ORCB18.jpg	invoice
ORCB180	1	ORCB180.jpg	invoice
ORCB182	1	ORCB182.jpg	invoice
ORCB183-A	1	ORCB183-A.jpg	invoice
ORCB183-B	1	ORCB183-B.jpg	invoice
ORCB183-C	1	ORCB183-C.jpg	invoice
ORCB183-D	1	ORCB183-D.jpg	invoice
ORCB183-E	1	ORCB183-E.jpg	invoice
ORCB183-F	1	ORCB183-F.jpg	invoice
ORCB183-G	1	ORCB183-G.jpg	invoice
ORCB183-H	1	ORCB183-H.jpg	invoice
ORCB183-I	1	ORCB183-I.jpg	invoice
ORCB183-J	1	ORCB183-J.jpg	invoice
ORCB183-K	1	ORCB183-K.jpg	invoice
ORCB183-L	1	ORCB183-L.jpg	invoice
ORCB183-M	1	ORCB183-M.jpg	invoice
ORCB183-N	1	ORCB183-N.jpg	invoice
ORCB183-O	1	ORCB183-O.jpg	invoice
ORCB183-P	1	ORCB183-P.jpg	invoice
ORCB183-Q	1	ORCB183-Q.jpg	invoice
ORCB183-R	1	ORCB183-R.jpg	invoice
ORCB183-S	1	ORCB183-S.jpg	invoice
ORCB183-T	1	ORCB183-T.jpg	invoice
ORCB183-U	1	ORCB183-U.jpg	invoice
ORCB183-V	1	ORCB183-V.jpg	invoice
ORCB183-W	1	ORCB183-W.jpg	invoice
ORCB183-X	1	ORCB183-X.jpg	invoice
ORCB183-Y	1	ORCB183-Y.jpg	invoice
ORCB183-Z	1	ORCB183-Z.jpg	invoice
ORCB199	1	ORCB199.jpg	invoice
ORCB20	1	ORCB20.jpg	invoice
ORCB200	1	ORCB200.jpg	invoice
ORCB201	1	ORCB201.jpg	invoice
ORCB202	1	ORCB202.jpg	invoice
ORCB203	1	ORCB203.jpg	invoice
ORCB204	1	ORCB204.jpg	invoice
ORCB205	1	ORCB205.jpg	invoice
ORCB206	1	ORCB206.jpg	invoice
ORCB208	1	ORCB208.jpg	invoice
ORCB209	1	ORCB209.jpg	invoice
ORCB21	1	ORCB21.jpg	invoice
ORCB210	1	ORCB210.jpg	invoice
ORCB211	1	ORCB211.jpg	invoice
ORCB212	1	ORCB212.jpg	invoice
ORCB213	1	ORCB213.jpg	invoice
ORCB215	1	ORCB215.jpg	invoice
ORCB216	1	ORCB216.jpg	invoice
ORCB217	1	ORCB217.jpg	invoice
ORCB218	1	ORCB218.jpg	invoice
ORCB219	1	ORCB219.jpg	invoice
ORCB22	1	ORCB22.jpg	invoice
ORCB220	1	ORCB220.jpg	invoice
ORCB221	1	ORCB221.jpg	invoice
ORCB23	1	ORCB23.jpg	invoice
ORCB25	1	ORCB25.jpg	invoice
ORCB26	1	ORCB26.jpg	invoice
ORCB27	1	ORCB27.jpg	invoice
ORCB28	1	ORCB28.jpg	invoice
ORCB29	1	ORCB29.jpg	invoice
ORCB30	1	ORCB30.jpg	invoice
ORCB32-Agr	1	ORCB32-Agr.jpg	invoice
ORCB32-Ari	1	ORCB32-Ari.jpg	invoice
ORCB32-Cap	1	ORCB32-Cap.jpg	invoice
ORCB32-Cnc	1	ORCB32-Cnc.jpg	invoice
ORCB32-Gem	1	ORCB32-Gem.jpg	invoice
ORCB32-Leo	1	ORCB32-Leo.jpg	invoice
ORCB32-Lib	1	ORCB32-Lib.jpg	invoice
ORCB32-Psc	1	ORCB32-Psc.jpg	invoice
ORCB32-Sco	1	ORCB32-Sco.jpg	invoice
ORCB32-Sgr	1	ORCB32-Sgr.jpg	invoice
ORCB32-Tau	1	ORCB32-Tau.jpg	invoice
ORCB32-Vir	1	ORCB32-Vir.jpg	invoice
ORCB33-BL	1	ORCB33-BL.jpg	invoice
ORCB33-F	1	ORCB33-F.jpg	invoice
ORCB33-G	1	ORCB33-G.jpg	invoice
ORCB33-L	1	ORCB33-L.jpg	invoice
ORCB33-LV	1	ORCB33-LV.jpg	invoice
ORCB33-M	1	ORCB33-M.jpg	invoice
ORCB33-P	1	ORCB33-P.jpg	invoice
ORCB33-PL	1	ORCB33-PL.jpg	invoice
ORCB33-Q	1	ORCB33-Q.jpg	invoice
ORCB33-R	1	ORCB33-R.jpg	invoice
ORCB33-W	1	ORCB33-W.jpg	invoice
ORCB33-X	1	ORCB33-X.jpg	invoice
ORCB34	1	ORCB34.jpg	invoice
ORCB35	1	ORCB35.jpg	invoice
ORCB36	1	ORCB36.jpg	invoice
ORCB37	1	ORCB37.jpg	invoice
ORCB38	1	ORCB38.jpg	invoice
ORCB39	1	ORCB39.jpg	invoice
ORCB40	1	ORCB40.jpg	invoice
ORCB41	1	ORCB41.jpg	invoice
ORCB42	1	ORCB42.jpg	invoice
ORCB43	1	ORCB43.jpg	invoice
ORCB44	1	ORCB44.jpg	invoice
ORCB45	1	ORCB45.jpg	invoice
ORCB46	1	ORCB46.jpg	invoice
ORCB47	1	ORCB47.jpg	invoice
ORCB48	1	ORCB48.jpg	invoice
ORCB49	1	ORCB49.jpg	invoice
ORCB50	1	ORCB50.jpg	invoice
ORCB51	1	ORCB51.jpg	invoice
ORCB52	1	ORCB52.jpg	invoice
ORCB53	1	ORCB53.jpg	invoice
ORCB54	1	ORCB54.jpg	invoice
ORCB55	1	ORCB55.jpg	invoice
ORCB56	1	ORCB56.jpg	invoice
ORCB58	1	ORCB58.jpg	invoice
ORCB59	1	ORCB59.jpg	invoice
ORCB60	1	ORCB60.jpg	invoice
ORCB61	1	ORCB61.jpg	invoice
ORCB62	1	ORCB62.jpg	invoice
ORCB63	1	ORCB63.jpg	invoice
ORCB64	1	ORCB64.jpg	invoice
ORCB65	1	ORCB65.jpg	invoice
ORCB66	1	ORCB66.jpg	invoice
ORCB67	1	ORCB67.jpg	invoice
ORCB70	1	ORCB70.jpg	invoice
ORCB71	1	ORCB71.jpg	invoice
ORCB73	1	ORCB73.jpg	invoice
ORCB74	1	ORCB74.jpg	invoice
ORCB76	1	ORCB76.jpg	invoice
ORCB77	1	ORCB77.jpg	invoice
ORCB78	1	ORCB78.jpg	invoice
ORCB79	1	ORCB79.jpg	invoice
ORCB80	1	ORCB80.jpg	invoice
ORCB81	1	ORCB81.jpg	invoice
ORCB82	1	ORCB82.jpg	invoice
ORCB83	1	ORCB83.jpg	invoice
ORCB84	1	ORCB84.jpg	invoice
ORCB85	1	ORCB85.jpg	invoice
ORCB86	1	ORCB86.jpg	invoice
ORCB88	1	ORCB88.jpg	invoice
ORCB89	1	ORCB89.jpg	invoice
ORGCB56-L	1	ORGCB56-L.jpg	invoice
ORGCB56-R	1	ORGCB56-R.jpg	invoice
