"handle","oldStone","newStone","newEnamel","oldFinish","newFinish"
"whale-charm","Black CZ + Blue Enamel","Black CZ &amp; Blue Enamel","","Oxidized Silver","Oxidized Silver"
"turtle-charm","Orange+Black+ Blue Enamel","Orange, Black &amp; Blue Enamel","","Oxidized Silver","Oxidized Silver"
"elephant-charm","Black+ Red Enamel","Black &amp; Red Enamel","","Oxidized Silver","Oxidized Silver"
"fox-charm-rose-gold","White Enamel","White Enamel","","Rosegold Plated","Rose Gold Plated"
"rabbit-charm","Black+ Pink Enamel","Black &amp; Pink Enamel","","Oxidized Silver","Oxidized Silver"
"puppy-charm","White CZ+Black Enamel","White CZ &amp; Black Enamel","","Oxidized Silver","Oxidized Silver"
"star-pave-charm-purple","Stone: White+Purple","White &amp; Purple","","Rhodium Plated","Rhodium Plated"
"sweet-wrapper-charm","Stone: Muti-color","Multicolour","","Rhodium Plated","Rhodium Plated"
"star-charm-purple-centre","Stone: White+Purple","White &amp; Purple","","Rhodium Plated","Rhodium Plated"
"rainbow-egg-charm","Stone: Muti-color","Multicolour","","Rhodium Plated","Rhodium Plated"
"ribbon-bow-charm-red-heart","Stone: White+Red","White &amp; Red","","Rhodium Plated","Rhodium Plated"
"angel-charm-pink-heart","Stone: White+Pink","White &amp; Pink","","Rhodium Plated","Rhodium Plated"
"graduation-owl-charm","Stone: White+Blue","White &amp; Blue","","Rhodium Plated","Rhodium Plated"
"birthday-balloon-charm","Black+ Red Enamel","Black &amp; Red Enamel","","Oxidized Silver","Oxidized Silver"
"princess-charm","Stone: Pink","Pink","","Rhodium Plated","Rhodium Plated"
"butterfly-charm-turquoise-spots","Stone: White","White","","Rhodium Plated","Rhodium Plated"
"mom-heart-charm","Stone: Pink","Pink","","Rhodium Plated","Rhodium Plated"
"heart-padlock-charm-blue","Stone: Blue","Blue","","Rhodium Plated","Rhodium Plated"
"frangipani-charm-yellow","CZ+Enamel","White","","Rhodium Plated","Rhodium Plated"
"dreamcatcher-charm-rainbow","Stone: Muti-color","Multicolour","","Rhodium Plated","Rhodium Plated"
"angel-wing-charm","Stone: White","White","","Rhodium Plated","Rhodium Plated"
"witch-hat-charm-rose-gold","Stone: Black","Black","","Rose Gold Plated","Rose Gold Plated"
"clover-charm-purple","Stone: Purple","Purple","","Rhodium Plated","Rhodium Plated"
"basketball-charm","Stone: White","White","","Rhodium Plated","Rhodium Plated"
"cactus-charm","Stone: Green","Green","","Rhodium Plated","Rhodium Plated"
"ladybird-charm","CZ+Enamel","Yellow","","Rhodium Plated","Rhodium Plated"
"two-cats-and-moon-charm","Stone: Blue","Blue","","Rhodium Plated","Rhodium Plated"
"camera-charm-pink","CZ+Enamel","White","","Rhodium Plated","Rhodium Plated"
"elephant-charm-pink-and-green","Stone: Muti-color","Multicolour","","Rhodium Plated","Rhodium Plated"
"sunflower-charm","Stone: Yellow+Green","Yellow &amp; Green","","Rhodium Plated","Rhodium Plated"
"couple-in-a-boat-charm","White CZ+Red &Blue Enamel","White CZ, Red &amp; Blue Enamel","","Oxidized Silver","Oxidized Silver"
"daisy-charm-gold-and-white","CZ+Enamel","White &amp; Yellow","","14K Gold Plated","14K Gold Plated"
"ships-wheel-charm","Stone: White","White","","Rhodium Plated","Rhodium Plated"
"sunflower-charm-gold","Stone: White","White","","Rhodium Plated","Rhodium Plated"
"stars-and-moon-charm-blue","Stone: Blue","Blue","","Rhodium Plated","Rhodium Plated"
"flower-heart-charm","Pink CZ & White CZ + Green Enamel","Pink CZ, White CZ &amp; Green Enamel","","Oxidized Silver","Oxidized Silver"
"cocktail-charm","Green & Pink Enamel","Green &amp; Pink Enamel","","Oxidized Silver","Oxidized Silver"
"heartbeat-charm","White CZ & Red Enamel","White CZ &amp; Red Enamel","","Oxidized Silver","Oxidized Silver"
"gondola-charm","Blue+ Pink Enamel","Blue &amp; Pink Enamel","","Oxidized Silver","Oxidized Silver"
"gift-box-charm","Red & Pink Enamel","Red &amp; Pink Enamel","","Oxidized Silver","Oxidized Silver"
"hot-air-balloon-charm","Pink & White CZ + Green & Pink &","Pink &amp; White CZ, Green, Pink, Yellow &amp; Blue Enamel","","Oxidized Silver","Oxidized Silver"
"ice-lolly-charm","Milky Pink & Brown Enamel","Milky Pink &amp; Brown Enamel","","Oxidized Silver","Oxidized Silver"
"carrot-charm","Green & Orange Enamel","Green &amp; Orange Enamel","","Oxidized Silver","Oxidized Silver"
"cow-charm","Black & Red Enamel","Black &amp; Red Enamel","","Oxidized Silver","Oxidized Silver"
"sisters-charm","Blue+ Pink Enamel","Blue &amp; Pink Enamel","","Oxidized Silver","Oxidized Silver"
"police-box-charm","White & Blue CZ","White &amp; Blue CZ","","Oxidized Silver","Oxidized Silver"
"umbrella-charm","Green & Yellow & Pink & Purple CZ","Green, Yellow, Pink &amp; Purple CZ","","Oxidized Silver","Oxidized Silver"
"ice-cream-cart-charm","Green & Orange Enamel","Green &amp; Orange Enamel","","Oxidized Silver","Oxidized Silver"
"folk-costume-couple-charm","Black+ Red +Yellow Enamel","Black, Red &amp; Yellow Enamel","","Oxidized Silver","Oxidized Silver"
"puzzle-cube-charm","Blue & Yellow Enamel","Blue &amp; Yellow Enamel","","Oxidized Silver","Oxidized Silver"
"tree-of-life-charm-pink-and-purple","Stone: Multi-Colors","Multicolour","","Oxidized Silver","Oxidized Silver"
"tree-of-life-heart-charm","Stone: None","","","Oxidized Silver","Oxidized Silver"
"tree-of-life-charm-pave-halo","Stone: White","White","","Oxidized Silver","Oxidized Silver"
"tree-of-life-charm-engraved","Stone: None","","","Oxidized Silver","Oxidized Silver"
"tree-of-life-charm-celtic-knot","Stone: None","","","Oxidized Silver","Oxidized Silver"
"tree-of-life-heart-charm-stone-set","Stone: White","White","","Oxidized Silver","Oxidized Silver"
"tree-of-life-charm-scrolled","Stone: None","","","Oxidized Silver","Oxidized Silver"
"tree-of-life-charm-oxidized","Stone: None","","","Oxidized Silver","Oxidized Silver"
"tree-of-life-dangle-scrolled","Stone: none","","","Rhodium Plated","Rhodium Plated"
"tree-of-life-dangle-blue-stones","Stone: Blue","Blue","","Rhodium Plated","Rhodium Plated"
"tree-of-life-dangle-beaded-ring","Stone: White","White","","Rhodium Plated","Rhodium Plated"
"flamingo-charm","Stone: None","","","Oxidized Silver","Oxidized Silver"
"daisy-heart-charm","Pink+Yellow Enamel","Pink &amp; Yellow Enamel","","Oxidized Silver","Oxidized Silver"
"carousel-horse-charm","Stone: None","","","Oxidized Silver","Oxidized Silver"
"daisy-heart-dangle","White CZ +Red &Yellow Enamel","White CZ, Red &amp; Yellow Enamel","","Oxidized Silver","Oxidized Silver"
"christmas-sleigh-charm","White CZ +Red &Yellow Enamel","White CZ, Red &amp; Yellow Enamel","","Oxidized Silver","Oxidized Silver"
"coffee-cup-charm","Red +Brown Enamel","Red &amp; Brown Enamel","","Oxidized Silver","Oxidized Silver"
"cupcake-charm","Pink CZ +Green &Yellow Enamel","Pink CZ, Green &amp; Yellow Enamel","","Oxidized Silver","Oxidized Silver"
"champagne-toast-charm","White CZ+Purple &Yellow Enamel","White CZ, Purple &amp; Yellow Enamel","","Oxidized Silver","Oxidized Silver"
"baby-pram-charm","White CZ","White CZ","","Rhodium &Rosegold","Rhodium &amp; Rose Gold"
"openwork-hearts-charm-pink","Stone: Pink & White","Pink &amp; White","","Oxidized Silver, Highly","Heavily Oxidized Silver"
"four-leaf-clover-charm","Stone: White","White","","Oxidized Silver, Highly","Heavily Oxidized Silver"
"crystal-cluster-charm-blue","Stone: Multicolor","Multicolour","","Oxidized Silver, Highly","Heavily Oxidized Silver"
"heart-charm-light-blue-enamel","Stone:NA / Enamel:Light Blue&White","","Light Blue &amp; White","Oxidized Silver, Highly","Heavily Oxidized Silver"
"butterfly-charm-light-blue","Stone:NA / Enamel:Light Blue","","Light Blue","Oxidized Silver, Highly","Heavily Oxidized Silver"
"primrose-charm-light-blue","CZ+Enamel","White","Light Blue","Oxidized Silver, Highly","Heavily Oxidized Silver"
"red-rose-charm","Stone:NA / Enamel:Red","","Red","Oxidized Silver, Highly","Heavily Oxidized Silver"
"love-padlock-charm-blue","Stone:NA / Enamel: Blue","","Blue","Oxidized Silver, Highly","Heavily Oxidized Silver"
"butterfly-charm-pink","Stone:NA / Enamel:Pink","","Pink","Oxidized Silver, Highly","Heavily Oxidized Silver"
"cherry-blossom-charm-pink","CZ+Enamel","White","Pink","Oxidized Silver, Highly","Heavily Oxidized Silver"
"pave-heart-charm-pink","Stone:Pink","Pink","","Oxidized Silver, Highly","Heavily Oxidized Silver"
"daisy-charm-pink","CZ+Enamel","White","Pink","Oxidized Silver, Highly","Heavily Oxidized Silver"
"sunglasses-charm","Stone:NA / Enamel:Black","","Black","Oxidized Silver, Highly","Heavily Oxidized Silver"
"teddy-bear-charm","Stone:NA / Enamel:Brown","","Brown","Oxidized Silver, Highly","Heavily Oxidized Silver"
"baby-shoe-charm-blue","CZ+Enamel","Blue","Light Blue","Oxidized Silver, Highly","Heavily Oxidized Silver"
"linked-hearts-charm","Stone:White","White","","Oxidized Silver, Highly","Heavily Oxidized Silver"
"dragonfly-crystal-charm","Stone:Blue &amp; Orange","Blue &amp; Orange","","Oxidized Silver, Highly","Heavily Oxidized Silver"
"royal-carriage-charm","","","","Oxidized Silver, Highly","Heavily Oxidized Silver"
"blossom-and-butterfly-charm","CZ+Enamel","White","Pink &amp; White","Oxidized Silver, Highly","Heavily Oxidized Silver"
"angel-pearl-charm","Stone:White","White","","Oxidized Silver, Highly","Heavily Oxidized Silver"
"devil-pearl-charm","Stone:Black","Black","","Oxidized Silver, Highly","Heavily Oxidized Silver"
"dreamcatcher-charm","Stone: Muti-color","Multicolour","","Rhodium Plated","Rhodium Plated"
"crown-charm","Stone: Muti-color","Multicolour","","Rhodium Plated","Rhodium Plated"
"owl-charm-turquoise","+Enamel","Blue &amp; White","","Rhodium Plated","Rhodium Plated"
"family-tree-charm","Stone: White","White","","Rhodium Plated","Rhodium Plated"
"flamingo-charm-pink","+Enamel","White","","Rhodium Plated","Rhodium Plated"
"feather-charm","Stone: White","White","","Rhodium Plated","Rhodium Plated"
"owl-charm-gold-heart","+Enamel","Blue","","Rhodium Plated","Rhodium Plated"
"mother-and-child-charm","Stone: white","White","","Rhodium Plated","Rhodium Plated"
"safety-chain","Stone: white","White","","Rhodium Plated","Rhodium Plated"
"sea-turtle-charm","Stone: Blue","Blue","","Rhodium Plated","Rhodium Plated"
"i-love-you-heart-charm","CZ+Enamel","White","","Rhodium Plated","Rhodium Plated"
"rainbow-heart-charm","Stone: Muti-color","Multicolour","","Rhodium Plated","Rhodium Plated"
"corgi-charm","CZ+Enamel","White","","Rhodium Plated","Rhodium Plated"
"dog-kennel-charm","Stone: Purple","Purple","","Rhodium Plated","Rhodium Plated"
"snowman-charm","Stone: Blue+Red","Blue &amp; Red","","Rhodium Plated","Rhodium Plated"
"lotus-flower-charm","","","","Rhodium Plating, Enamel","Rhodium Plated, Enamel"
"little-mermaid-charm","","","","Silver Oxidation","Oxidized Silver"
"coat-of-arms-charm","","","","Rhodium Plating","Rhodium Plated"
"fluted-clip-clear-stone","","","","Silver Plating","Silver Plated"
"pink-enamel-spacer","","","","Silver Plating","Silver Plated"
"snake-chain-bracelet-with-enamel-accent","","","","Rhodium Plating, Enamel","Rhodium Plated, Enamel"
