"File","Dist"
"img_0001.jpg","225,57"
"img_0002.jpg","56,89"
"img_0003.jpg","62,05"
"img_0004.jpg","55,1"
"img_0005.jpg","48,91"
"img_0006.jpg","53,53"
"img_0007.jpg","51,08"
"img_0008.jpg","51,08"
"img_0009.jpg","51,08"
"img_0010.jpg","51,07"
"img_0011.jpg","55,12"
"img_0012.jpg","54,42"
"img_0013.jpg","60,71"
"img_0014.jpg","53,58"
"img_0015.jpg","55,95"
"img_0016.jpg","55,12"
"img_0017.jpg","55,12"
"img_0018.jpg","55,12"
"img_0019.jpg","55,12"
"img_0020.jpg","55,12"
"img_0021.jpg","55,12"
"img_0022.jpg","50,84"
"img_0023.jpg","51,09"
"img_0024.jpg","56,78"
"img_0025.jpg","55,91"
"img_0026.jpg","55,12"
"img_0027.jpg","64,95"
"img_0028.jpg","54,9"
"img_0029.jpg","55,12"
"img_0030.jpg","55,12"
"img_0031.jpg","55,01"
"img_0032.jpg","55,12"
"img_0033.jpg","55,12"
"img_0034.jpg","55,12"
"img_0035.jpg","55,08"
"img_0036.jpg","54,66"
"img_0037.jpg","55,12"
"img_0038.jpg","55,12"
"img_0039.jpg","58,6"
"img_0040.jpg","66,21"
"img_0041.jpg","60,23"
"img_0042.jpg","64,29"
"img_0043.jpg","55,12"
"img_0044.jpg","55,12"
"img_0045.jpg","55,12"
"img_0046.jpg","55,12"
"img_0047.jpg","55,12"
"img_0048.jpg","55,12"
"img_0049.jpg","55,12"
"img_0050.jpg","87,12"
"img_0051.jpg","54,92"
"img_0052.jpg","55,9"
"img_0053.jpg","47,24"
"img_0054.jpg","50,26"
"img_0055.jpg","57,92"
"img_0056.jpg","55,12"
"img_0057.jpg","87,75"
"img_0058.jpg","57,18"
"img_0059.jpg","55,12"
"img_0060.jpg","55,12"
"img_0061.jpg","55,12"
"img_0062.jpg","55,12"
"img_0063.jpg","57,22"
"img_0064.jpg","56,4"
"img_0065.jpg","55,84"
"img_0066.jpg","52,93"
"img_0067.jpg","56,4"
"img_0068.jpg","55,21"
"img_0069.jpg","55,16"
"img_0070.jpg","83,48"
"img_0071.jpg","105,23"
"img_0072.jpg","55,16"
"img_0073.jpg","55,12"
"img_0074.jpg","46,37"
"img_0075.jpg","56,23"
"img_0076.jpg","60,13"
"img_0077.jpg","55,11"
"img_0078.jpg","77,8"
"img_0079.jpg","68,35"
"img_0080.jpg","64,84"
"img_0081.jpg","61,1"
"img_0082.jpg","58,39"
"img_0083.jpg","62,2"
"img_0084.jpg","45,18"
"img_0085.jpg","52,74"
"img_0086.jpg","58,16"
"img_0087.jpg","58,12"
"img_0088.jpg","67,07"
"img_0089.jpg","57,84"
"img_0090.jpg","55,74"
"img_0091.jpg","56,28"
"img_0092.jpg","61,43"
"img_0093.jpg","55,13"
"img_0094.jpg","61,02"
"img_0095.jpg","63,34"
"img_0096.jpg","77,26"
"img_0097.jpg","73,16"
"img_0098.jpg","55,12"
"img_0099.jpg","57,54"
"img_0100.jpg","70,49"
"img_0101.jpg","63"
"img_0102.jpg","72,17"
"img_0103.jpg","56,73"
"img_0104.jpg","59,42"
"img_0105.jpg","58,47"
"img_0106.jpg","58,12"
"img_0107.jpg","58,98"
"img_0108.jpg","55,12"
"img_0109.jpg","57,53"
"img_0110.jpg","62,5"
"img_0111.jpg","55,13"
"img_0112.jpg","55,12"
"img_0113.jpg","55,12"
"img_0114.jpg","55,8"
"img_0115.jpg","55,12"
"img_0116.jpg","55,17"
"img_0117.jpg","57,8"
"img_0118.jpg","55,18"
"img_0119.jpg","55,12"
"img_0120.jpg","55,12"
"img_0121.jpg","55,12"
"img_0122.jpg","55,25"
"img_0123.jpg","0"
"img_0124.jpg","65,32"
"img_0125.jpg","55,12"
"img_0126.jpg","55,12"
"img_0127.jpg","59,23"
"img_0128.jpg","55,12"
"img_0129.jpg","55,12"
"img_0130.jpg","55,12"
"img_0131.jpg","55,12"
"img_0132.jpg","55,15"
"img_0133.jpg","55,12"
"img_0134.jpg","55,12"
"img_0135.jpg","55,12"
"img_0136.jpg","54,54"
"img_0137.jpg","46,47"
"img_0138.jpg","55,12"
"img_0139.jpg","55,12"
"img_0140.jpg","55,46"
"img_0141.jpg","55,12"
"img_0142.jpg","54,43"
"img_0143.jpg","55,12"
"img_0144.jpg","64,52"
"img_0145.jpg","55,12"
"img_0146.jpg","58,99"
"img_0147.jpg","55,12"
"img_0148.jpg","55,12"
"img_0149.jpg","46,44"
"img_0150.jpg","46,5"
"img_0151.jpg","46,46"
"img_0152.jpg","51,91"
"img_0153.jpg","46,46"
"img_0154.jpg","46,46"
"img_0155.jpg","46,46"
"img_0156.jpg","46,46"
"img_0157.jpg","52,21"
"img_0158.jpg","45,95"
"img_0159.jpg","52,36"
"img_0160.jpg","46,46"
"img_0161.jpg","46,46"
"img_0162.jpg","51"
"img_0163.jpg","47,35"
"img_0164.jpg","52,2"
"img_0165.jpg","46,46"
"img_0166.jpg","56,77"
"img_0167.jpg","46,47"
"img_0168.jpg","46,47"
"img_0169.jpg","46,47"
"img_0170.jpg","47,99"
"img_0171.jpg","47,27"
"img_0172.jpg","46,47"
"img_0173.jpg","51,58"
"img_0174.jpg","46,46"
"img_0175.jpg","49,71"
"img_0176.jpg","46,47"
"img_0177.jpg","46,47"
"img_0178.jpg","47,99"
"img_0179.jpg","46,46"
"img_0180.jpg","48,4"
"img_0181.jpg","46,46"
"img_0182.jpg","46,54"
"img_0183.jpg","46,46"
"img_0184.jpg","46,46"
"img_0185.jpg","48,63"
"img_0186.jpg","46,46"
"img_0187.jpg","46,46"
"img_0188.jpg","49,01"
"img_0189.jpg","46,46"
"img_0190.jpg","54,54"
"img_0191.jpg","54,54"
"img_0192.jpg","54,54"
"img_0193.jpg","46,46"
"img_0194.jpg","46,46"
"img_0195.jpg","46,46"
"img_0196.jpg","46,46"
"img_0197.jpg","46,46"
"img_0198.jpg","49,11"
"img_0199.jpg","59,52"
"img_0200.jpg","54,54"
"img_0201.jpg","54,54"
"img_0202.jpg","60,36"
"img_0203.jpg","61,99"
"img_0204.jpg","54,54"
"img_0205.jpg","54,54"
"img_0206.jpg","57,42"
"img_0207.jpg","54,54"
"img_0208.jpg","54,54"
"img_0209.jpg","55,22"
"img_0210.jpg","55,28"
"img_0211.jpg","54,55"
"img_0212.jpg","54,54"
"img_0213.jpg","54,63"
"img_0214.jpg","56,32"
"img_0215.jpg","55,12"
"img_0216.jpg","55,12"
"img_0217.jpg","55,21"
"img_0218.jpg","64,54"
"img_0219.jpg","55,12"
"img_0220.jpg","57,19"
"img_0221.jpg","55,57"
"img_0222.jpg","46,19"
"img_0223.jpg","45,88"
"img_0224.jpg","45,33"
"img_0225.jpg","44,26"
"img_0226.jpg","46,97"
"img_0227.jpg","45,11"
"img_0228.jpg","44,34"
"img_0229.jpg","46,34"
"img_0230.jpg","44,67"
"img_0231.jpg","47,75"
"img_0232.jpg","46,75"
"img_0233.jpg","44,99"
"img_0234.jpg","45,93"
"img_0235.jpg","45,78"
"img_0236.jpg","46,63"
"img_0237.jpg","44,16"
"img_0238.jpg","44,51"
"img_0239.jpg","47,05"
"img_0240.jpg","47,15"
"img_0241.jpg","44,28"
"img_0242.jpg","45,07"
"img_0243.jpg","47,59"
"img_0244.jpg","45,99"
"img_0245.jpg","48,28"
"img_0246.jpg","44,59"
"img_0247.jpg","45,8"
"img_0248.jpg","54,87"
"img_0249.jpg","54,66"
"img_0250.jpg","55,12"
"img_0251.jpg","55,12"
"img_0252.jpg","57,66"
"img_0253.jpg","55,12"
"img_0254.jpg","52,25"
"img_0255.jpg","51,45"
"img_0256.jpg","55,12"
"img_0257.jpg","52,29"
"img_0258.jpg","53,58"
"img_0259.jpg","57,94"
"img_0260.jpg","55,15"
"img_0261.jpg","55,49"
"img_0262.jpg","53,6"
"img_0263.jpg","54,1"
"img_0264.jpg","53,83"
"img_0265.jpg","53,57"
"img_0266.jpg","50,73"
"img_0267.jpg","46,65"
"img_0268.jpg","48,32"
"img_0269.jpg","48,44"
"img_0270.jpg","46,01"
"img_0271.jpg","57,56"
"img_0272.jpg","54,23"
"img_0273.jpg","53,7"
"img_0274.jpg","54,18"
"img_0275.jpg","112,76"
"img_0276.jpg","53,44"
"img_0277.jpg","46,47"
"img_0278.jpg","46,48"
"img_0279.jpg","46,46"
"img_0280.jpg","46,47"
"img_0281.jpg","46,47"
"img_0282.jpg","46,51"
"img_0283.jpg","56,15"
"img_0284.jpg","58,32"
"img_0285.jpg","55,69"
"img_0286.jpg","56,87"
"img_0287.jpg","55,12"
"img_0288.jpg","55,13"
"img_0289.jpg","63,26"
"img_0290.jpg","59,19"
"img_0291.jpg","55,12"
"img_0292.jpg","55,12"
"img_0293.jpg","55,12"
"img_0294.jpg","59,11"
"img_0295.jpg","56,18"
"img_0296.jpg","56,24"
"img_0297.jpg","55,12"
"img_0298.jpg","55,12"
"img_0299.jpg","55,12"
"img_0300.jpg","55,12"
"img_0301.jpg","55,12"
"img_0302.jpg","55,12"
"img_0303.jpg","55,6"
"img_0304.jpg","55,29"
"img_0305.jpg","55,12"
"img_0306.jpg","46,88"
"img_0307.jpg","45,71"
"img_0308.jpg","55,15"
"img_0309.jpg","56,36"
"img_0310.jpg","55,12"
"img_0311.jpg","55,3"
"img_0312.jpg","55,12"
"img_0313.jpg","55,12"
"img_0314.jpg","55,12"
"img_0315.jpg","55,12"
"img_0316.jpg","55,12"
"img_0317.jpg","54,8"
"img_0318.jpg","55,39"
"img_0319.jpg","57,57"
"img_0320.jpg","55,12"
"img_0321.jpg","55,1"
"img_0322.jpg","55,16"
"img_0323.jpg","55,13"
"img_0324.jpg","55,11"
"img_0325.jpg","55,12"
"img_0326.jpg","55,12"
"img_0327.jpg","55,12"
"img_0328.jpg","55,13"
"img_0329.jpg","55,12"
"img_0330.jpg","55,17"
"img_0331.jpg","55,12"
"img_0332.jpg","55,12"
"img_0333.jpg","54,48"
"img_0334.jpg","58,8"
"img_0335.jpg","61,63"
"img_0336.jpg","55"
"img_0337.jpg","55,12"
"img_0338.jpg","55,86"
"img_0339.jpg","60,78"
"img_0340.jpg","61,36"
"img_0341.jpg","63,98"
"img_0342.jpg","55,66"
"img_0343.jpg","55,04"
"img_0344.jpg","55,12"
"img_0345.jpg","55,41"
"img_0346.jpg","55,12"
"img_0347.jpg","61,54"
"img_0348.jpg","55,12"
"img_0349.jpg","55,13"
"img_0350.jpg","55,14"
"img_0351.jpg","55,12"
"img_0352.jpg","55,08"
"img_0353.jpg","56,74"
"img_0354.jpg","55,12"
"img_0355.jpg","55,37"
"img_0356.jpg","55,12"
"img_0357.jpg","55,12"
"img_0358.jpg","55,12"
"img_0359.jpg","55,13"
"img_0360.jpg","55,09"
"img_0361.jpg","55,15"
"img_0362.jpg","55,12"
"img_0363.jpg","55,12"
"img_0364.jpg","55,12"
"img_0365.jpg","55,12"
"img_0366.jpg","55,12"
"img_0367.jpg","55,09"
"img_0368.jpg","55,12"
"img_0369.jpg","55,13"
"img_0370.jpg","55,23"
"img_0371.jpg","56,34"
"img_0372.jpg","55,16"
"img_0373.jpg","55,32"
"img_0374.jpg","55,12"
"img_0375.jpg","55,12"
"img_0376.jpg","55,12"
"img_0377.jpg","55,12"
"img_0378.jpg","55,12"
"img_0379.jpg","55,12"
"img_0380.jpg","55,12"
"img_0381.jpg","55,12"
"img_0382.jpg","55,12"
"img_0383.jpg","54,49"
"img_0384.jpg","54,48"
"img_0385.jpg","55,12"
"img_0386.jpg","55,12"
"img_0387.jpg","55,12"
"img_0388.jpg","55,12"
"img_0389.jpg","55,12"
"img_0390.jpg","55,12"
"img_0391.jpg","54,81"
"img_0392.jpg","55,12"
"img_0393.jpg","55,12"
"img_0394.jpg","55,12"
"img_0395.jpg","55,25"
"img_0396.jpg","55,12"
"img_0397.jpg","55,12"
"img_0398.jpg","55,12"
"img_0399.jpg","55,12"
"img_0400.jpg","55,12"
"img_0401.jpg","55,12"
"img_0402.jpg","55,12"
"img_0403.jpg","55,49"
"img_0404.jpg","55,12"
"img_0405.jpg","55,12"
"img_0406.jpg","55,12"
"img_0407.jpg","54,61"
"img_0408.jpg","55,12"
"img_0409.jpg","54,04"
"img_0410.jpg","55,12"
"img_0411.jpg","55,12"
"img_0412.jpg","55,12"
"img_0413.jpg","55,12"
"img_0414.jpg","55,12"
"img_0415.jpg","55,12"
"img_0416.jpg","53,19"
"img_0417.jpg","55,02"
"img_0418.jpg","55,08"
"img_0419.jpg","55,12"
"img_0420.jpg","56,98"
"img_0421.jpg","54,63"
"img_0422.jpg","58,82"
"img_0423.jpg","56"
"img_0424.jpg","46,32"
"img_0425.jpg","47,15"
"img_0426.jpg","46,21"
"img_0427.jpg","179,78"
"img_0428.jpg","217,4"
"img_0429.jpg","209,64"
"img_0430.jpg","220,06"
"img_0431.jpg","44,26"
"img_0432.jpg","73,29"
"img_0433.jpg","54,6"
"img_0434.jpg","70,93"
"img_0435.jpg","69,65"
"img_0436.jpg","56,07"
"img_0437.jpg","67,17"
"img_0438.jpg","67,88"
"img_0439.jpg","55,51"
"img_0440.jpg","55,32"
"img_0441.jpg","56,4"
"img_0442.jpg","55,54"
"img_0443.jpg","55,36"
"img_0444.jpg","72,34"
"img_0445.jpg","67,75"
"img_0446.jpg","79,01"
"img_0447.jpg","83,03"
"img_0448.jpg","76,92"
"img_0449.jpg","74,06"
"img_0450.jpg","69,63"
"img_0451.jpg","72,45"
"img_0452.jpg","69,25"
"img_0453.jpg","65,58"
"img_0454.jpg","66,94"
"img_0455.jpg","66,07"
"img_0456.jpg","65,63"
"img_0457.jpg","65,84"
"img_0458.jpg","65,46"
"img_0459.jpg","65,79"
"img_0460.jpg","64,89"
"img_0461.jpg","70,28"
"img_0462.jpg","59,32"
"img_0463.jpg","66,76"
"img_0464.jpg","66,39"
"img_0465.jpg","66,25"
"img_0466.jpg","66,71"
"img_0467.jpg","66,48"
"img_0468.jpg","55,13"
"img_0469.jpg","55,12"
"img_0470.jpg","224,31"
"img_0471.jpg","60,61"
"img_0472.jpg","55,12"
"img_0473.jpg","55,12"
"img_0474.jpg","55,12"
"img_0475.jpg","55,12"
"img_0476.jpg","55,12"
"img_0477.jpg","55,12"
"img_0478.jpg","55,12"
"img_0479.jpg","55,12"
"img_0480.jpg","55,12"
"img_0481.jpg","55,52"
"img_0482.jpg","55,22"
"img_0483.jpg","55,12"
"img_0484.jpg","55,39"
"img_0485.jpg","55,12"
"img_0486.jpg","55,12"
"img_0487.jpg","54,55"
"img_0488.jpg","55,12"
"img_0489.jpg","55,12"
"img_0490.jpg","55,12"
"img_0491.jpg","59,04"
"img_0492.jpg","59,82"
"img_0493.jpg","54,54"
"img_0494.jpg","58,44"
"img_0495.jpg","55,12"
"img_0496.jpg","57,23"
"img_0497.jpg","57,13"
"img_0498.jpg","57"
"img_0499.jpg","57,06"
"img_0500.jpg","56,62"
"img_0501.jpg","55,16"
"img_0502.jpg","58,84"
"img_0503.jpg","55,13"
"img_0504.jpg","55,79"
"img_0505.jpg","62,01"
"img_0506.jpg","55,12"
"img_0507.jpg","55,12"
"img_0508.jpg","55,12"
"img_0509.jpg","55,12"
"img_0510.jpg","55,38"
"img_0511.jpg","55,66"
"img_0512.jpg","56,58"
"img_0513.jpg","55,55"
"img_0514.jpg","55,28"
"img_0515.jpg","55,63"
"img_0516.jpg","55,77"
"img_0517.jpg","54,36"
"img_0518.jpg","55,32"
"img_0519.jpg","54,64"
"img_0520.jpg","55,19"
"img_0521.jpg","46,46"
"img_0522.jpg","56,11"
"img_0523.jpg","59,5"
"img_0524.jpg","54,2"
"img_0525.jpg","55,37"
"img_0526.jpg","55,12"
"img_0527.jpg","55,12"
"img_0528.jpg","55,57"
"img_0529.jpg","55,17"
"img_0530.jpg","54,97"
"img_0531.jpg","53,76"
"img_0532.jpg","55,12"
"img_0533.jpg","82,21"
