row	sku	image
85	ORCB01	img_0077.jpg
86	ORCB02	img_0078.jpg
87	ORCB03	img_0079.jpg
88	ORCB04	img_0080.jpg
89	ORCB05	img_0081.jpg
90	ORCB06	img_0082.jpg
91	ORCB07	img_0083.jpg
92	ORCB08	img_0086.jpg
93	ORCB09	img_0087.jpg
94	ORCB10	img_0088.jpg
95	ORCB11	img_0089.jpg
96	ORCB12	img_0090.jpg
97	ORCB13	img_0091.jpg
98	ORCB14	img_0092.jpg
99	ORCB15	img_0093.jpg
100	ORCB16	img_0094.jpg
101	ORCB17	img_0095.jpg
102	ORCB18	img_0096.jpg
103	ORCB20	img_0097.jpg
104	ORCB21	img_0098.jpg
105	ORCB22	img_0099.jpg
106	ORCB23	img_0100.jpg
107	ORCB25	img_0101.jpg
108	ORCB26	img_0102.jpg
109	ORCB27	img_0103.jpg
110	ORCB28	img_0104.jpg
111	ORCB29	img_0105.jpg
112	ORCB30	img_0106.jpg
113	ORCB34	img_0107.jpg
114	ORCB35	img_0108.jpg
115	ORCB36	img_0109.jpg
116	ORCB37	img_0110.jpg
117	ORCB38	img_0111.jpg
118	ORCB39	img_0112.jpg
119	ORCB40	img_0113.jpg
120	ORCB41	img_0114.jpg
121	ORCB42	img_0115.jpg
122	ORCB43	img_0116.jpg
123	ORCB44	img_0117.jpg
124	ORCB45	img_0118.jpg
125	ORCB46	img_0119.jpg
126	ORCB47	img_0120.jpg
127	ORCB48	img_0121.jpg
128	ORCB49	img_0122.jpg
129	ORCB50	img_0123.jpg
130	ORCB51	img_0124.jpg
131	ORCB52	img_0125.jpg
132	ORCB53	img_0126.jpg
133	ORCB54	img_0127.jpg
134	ORCB55	img_0128.jpg
135	ORCB56	img_0129.jpg
136	ORCB58	img_0130.jpg
137	ORCB59	img_0131.jpg
138	ORCB60	img_0132.jpg
139	ORCB61	img_0133.jpg
140	ORCB62	img_0134.jpg
141	ORCB63	img_0135.jpg
142	ORCB64	img_0137.jpg
143	ORCB65	img_0136.jpg
144	ORCB66	img_0138.jpg
145	ORCB67	img_0139.jpg
146	ORCB70	img_0140.jpg
147	ORCB71	img_0141.jpg
148	ORCB73	img_0142.jpg
149	ORCB74	img_0143.jpg
150	ORCB76	img_0144.jpg
151	ORCB77	img_0145.jpg
152	ORCB78	img_0146.jpg
153	ORCB79	img_0147.jpg
154	ORCB80	img_0148.jpg
155	ORCB81	img_0149.jpg
156	ORCB82	img_0150.jpg
157	ORCB83	img_0151.jpg
158	ORCB84	img_0152.jpg
159	ORCB85	img_0153.jpg
160	ORCB86	img_0154.jpg
161	ORCB88	img_0155.jpg
162	ORCB89	img_0156.jpg
163	ORCB100	img_0157.jpg
164	ORCB101	img_0158.jpg
165	ORCB102	img_0159.jpg
166	ORCB103	img_0160.jpg
167	ORCB104	img_0161.jpg
168	ORCB106	img_0162.jpg
169	ORCB107	img_0163.jpg
170	ORCB108	img_0164.jpg
171	ORCB110	img_0165.jpg
172	ORCB111	img_0166.jpg
173	ORCB113	img_0167.jpg
174	ORCB114	img_0168.jpg
175	ORCB115	img_0169.jpg
176	ORCB116	img_0170.jpg
177	ORCB117	img_0171.jpg
178	ORCB118	img_0172.jpg
179	ORCB119	img_0173.jpg
180	ORCB120	img_0174.jpg
181	ORCB122	img_0175.jpg
182	ORCB123	img_0176.jpg
183	ORCB124	img_0177.jpg
184	ORCB125	img_0178.jpg
185	ORCB126	img_0179.jpg
186	ORCB127	img_0180.jpg
187	ORCB128	img_0181.jpg
188	ORCB129	img_0182.jpg
189	ORCB135	img_0183.jpg
190	ORCB136	img_0184.jpg
191	ORCB137	img_0185.jpg
192	ORCB138	img_0186.jpg
193	ORCB139	img_0187.jpg
194	ORCB140	img_0188.jpg
195	ORCB142	img_0189.jpg
196	ORCB144	img_0193.jpg
197	ORCB146	img_0194.jpg
198	ORCB149	img_0195.jpg
199	ORCB150	img_0196.jpg
200	ORCB151	img_0197.jpg
201	ORCB152	img_0198.jpg
202	ORCB153	img_0190.jpg
203	ORCB154	img_0191.jpg
204	ORCB155	img_0192.jpg
205	ORCB156	img_0199.jpg
206	ORCB157	img_0200.jpg
207	ORCB159	img_0201.jpg
208	ORCB160	img_0202.jpg
209	ORCB161	img_0203.jpg
210	ORCB162	img_0204.jpg
211	ORCB163	img_0205.jpg
212	ORCB164	img_0206.jpg
213	ORCB165	img_0207.jpg
214	ORCB166	img_0208.jpg
215	ORCB168	img_0209.jpg
216	ORCB169	img_0210.jpg
217	ORCB170	img_0211.jpg
218	ORCB171	img_0212.jpg
219	ORCB173	img_0213.jpg
220	ORCB174	img_0214.jpg
221	ORCB175	img_0215.jpg
222	ORCB176	img_0216.jpg
223	ORCB177	img_0217.jpg
224	ORCB179	img_0218.jpg
225	ORCB180	img_0219.jpg
226	ORCB182	img_0220.jpg
483	ORCB199	img_0472.jpg
484	ORCB200	img_0473.jpg
485	ORCB201	img_0474.jpg
486	ORCB202	img_0475.jpg
487	ORCB203	img_0476.jpg
488	ORCB204	img_0477.jpg
489	ORCB205	img_0478.jpg
490	ORCB206	img_0479.jpg
491	ORCB176	img_0480.jpg
492	ORCB208	img_0481.jpg
493	ORCB209	img_0482.jpg
494	ORCB210	img_0483.jpg
495	ORCB211	img_0484.jpg
496	ORCB212	img_0485.jpg
497	ORCB213	img_0486.jpg
499	ORCB215	img_0488.jpg
500	ORCB216	img_0489.jpg
501	ORCB217	img_0490.jpg
502	ORCB218	img_0491.jpg
503	ORCB219	img_0492.jpg
504	ORCB220	img_0493.jpg
505	ORCB221	img_0494.jpg
526	GCB56-R	img_0505.jpg
551	ORCB145	img_0521.jpg
