sku	position	source	target
ORCB01	1	invoice_images/img_0077.jpg	ORCB01.jpg
ORCB02	1	invoice_images/img_0078.jpg	ORCB02.jpg
ORCB03	1	invoice_images/img_0079.jpg	ORCB03.jpg
ORCB05	1	invoice_images/img_0081.jpg	ORCB05.jpg
ORCB06	1	invoice_images/img_0082.jpg	ORCB06.jpg
ORCB07	1	invoice_images/img_0083.jpg	ORCB07.jpg
ORCB08	1	invoice_images/img_0086.jpg	ORCB08.jpg
ORCB09	1	invoice_images/img_0087.jpg	ORCB09.jpg
ORCB10	1	invoice_images/img_0088.jpg	ORCB10.jpg
ORCB100	1	invoice_images_clean/img_0157.jpg	ORCB100.jpg
ORCB101	1	invoice_images_clean/img_0158.jpg	ORCB101.jpg
ORCB102	1	invoice_images_clean/img_0159.jpg	ORCB102.jpg
ORCB103	1	invoice_images_clean/img_0160.jpg	ORCB103.jpg
ORCB104	1	invoice_images_clean/img_0161.jpg	ORCB104.jpg
ORCB106	1	invoice_images_clean/img_0162.jpg	ORCB106.jpg
ORCB107	1	invoice_images_clean/img_0163.jpg	ORCB107.jpg
ORCB108	1	invoice_images_clean/img_0164.jpg	ORCB108.jpg
ORCB11	1	invoice_images/img_0089.jpg	ORCB11.jpg
ORCB110	1	invoice_images_clean/img_0165.jpg	ORCB110.jpg
ORCB111	1	invoice_images_clean/img_0166.jpg	ORCB111.jpg
ORCB113	1	invoice_images_clean/img_0167.jpg	ORCB113.jpg
ORCB114	1	invoice_images_clean/img_0168.jpg	ORCB114.jpg
ORCB115	1	invoice_images_clean/img_0169.jpg	ORCB115.jpg
ORCB116	1	invoice_images_clean/img_0170.jpg	ORCB116.jpg
ORCB117	1	invoice_images_clean/img_0171.jpg	ORCB117.jpg
ORCB118	1	invoice_images_clean/img_0172.jpg	ORCB118.jpg
ORCB119	1	invoice_images_clean/img_0173.jpg	ORCB119.jpg
ORCB12	1	invoice_images/img_0090.jpg	ORCB12.jpg
ORCB120	1	invoice_images_clean/img_0174.jpg	ORCB120.jpg
ORCB122	1	invoice_images_clean/img_0175.jpg	ORCB122.jpg
ORCB123	1	invoice_images_clean/img_0176.jpg	ORCB123.jpg
ORCB124	1	invoice_images_clean/img_0177.jpg	ORCB124.jpg
ORCB125	1	invoice_images_clean/img_0178.jpg	ORCB125.jpg
ORCB126	1	invoice_images_clean/img_0179.jpg	ORCB126.jpg
ORCB127	1	invoice_images_clean/img_0180.jpg	ORCB127.jpg
ORCB128	1	invoice_images_clean/img_0181.jpg	ORCB128.jpg
ORCB129	1	invoice_images_clean/img_0182.jpg	ORCB129.jpg
ORCB13	1	invoice_images/img_0091.jpg	ORCB13.jpg
ORCB135	1	invoice_images_clean/img_0183.jpg	ORCB135.jpg
ORCB136	1	invoice_images_clean/img_0184.jpg	ORCB136.jpg
ORCB137	1	invoice_images_clean/img_0185.jpg	ORCB137.jpg
ORCB138	1	invoice_images_clean/img_0186.jpg	ORCB138.jpg
ORCB139	1	invoice_images_clean/img_0187.jpg	ORCB139.jpg
ORCB14	1	invoice_images/img_0092.jpg	ORCB14.jpg
ORCB140	1	invoice_images_clean/img_0188.jpg	ORCB140.jpg
ORCB142	1	invoice_images_clean/img_0189.jpg	ORCB142.jpg
ORCB144	1	invoice_images_clean/img_0193.jpg	ORCB144.jpg
ORCB145	1	invoice_images_clean/img_0521.jpg	ORCB145.jpg
ORCB146	1	invoice_images_clean/img_0194.jpg	ORCB146.jpg
ORCB149	1	invoice_images_clean/img_0195.jpg	ORCB149.jpg
ORCB15	1	invoice_images/img_0093.jpg	ORCB15.jpg
ORCB150	1	invoice_images_clean/img_0196.jpg	ORCB150.jpg
ORCB151	1	invoice_images_clean/img_0197.jpg	ORCB151.jpg
ORCB152	1	invoice_images_clean/img_0198.jpg	ORCB152.jpg
ORCB153	1	invoice_images/img_0190.jpg	ORCB153.jpg
ORCB154	1	invoice_images/img_0191.jpg	ORCB154.jpg
ORCB155	1	invoice_images/img_0192.jpg	ORCB155.jpg
ORCB156	1	invoice_images/img_0199.jpg	ORCB156.jpg
ORCB157	1	invoice_images/img_0200.jpg	ORCB157.jpg
ORCB159	1	invoice_images/img_0201.jpg	ORCB159.jpg
ORCB16	1	invoice_images/img_0094.jpg	ORCB16.jpg
ORCB160	1	invoice_images/img_0202.jpg	ORCB160.jpg
ORCB161	1	invoice_images/img_0203.jpg	ORCB161.jpg
ORCB162	1	invoice_images/img_0204.jpg	ORCB162.jpg
ORCB163	1	invoice_images/img_0205.jpg	ORCB163.jpg
ORCB164	1	invoice_images/img_0206.jpg	ORCB164.jpg
ORCB165	1	invoice_images/img_0207.jpg	ORCB165.jpg
ORCB166	1	invoice_images/img_0208.jpg	ORCB166.jpg
ORCB168	1	invoice_images/img_0209.jpg	ORCB168.jpg
ORCB169	1	invoice_images/img_0210.jpg	ORCB169.jpg
ORCB17	1	invoice_images/img_0095.jpg	ORCB17.jpg
ORCB170	1	invoice_images/img_0211.jpg	ORCB170.jpg
ORCB171	1	invoice_images/img_0212.jpg	ORCB171.jpg
ORCB173	1	invoice_images/img_0213.jpg	ORCB173.jpg
ORCB174	1	invoice_images/img_0214.jpg	ORCB174.jpg
ORCB175	1	invoice_images/img_0215.jpg	ORCB175.jpg
ORCB177	1	invoice_images/img_0217.jpg	ORCB177.jpg
ORCB179	1	invoice_images/img_0218.jpg	ORCB179.jpg
ORCB18	1	invoice_images/img_0096.jpg	ORCB18.jpg
ORCB180	1	invoice_images/img_0219.jpg	ORCB180.jpg
ORCB182	1	invoice_images/img_0220.jpg	ORCB182.jpg
ORCB183-A	1	invoice_images/img_0223.jpg	ORCB183-A.jpg
ORCB183-B	1	invoice_images/img_0222.jpg	ORCB183-B.jpg
ORCB183-C	1	invoice_images/img_0224.jpg	ORCB183-C.jpg
ORCB183-D	1	invoice_images/img_0226.jpg	ORCB183-D.jpg
ORCB183-E	1	invoice_images/img_0225.jpg	ORCB183-E.jpg
ORCB183-F	1	invoice_images/img_0227.jpg	ORCB183-F.jpg
ORCB183-G	1	invoice_images/img_0230.jpg	ORCB183-G.jpg
ORCB183-H	1	invoice_images/img_0229.jpg	ORCB183-H.jpg
ORCB183-I	1	invoice_images/img_0228.jpg	ORCB183-I.jpg
ORCB183-J	1	invoice_images/img_0238.jpg	ORCB183-J.jpg
ORCB183-K	1	invoice_images/img_0240.jpg	ORCB183-K.jpg
ORCB183-L	1	invoice_images/img_0239.jpg	ORCB183-L.jpg
ORCB183-M	1	invoice_images/img_0231.jpg	ORCB183-M.jpg
ORCB183-N	1	invoice_images/img_0232.jpg	ORCB183-N.jpg
ORCB183-O	1	invoice_images/img_0233.jpg	ORCB183-O.jpg
ORCB183-P	1	invoice_images/img_0234.jpg	ORCB183-P.jpg
ORCB183-Q	1	invoice_images/img_0235.jpg	ORCB183-Q.jpg
ORCB183-R	1	invoice_images/img_0236.jpg	ORCB183-R.jpg
ORCB183-S	1	invoice_images/img_0237.jpg	ORCB183-S.jpg
ORCB183-T	1	invoice_images/img_0246.jpg	ORCB183-T.jpg
ORCB183-U	1	invoice_images/img_0247.jpg	ORCB183-U.jpg
ORCB183-V	1	invoice_images/img_0241.jpg	ORCB183-V.jpg
ORCB183-W	1	invoice_images/img_0244.jpg	ORCB183-W.jpg
ORCB183-X	1	invoice_images/img_0243.jpg	ORCB183-X.jpg
ORCB183-Y	1	invoice_images/img_0242.jpg	ORCB183-Y.jpg
ORCB183-Z	1	invoice_images/img_0245.jpg	ORCB183-Z.jpg
ORCB199	1	invoice_images/img_0472.jpg	ORCB199.jpg
ORCB20	1	invoice_images/img_0097.jpg	ORCB20.jpg
ORCB200	1	invoice_images/img_0473.jpg	ORCB200.jpg
ORCB201	1	invoice_images/img_0474.jpg	ORCB201.jpg
ORCB202	1	invoice_images/img_0475.jpg	ORCB202.jpg
ORCB203	1	invoice_images/img_0476.jpg	ORCB203.jpg
ORCB204	1	invoice_images/img_0477.jpg	ORCB204.jpg
ORCB205	1	invoice_images/img_0478.jpg	ORCB205.jpg
ORCB206	1	invoice_images/img_0479.jpg	ORCB206.jpg
ORCB208	1	invoice_images/img_0481.jpg	ORCB208.jpg
ORCB209	1	invoice_images/img_0482.jpg	ORCB209.jpg
ORCB21	1	invoice_images/img_0098.jpg	ORCB21.jpg
ORCB210	1	invoice_images/img_0483.jpg	ORCB210.jpg
ORCB211	1	invoice_images/img_0484.jpg	ORCB211.jpg
ORCB212	1	invoice_images/img_0485.jpg	ORCB212.jpg
ORCB213	1	invoice_images/img_0486.jpg	ORCB213.jpg
ORCB214	1	E:/HD PICTURE/ORCB214/333.jpg	ORCB214.jpg
ORCB214	2	E:/HD PICTURE/ORCB214/CB214-MAIN-IMG_00-S.jpg	ORCB214-2.jpg
ORCB214	3	E:/HD PICTURE/ORCB214/CB214-MAIN-IMG_0079-(1)-S.jpg	ORCB214-3.jpg
ORCB214	4	E:/HD PICTURE/ORCB214/CB214-MAIN-IMG_0079-(2)-S.jpg	ORCB214-4.jpg
ORCB215	1	invoice_images/img_0488.jpg	ORCB215.jpg
ORCB216	1	invoice_images/img_0489.jpg	ORCB216.jpg
ORCB217	1	invoice_images/img_0490.jpg	ORCB217.jpg
ORCB218	1	invoice_images/img_0491.jpg	ORCB218.jpg
ORCB219	1	invoice_images/img_0492.jpg	ORCB219.jpg
ORCB22	1	invoice_images/img_0099.jpg	ORCB22.jpg
ORCB220	1	invoice_images/img_0493.jpg	ORCB220.jpg
ORCB221	1	invoice_images/img_0494.jpg	ORCB221.jpg
ORCB23	1	invoice_images/img_0100.jpg	ORCB23.jpg
ORCB25	1	invoice_images/img_0101.jpg	ORCB25.jpg
ORCB26	1	invoice_images/img_0102.jpg	ORCB26.jpg
ORCB27	1	invoice_images/img_0103.jpg	ORCB27.jpg
ORCB28	1	invoice_images/img_0104.jpg	ORCB28.jpg
ORCB29	1	invoice_images/img_0105.jpg	ORCB29.jpg
ORCB30	1	invoice_images/img_0106.jpg	ORCB30.jpg
ORCB32-Agr	1	invoice_images/img_0460.jpg	ORCB32-Agr.jpg
ORCB32-Ari	1	invoice_images/img_0446.jpg	ORCB32-Ari.jpg
ORCB32-Cap	1	invoice_images/img_0449.jpg	ORCB32-Cap.jpg
ORCB32-Cnc	1	invoice_images/img_0450.jpg	ORCB32-Cnc.jpg
ORCB32-Gem	1	invoice_images/img_0462.jpg	ORCB32-Gem.jpg
ORCB32-Leo	1	invoice_images/img_0452.jpg	ORCB32-Leo.jpg
ORCB32-Lib	1	invoice_images/img_0461.jpg	ORCB32-Lib.jpg
ORCB32-Psc	1	invoice_images/img_0448.jpg	ORCB32-Psc.jpg
ORCB32-Sco	1	invoice_images/img_0447.jpg	ORCB32-Sco.jpg
ORCB32-Sgr	1	invoice_images/img_0451.jpg	ORCB32-Sgr.jpg
ORCB32-Tau	1	invoice_images/img_0445.jpg	ORCB32-Tau.jpg
ORCB32-Vir	1	invoice_images/img_0444.jpg	ORCB32-Vir.jpg
ORCB33-BL	1	invoice_images/img_0464.jpg	ORCB33-BL.jpg
ORCB33-F	1	invoice_images/img_0465.jpg	ORCB33-F.jpg
ORCB33-G	1	invoice_images/img_0463.jpg	ORCB33-G.jpg
ORCB33-L	1	invoice_images/img_0467.jpg	ORCB33-L.jpg
ORCB33-LV	1	invoice_images/img_0457.jpg	ORCB33-LV.jpg
ORCB33-M	1	invoice_images/img_0459.jpg	ORCB33-M.jpg
ORCB33-P	1	invoice_images/img_0454.jpg	ORCB33-P.jpg
ORCB33-PL	1	invoice_images/img_0458.jpg	ORCB33-PL.jpg
ORCB33-Q	1	invoice_images/img_0455.jpg	ORCB33-Q.jpg
ORCB33-R	1	invoice_images/img_0453.jpg	ORCB33-R.jpg
ORCB33-W	1	invoice_images/img_0456.jpg	ORCB33-W.jpg
ORCB33-X	1	invoice_images/img_0466.jpg	ORCB33-X.jpg
ORCB34	1	invoice_images/img_0107.jpg	ORCB34.jpg
ORCB35	1	invoice_images/img_0108.jpg	ORCB35.jpg
ORCB36	1	invoice_images/img_0109.jpg	ORCB36.jpg
ORCB37	1	invoice_images/img_0110.jpg	ORCB37.jpg
ORCB38	1	invoice_images/img_0111.jpg	ORCB38.jpg
ORCB39	1	invoice_images/img_0112.jpg	ORCB39.jpg
ORCB40	1	invoice_images/img_0113.jpg	ORCB40.jpg
ORCB41	1	invoice_images/img_0114.jpg	ORCB41.jpg
ORCB42	1	invoice_images/img_0115.jpg	ORCB42.jpg
ORCB43	1	invoice_images/img_0116.jpg	ORCB43.jpg
ORCB44	1	invoice_images/img_0117.jpg	ORCB44.jpg
ORCB45	1	invoice_images/img_0118.jpg	ORCB45.jpg
ORCB46	1	invoice_images/img_0119.jpg	ORCB46.jpg
ORCB47	1	invoice_images/img_0120.jpg	ORCB47.jpg
ORCB48	1	invoice_images/img_0121.jpg	ORCB48.jpg
ORCB49	1	invoice_images/img_0122.jpg	ORCB49.jpg
ORCB50	1	invoice_images_clean/img_0123.jpg	ORCB50.jpg
ORCB51	1	invoice_images/img_0124.jpg	ORCB51.jpg
ORCB52	1	invoice_images/img_0125.jpg	ORCB52.jpg
ORCB53	1	invoice_images/img_0126.jpg	ORCB53.jpg
ORCB54	1	invoice_images/img_0127.jpg	ORCB54.jpg
ORCB55	1	invoice_images/img_0128.jpg	ORCB55.jpg
ORCB56	1	invoice_images/img_0129.jpg	ORCB56.jpg
ORCB58	1	invoice_images/img_0130.jpg	ORCB58.jpg
ORCB59	1	invoice_images/img_0131.jpg	ORCB59.jpg
ORCB60	1	invoice_images/img_0132.jpg	ORCB60.jpg
ORCB61	1	invoice_images/img_0133.jpg	ORCB61.jpg
ORCB62	1	invoice_images/img_0134.jpg	ORCB62.jpg
ORCB63	1	invoice_images/img_0135.jpg	ORCB63.jpg
ORCB64	1	invoice_images_clean/img_0137.jpg	ORCB64.jpg
ORCB65	1	invoice_images/img_0136.jpg	ORCB65.jpg
ORCB66	1	invoice_images/img_0138.jpg	ORCB66.jpg
ORCB67	1	invoice_images/img_0139.jpg	ORCB67.jpg
ORCB70	1	invoice_images/img_0140.jpg	ORCB70.jpg
ORCB71	1	invoice_images/img_0141.jpg	ORCB71.jpg
ORCB73	1	invoice_images/img_0142.jpg	ORCB73.jpg
ORCB74	1	invoice_images/img_0143.jpg	ORCB74.jpg
ORCB76	1	invoice_images/img_0144.jpg	ORCB76.jpg
ORCB77	1	invoice_images/img_0145.jpg	ORCB77.jpg
ORCB78	1	invoice_images/img_0146.jpg	ORCB78.jpg
ORCB79	1	invoice_images/img_0147.jpg	ORCB79.jpg
ORCB80	1	invoice_images/img_0148.jpg	ORCB80.jpg
ORCB81	1	invoice_images_clean/img_0149.jpg	ORCB81.jpg
ORCB82	1	invoice_images_clean/img_0150.jpg	ORCB82.jpg
ORCB83	1	invoice_images_clean/img_0151.jpg	ORCB83.jpg
ORCB84	1	invoice_images_clean/img_0152.jpg	ORCB84.jpg
ORCB85	1	invoice_images_clean/img_0153.jpg	ORCB85.jpg
ORCB86	1	invoice_images_clean/img_0154.jpg	ORCB86.jpg
ORCB88	1	invoice_images_clean/img_0155.jpg	ORCB88.jpg
ORCB89	1	invoice_images_clean/img_0156.jpg	ORCB89.jpg
ORCBB01-17	1	E:/HD PICTURE/Orloff customized design/CBB01/1.jpg	ORCBB01-17.jpg
ORCBB01-17	2	E:/HD PICTURE/Orloff customized design/CBB01/12.jpg	ORCBB01-17-2.jpg
ORCBB01-17	3	E:/HD PICTURE/Orloff customized design/CBB01/122.jpg	ORCBB01-17-3.jpg
ORCBB01-17	4	E:/HD PICTURE/Orloff customized design/CBB01/13.jpg	ORCBB01-17-4.jpg
ORCBB01-19	1	E:/HD PICTURE/Orloff customized design/CBB01/1.jpg	ORCBB01-19.jpg
ORCBB01-19	2	E:/HD PICTURE/Orloff customized design/CBB01/12.jpg	ORCBB01-19-2.jpg
ORCBB01-19	3	E:/HD PICTURE/Orloff customized design/CBB01/122.jpg	ORCBB01-19-3.jpg
ORCBB01-19	4	E:/HD PICTURE/Orloff customized design/CBB01/13.jpg	ORCBB01-19-4.jpg
ORCBB01-21	1	E:/HD PICTURE/Orloff customized design/CBB01/1.jpg	ORCBB01-21.jpg
ORCBB01-21	2	E:/HD PICTURE/Orloff customized design/CBB01/12.jpg	ORCBB01-21-2.jpg
ORCBB01-21	3	E:/HD PICTURE/Orloff customized design/CBB01/122.jpg	ORCBB01-21-3.jpg
ORCBB01-21	4	E:/HD PICTURE/Orloff customized design/CBB01/13.jpg	ORCBB01-21-4.jpg
ORGCB05-P-18	1	E:/HD PICTURE/Orloff customized design/GCB05/03.jpg	ORGCB05-P-18.jpg
ORGCB05-P-18	2	E:/HD PICTURE/Orloff customized design/GCB05/1.jpg	ORGCB05-P-18-2.jpg
ORGCB05-P-18	3	E:/HD PICTURE/Orloff customized design/GCB05/2.jpg	ORGCB05-P-18-3.jpg
ORGCB05-P-18	4	E:/HD PICTURE/Orloff customized design/GCB05/GCB05.jpg	ORGCB05-P-18-4.jpg
ORGCB06-P	1	E:/HD PICTURE/Orloff customized design/GCB06/1.jpg	ORGCB06-P.jpg
ORGCB06-P	2	E:/HD PICTURE/Orloff customized design/GCB06/2.jpg	ORGCB06-P-2.jpg
ORGCB06-P	3	E:/HD PICTURE/Orloff customized design/GCB06/GCB06.jpg	ORGCB06-P-3.jpg
ORGCB06-P	4	E:/HD PICTURE/Orloff customized design/GCB06/IMG_0095.jpg	ORGCB06-P-4.jpg
ORGCB07-18K	1	E:/HD PICTURE/Orloff customized design/GCB07-18K/1.jpg	ORGCB07-18K.jpg
ORGCB07-18K	2	E:/HD PICTURE/Orloff customized design/GCB07-18K/IMG_2049.jpg	ORGCB07-18K-2.jpg
ORGCB07-18K	3	E:/HD PICTURE/Orloff customized design/GCB07-18K/IMG_2287.jpg	ORGCB07-18K-3.jpg
ORGCB07-18K	4	E:/HD PICTURE/Orloff customized design/GCB07-18K/IMG_3062.jpg	ORGCB07-18K-4.jpg
ORGCB07-P	1	E:/HD PICTURE/Orloff customized design/GCB07-P/GCB07-P.jpg	ORGCB07-P.jpg
ORGCB07-P	2	E:/HD PICTURE/Orloff customized design/GCB07-P/1.jpg	ORGCB07-P-2.jpg
ORGCB07-P	3	E:/HD PICTURE/Orloff customized design/GCB07-P/IMG_0174.jpg	ORGCB07-P-3.jpg
ORGCB07-P	4	E:/HD PICTURE/Orloff customized design/GCB07-P/IMG_0330.jpg	ORGCB07-P-4.jpg
ORGCB08-18K	1	E:/HD PICTURE/Orloff customized design/GCB08-18K/1.jpg	ORGCB08-18K.jpg
ORGCB08-18K	2	E:/HD PICTURE/Orloff customized design/GCB08-18K/2.jpg	ORGCB08-18K-2.jpg
ORGCB08-18K	3	E:/HD PICTURE/Orloff customized design/GCB08-18K/3.jpg	ORGCB08-18K-3.jpg
ORGCB08-18K	4	E:/HD PICTURE/Orloff customized design/GCB08-18K/IMG_2257.jpg	ORGCB08-18K-4.jpg
ORGCB08-P	1	E:/HD PICTURE/Orloff customized design/GCB08-P/GCB08-P.jpg	ORGCB08-P.jpg
ORGCB08-P	2	E:/HD PICTURE/Orloff customized design/GCB08-P/1.jpg	ORGCB08-P-2.jpg
ORGCB08-P	3	E:/HD PICTURE/Orloff customized design/GCB08-P/2.jpg	ORGCB08-P-3.jpg
ORGCB08-P	4	E:/HD PICTURE/Orloff customized design/GCB08-P/3.jpg	ORGCB08-P-4.jpg
ORGCB09-P	1	E:/HD PICTURE/Orloff customized design/GCB09/1.jpg	ORGCB09-P.jpg
ORGCB09-P	2	E:/HD PICTURE/Orloff customized design/GCB09/2.jpg	ORGCB09-P-2.jpg
ORGCB09-P	3	E:/HD PICTURE/Orloff customized design/GCB09/3.jpg	ORGCB09-P-3.jpg
ORGCB09-P	4	E:/HD PICTURE/Orloff customized design/GCB09/GCB09.jpg	ORGCB09-P-4.jpg
ORGCB10-P	1	E:/HD PICTURE/Orloff customized design/GCB10/07.jpg	ORGCB10-P.jpg
ORGCB10-P	2	E:/HD PICTURE/Orloff customized design/GCB10/1.jpg	ORGCB10-P-2.jpg
ORGCB10-P	3	E:/HD PICTURE/Orloff customized design/GCB10/2.jpg	ORGCB10-P-3.jpg
ORGCB10-P	4	E:/HD PICTURE/Orloff customized design/GCB10/GCB10.jpg	ORGCB10-P-4.jpg
ORGCB175	1	E:/HD PICTURE/GCB175/GCB175.jpg	ORGCB175.jpg
ORGCB175	2	E:/HD PICTURE/GCB175/GCB175-1.jpg	ORGCB175-2.jpg
ORGCB175	3	E:/HD PICTURE/GCB175/GCB175-2.jpg	ORGCB175-3.jpg
ORGCB175	4	E:/HD PICTURE/GCB175/GCB175-3.jpg	ORGCB175-4.jpg
ORGCB181	1	E:/HD PICTURE/GCB181/04-S.jpg	ORGCB181.jpg
ORGCB181	2	E:/HD PICTURE/GCB181/04.jpg	ORGCB181-2.jpg
ORGCB181	3	E:/HD PICTURE/GCB181/1.jpg	ORGCB181-3.jpg
ORGCB181	4	E:/HD PICTURE/GCB181/14-S.jpg	ORGCB181-4.jpg
ORGCB182-1	1	E:/HD PICTURE/GCB182-1/IMG_9512-S.jpg	ORGCB182-1.jpg
ORGCB182-1	2	E:/HD PICTURE/GCB182-1/IMG_9512.jpg	ORGCB182-1-2.jpg
ORGCB182-1	3	E:/HD PICTURE/GCB182-1/IMG_95431-S.jpg	ORGCB182-1-3.jpg
ORGCB182-1	4	E:/HD PICTURE/GCB182-1/IMG_95431.jpg	ORGCB182-1-4.jpg
ORGCB182-2	1	E:/HD PICTURE/GCB182-2/IMG_9509-S.jpg	ORGCB182-2.jpg
ORGCB182-2	2	E:/HD PICTURE/GCB182-2/IMG_9509.jpg	ORGCB182-2-2.jpg
ORGCB182-2	3	E:/HD PICTURE/GCB182-2/IMG_95436-S.jpg	ORGCB182-2-3.jpg
ORGCB182-2	4	E:/HD PICTURE/GCB182-2/IMG_95436.jpg	ORGCB182-2-4.jpg
ORGCB182-3	1	E:/HD PICTURE/GCB182-3/IMG_9503-S.jpg	ORGCB182-3.jpg
ORGCB182-3	2	E:/HD PICTURE/GCB182-3/IMG_9503.jpg	ORGCB182-3-2.jpg
ORGCB182-3	3	E:/HD PICTURE/GCB182-3/IMG_95432-S.jpg	ORGCB182-3-3.jpg
ORGCB182-3	4	E:/HD PICTURE/GCB182-3/IMG_95432.jpg	ORGCB182-3-4.jpg
ORGCB182-5	1	E:/HD PICTURE/GCB182-5/IMG_9504-S.jpg	ORGCB182-5.jpg
ORGCB182-5	2	E:/HD PICTURE/GCB182-5/IMG_9504.jpg	ORGCB182-5-2.jpg
ORGCB182-5	3	E:/HD PICTURE/GCB182-5/IMG_95433-S.jpg	ORGCB182-5-3.jpg
ORGCB182-5	4	E:/HD PICTURE/GCB182-5/IMG_95433.jpg	ORGCB182-5-4.jpg
ORGCB182-6	1	E:/HD PICTURE/GCB182-6/IMG_9507-S.jpg	ORGCB182-6.jpg
ORGCB182-6	2	E:/HD PICTURE/GCB182-6/IMG_9507.jpg	ORGCB182-6-2.jpg
ORGCB182-6	3	E:/HD PICTURE/GCB182-6/IMG_95435-S.jpg	ORGCB182-6-3.jpg
ORGCB182-6	4	E:/HD PICTURE/GCB182-6/IMG_95435.jpg	ORGCB182-6-4.jpg
ORGCB182-7	1	E:/HD PICTURE/GCB182-7/IMG_9505-S.jpg	ORGCB182-7.jpg
ORGCB182-7	2	E:/HD PICTURE/GCB182-7/IMG_9505.jpg	ORGCB182-7-2.jpg
ORGCB182-7	3	E:/HD PICTURE/GCB182-7/IMG_95434-S.jpg	ORGCB182-7-3.jpg
ORGCB182-7	4	E:/HD PICTURE/GCB182-7/IMG_95434.jpg	ORGCB182-7-4.jpg
ORGCB182-8	1	E:/HD PICTURE/GCB182-8/IMG_9511-S.jpg	ORGCB182-8.jpg
ORGCB182-8	2	E:/HD PICTURE/GCB182-8/IMG_9511.jpg	ORGCB182-8-2.jpg
ORGCB182-8	3	E:/HD PICTURE/GCB182-8/IMG_95437-S.jpg	ORGCB182-8-3.jpg
ORGCB182-8	4	E:/HD PICTURE/GCB182-8/IMG_95437.jpg	ORGCB182-8-4.jpg
ORGCB184-1	1	E:/HD PICTURE/GCB184-1/IMG_9494-S.jpg	ORGCB184-1.jpg
ORGCB184-1	2	E:/HD PICTURE/GCB184-1/IMG_9494.jpg	ORGCB184-1-2.jpg
ORGCB184-1	3	E:/HD PICTURE/GCB184-1/IMG_95413-S.jpg	ORGCB184-1-3.jpg
ORGCB184-1	4	E:/HD PICTURE/GCB184-1/IMG_95413.jpg	ORGCB184-1-4.jpg
ORGCB184-2	1	E:/HD PICTURE/GCB184-2/IMG_9492-S.jpg	ORGCB184-2.jpg
ORGCB184-2	2	E:/HD PICTURE/GCB184-2/IMG_9492.jpg	ORGCB184-2-2.jpg
ORGCB184-2	3	E:/HD PICTURE/GCB184-2/IMG_95412-S.jpg	ORGCB184-2-3.jpg
ORGCB184-2	4	E:/HD PICTURE/GCB184-2/IMG_95412.jpg	ORGCB184-2-4.jpg
ORGCB184-3	1	E:/HD PICTURE/GCB184-3/IMG_9497-S.jpg	ORGCB184-3.jpg
ORGCB184-3	2	E:/HD PICTURE/GCB184-3/IMG_9497.jpg	ORGCB184-3-2.jpg
ORGCB184-3	3	E:/HD PICTURE/GCB184-3/IMG_95415-S.jpg	ORGCB184-3-3.jpg
ORGCB184-3	4	E:/HD PICTURE/GCB184-3/IMG_95415.jpg	ORGCB184-3-4.jpg
ORGCB184-4	1	E:/HD PICTURE/GCB184-4/IMG_9496-S.jpg	ORGCB184-4.jpg
ORGCB184-4	2	E:/HD PICTURE/GCB184-4/IMG_9496.jpg	ORGCB184-4-2.jpg
ORGCB184-4	3	E:/HD PICTURE/GCB184-4/IMG_95414-S.jpg	ORGCB184-4-3.jpg
ORGCB184-4	4	E:/HD PICTURE/GCB184-4/IMG_95414.jpg	ORGCB184-4-4.jpg
ORGCB184-5	1	E:/HD PICTURE/GCB184-5/IMG_9500-S.jpg	ORGCB184-5.jpg
ORGCB184-5	2	E:/HD PICTURE/GCB184-5/IMG_9500.jpg	ORGCB184-5-2.jpg
ORGCB184-5	3	E:/HD PICTURE/GCB184-5/IMG_95416-S.jpg	ORGCB184-5-3.jpg
ORGCB184-5	4	E:/HD PICTURE/GCB184-5/IMG_95416.jpg	ORGCB184-5-4.jpg
ORGCB184-6	1	E:/HD PICTURE/GCB184-6/IMG_9502-S.jpg	ORGCB184-6.jpg
ORGCB184-6	2	E:/HD PICTURE/GCB184-6/IMG_9502.jpg	ORGCB184-6-2.jpg
ORGCB184-6	3	E:/HD PICTURE/GCB184-6/IMG_95417-S.jpg	ORGCB184-6-3.jpg
ORGCB184-6	4	E:/HD PICTURE/GCB184-6/IMG_95417.jpg	ORGCB184-6-4.jpg
ORGCB184-7	1	E:/HD PICTURE/GCB184-7/IMG_9493-S.jpg	ORGCB184-7.jpg
ORGCB184-7	2	E:/HD PICTURE/GCB184-7/IMG_9493.jpg	ORGCB184-7-2.jpg
ORGCB184-7	3	E:/HD PICTURE/GCB184-7/IMG_95411-S.jpg	ORGCB184-7-3.jpg
ORGCB184-7	4	E:/HD PICTURE/GCB184-7/IMG_95411.jpg	ORGCB184-7-4.jpg
ORGCB185-14K	1	E:/HD PICTURE/GCB185-14K/01-S.jpg	ORGCB185-14K.jpg
ORGCB185-14K	2	E:/HD PICTURE/GCB185-14K/01.jpg	ORGCB185-14K-2.jpg
ORGCB185-14K	3	E:/HD PICTURE/GCB185-14K/13-S.jpg	ORGCB185-14K-3.jpg
ORGCB185-14K	4	E:/HD PICTURE/GCB185-14K/13.jpg	ORGCB185-14K-4.jpg
ORGCB186-1	1	E:/HD PICTURE/GCB186-1/IMG_9471-S.jpg	ORGCB186-1.jpg
ORGCB186-1	2	E:/HD PICTURE/GCB186-1/IMG_9471.jpg	ORGCB186-1-2.jpg
ORGCB186-1	3	E:/HD PICTURE/GCB186-1/IMG_9525-S.jpg	ORGCB186-1-3.jpg
ORGCB186-1	4	E:/HD PICTURE/GCB186-1/IMG_9525.jpg	ORGCB186-1-4.jpg
ORGCB186-2	1	E:/HD PICTURE/GCB186-2/IMG_9469-S.jpg	ORGCB186-2.jpg
ORGCB186-2	2	E:/HD PICTURE/GCB186-2/IMG_9469.jpg	ORGCB186-2-2.jpg
ORGCB186-2	3	E:/HD PICTURE/GCB186-2/IMG_9524-S.jpg	ORGCB186-2-3.jpg
ORGCB186-2	4	E:/HD PICTURE/GCB186-2/IMG_9524.jpg	ORGCB186-2-4.jpg
ORGCB187-14K-1	1	E:/HD PICTURE/GCB187-14K-1/IMG_9454-S.jpg	ORGCB187-14K-1.jpg
ORGCB187-14K-1	2	E:/HD PICTURE/GCB187-14K-1/IMG_9454.jpg	ORGCB187-14K-1-2.jpg
ORGCB187-14K-1	3	E:/HD PICTURE/GCB187-14K-1/IMG_9532-S.jpg	ORGCB187-14K-1-3.jpg
ORGCB187-14K-1	4	E:/HD PICTURE/GCB187-14K-1/IMG_9532.jpg	ORGCB187-14K-1-4.jpg
ORGCB187-14K-2	1	E:/HD PICTURE/GCB187-14K-2/IMG_9459-S.jpg	ORGCB187-14K-2.jpg
ORGCB187-14K-2	2	E:/HD PICTURE/GCB187-14K-2/IMG_9459.jpg	ORGCB187-14K-2-2.jpg
ORGCB187-14K-2	3	E:/HD PICTURE/GCB187-14K-2/IMG_9531-S.jpg	ORGCB187-14K-2-3.jpg
ORGCB187-14K-2	4	E:/HD PICTURE/GCB187-14K-2/IMG_9531.jpg	ORGCB187-14K-2-4.jpg
ORGCB25	1	E:/HD PICTURE/Orloff customized design/GCB25/GCB25.jpg	ORGCB25.jpg
ORGCB25	2	E:/HD PICTURE/Orloff customized design/GCB25/06.jpg	ORGCB25-2.jpg
ORGCB25	3	E:/HD PICTURE/Orloff customized design/GCB25/1.jpg	ORGCB25-3.jpg
ORGCB25	4	E:/HD PICTURE/Orloff customized design/GCB25/2.jpg	ORGCB25-4.jpg
ORGCB27	1	E:/HD PICTURE/Orloff customized design/GCB27/GCB27.jpg	ORGCB27.jpg
ORGCB27	2	E:/HD PICTURE/Orloff customized design/GCB27/1.jpg	ORGCB27-2.jpg
ORGCB27	3	E:/HD PICTURE/Orloff customized design/GCB27/2.jpg	ORGCB27-3.jpg
ORGCB27	4	E:/HD PICTURE/Orloff customized design/GCB27/3.jpg	ORGCB27-4.jpg
ORGCB50P	1	E:/HD PICTURE/Orloff customized design/GCB50/071.jpg	ORGCB50P.jpg
ORGCB50P	2	E:/HD PICTURE/Orloff customized design/GCB50/1.jpg	ORGCB50P-2.jpg
ORGCB50P	3	E:/HD PICTURE/Orloff customized design/GCB50/2.jpg	ORGCB50P-3.jpg
ORGCB50P	4	E:/HD PICTURE/Orloff customized design/GCB50/GCB50.jpg	ORGCB50P-4.jpg
ORGCB51-P	1	E:/HD PICTURE/GCB51-P/11.jpg	ORGCB51-P.jpg
ORGCB51-P	2	E:/HD PICTURE/GCB51-P/IMG_1749.jpg	ORGCB51-P-2.jpg
ORGCB51-P	3	E:/HD PICTURE/GCB51-P/IMG_1917.jpg	ORGCB51-P-3.jpg
ORGCB51-P	4	E:/HD PICTURE/GCB51-P/IMG_2221.jpg	ORGCB51-P-4.jpg
ORGCB51-WY	1	E:/HD PICTURE/GCB51-WY/13.jpg	ORGCB51-WY.jpg
ORGCB51-WY	2	E:/HD PICTURE/GCB51-WY/IMG_1755.jpg	ORGCB51-WY-2.jpg
ORGCB51-WY	3	E:/HD PICTURE/GCB51-WY/IMG_1915.jpg	ORGCB51-WY-3.jpg
ORGCB51-WY	4	E:/HD PICTURE/GCB51-WY/IMG_2245.jpg	ORGCB51-WY-4.jpg
ORGCB51-YL	1	E:/HD PICTURE/GCB51-YL/02.jpg	ORGCB51-YL.jpg
ORGCB51-YL	2	E:/HD PICTURE/GCB51-YL/IMG_1743.jpg	ORGCB51-YL-2.jpg
ORGCB51-YL	3	E:/HD PICTURE/GCB51-YL/IMG_1919.jpg	ORGCB51-YL-3.jpg
ORGCB51-YL	4	E:/HD PICTURE/GCB51-YL/IMG_2113.jpg	ORGCB51-YL-4.jpg
ORGCB51-YP	1	E:/HD PICTURE/GCB51-YP/12.jpg	ORGCB51-YP.jpg
ORGCB51-YP	2	E:/HD PICTURE/GCB51-YP/IMG_1754.jpg	ORGCB51-YP-2.jpg
ORGCB51-YP	3	E:/HD PICTURE/GCB51-YP/IMG_1921.jpg	ORGCB51-YP-3.jpg
ORGCB51-YP	4	E:/HD PICTURE/GCB51-YP/IMG_2118.jpg	ORGCB51-YP-4.jpg
ORGCB51-YR	1	E:/HD PICTURE/GCB51-YR/10.jpg	ORGCB51-YR.jpg
ORGCB51-YR	2	E:/HD PICTURE/GCB51-YR/IMG_1746.jpg	ORGCB51-YR-2.jpg
ORGCB51-YR	3	E:/HD PICTURE/GCB51-YR/IMG_1913.jpg	ORGCB51-YR-3.jpg
ORGCB51-YR	4	E:/HD PICTURE/GCB51-YR/IMG_2103.jpg	ORGCB51-YR-4.jpg
ORGCB52-L	1	E:/HD PICTURE/GCB52-L/001.jpg	ORGCB52-L.jpg
ORGCB52-L	2	E:/HD PICTURE/GCB52-L/1.jpg	ORGCB52-L-2.jpg
ORGCB52-L	3	E:/HD PICTURE/GCB52-L/16.jpg	ORGCB52-L-3.jpg
ORGCB52-L	4	E:/HD PICTURE/GCB52-L/2.jpg	ORGCB52-L-4.jpg
ORGCB53-L	1	E:/HD PICTURE/GCB53-L/002.jpg	ORGCB53-L.jpg
ORGCB53-L	2	E:/HD PICTURE/GCB53-L/1.jpg	ORGCB53-L-2.jpg
ORGCB53-L	3	E:/HD PICTURE/GCB53-L/18.jpg	ORGCB53-L-3.jpg
ORGCB53-L	4	E:/HD PICTURE/GCB53-L/2.jpg	ORGCB53-L-4.jpg
ORGCB54-L	1	E:/HD PICTURE/GCB54-L/003.jpg	ORGCB54-L.jpg
ORGCB54-L	2	E:/HD PICTURE/GCB54-L/1.jpg	ORGCB54-L-2.jpg
ORGCB54-L	3	E:/HD PICTURE/GCB54-L/17.jpg	ORGCB54-L-3.jpg
ORGCB54-L	4	E:/HD PICTURE/GCB54-L/2.jpg	ORGCB54-L-4.jpg
ORGCB55-L	1	E:/HD PICTURE/GCB55-L/004.jpg	ORGCB55-L.jpg
ORGCB55-L	2	E:/HD PICTURE/GCB55-L/1.jpg	ORGCB55-L-2.jpg
ORGCB55-L	3	E:/HD PICTURE/GCB55-L/14.jpg	ORGCB55-L-3.jpg
ORGCB55-L	4	E:/HD PICTURE/GCB55-L/2.jpg	ORGCB55-L-4.jpg
ORGCB56-B	1	E:/HD PICTURE/GCB56-B/1.jpg	ORGCB56-B.jpg
ORGCB56-B	2	E:/HD PICTURE/GCB56-B/15.jpg	ORGCB56-B-2.jpg
ORGCB56-B	3	E:/HD PICTURE/GCB56-B/2.jpg	ORGCB56-B-3.jpg
ORGCB56-B	4	E:/HD PICTURE/GCB56-B/3.jpg	ORGCB56-B-4.jpg
ORGCB56-L	1	invoice_images/img_0504.jpg	ORGCB56-L.jpg
ORGCB56-R	1	invoice_images/img_0505.jpg	ORGCB56-R.jpg
ORGCB57-Z	1	E:/HD PICTURE/GCB57-Z/1.jpg	ORGCB57-Z.jpg
ORGCB57-Z	2	E:/HD PICTURE/GCB57-Z/19.jpg	ORGCB57-Z-2.jpg
ORGCB57-Z	3	E:/HD PICTURE/GCB57-Z/2.jpg	ORGCB57-Z-3.jpg
ORGCB57-Z	4	E:/HD PICTURE/GCB57-Z/3.jpg	ORGCB57-Z-4.jpg
ORGCB58-LVR	1	E:/HD PICTURE/GCB58-LVR/01.jpg	ORGCB58-LVR.jpg
ORGCB58-LVR	2	E:/HD PICTURE/GCB58-LVR/1.jpg	ORGCB58-LVR-2.jpg
ORGCB58-LVR	3	E:/HD PICTURE/GCB58-LVR/2.jpg	ORGCB58-LVR-3.jpg
ORGCB58-LVR	4	E:/HD PICTURE/GCB58-LVR/3.jpg	ORGCB58-LVR-4.jpg
ORGCBB1-17-B	1	E:/HD PICTURE/ORGCBB1-B/2.jpg	ORGCBB1-17-B.jpg
ORGCBB1-17-B	2	E:/HD PICTURE/ORGCBB1-B/22.jpg	ORGCBB1-17-B-2.jpg
ORGCBB1-17-B	3	E:/HD PICTURE/ORGCBB1-B/222.jpg	ORGCBB1-17-B-3.jpg
ORGCBB1-17-B	4	E:/HD PICTURE/ORGCBB1-B/7.jpg	ORGCBB1-17-B-4.jpg
ORGCBB1-17-G	1	E:/HD PICTURE/ORGCBB1-G/1.jpg	ORGCBB1-17-G.jpg
ORGCBB1-17-G	2	E:/HD PICTURE/ORGCBB1-G/6.jpg	ORGCBB1-17-G-2.jpg
ORGCBB1-17-G	3	E:/HD PICTURE/ORGCBB1-G/IMG_6371.jpg	ORGCBB1-17-G-3.jpg
ORGCBB1-17-G	4	E:/HD PICTURE/ORGCBB1-G/IMG_63842.jpg	ORGCBB1-17-G-4.jpg
ORGCBB1-17-K	1	E:/HD PICTURE/ORGCBB1-K/4.jpg	ORGCBB1-17-K.jpg
ORGCBB1-17-K	2	E:/HD PICTURE/ORGCBB1-K/9.jpg	ORGCBB1-17-K-2.jpg
ORGCBB1-17-K	3	E:/HD PICTURE/ORGCBB1-K/IMG_6382.jpg	ORGCBB1-17-K-3.jpg
ORGCBB1-17-K	4	E:/HD PICTURE/ORGCBB1-K/IMG_63841.jpg	ORGCBB1-17-K-4.jpg
ORGCBB1-17-R	1	E:/HD PICTURE/ORGCBB1-R/10.jpg	ORGCBB1-17-R.jpg
ORGCBB1-17-R	2	E:/HD PICTURE/ORGCBB1-R/5.jpg	ORGCBB1-17-R-2.jpg
ORGCBB1-17-R	3	E:/HD PICTURE/ORGCBB1-R/IMG_6384.jpg	ORGCBB1-17-R-3.jpg
ORGCBB1-17-W	1	E:/HD PICTURE/ORGCBB1-W/3.jpg	ORGCBB1-17-W.jpg
ORGCBB1-17-W	2	E:/HD PICTURE/ORGCBB1-W/8.jpg	ORGCBB1-17-W-2.jpg
ORGCBB1-17-W	3	E:/HD PICTURE/ORGCBB1-W/IMG_6380.jpg	ORGCBB1-17-W-3.jpg
ORGCBB1-19-B	1	E:/HD PICTURE/ORGCBB1-B/2.jpg	ORGCBB1-19-B.jpg
ORGCBB1-19-B	2	E:/HD PICTURE/ORGCBB1-B/22.jpg	ORGCBB1-19-B-2.jpg
ORGCBB1-19-B	3	E:/HD PICTURE/ORGCBB1-B/222.jpg	ORGCBB1-19-B-3.jpg
ORGCBB1-19-B	4	E:/HD PICTURE/ORGCBB1-B/7.jpg	ORGCBB1-19-B-4.jpg
ORGCBB1-19-G	1	E:/HD PICTURE/ORGCBB1-G/1.jpg	ORGCBB1-19-G.jpg
ORGCBB1-19-G	2	E:/HD PICTURE/ORGCBB1-G/6.jpg	ORGCBB1-19-G-2.jpg
ORGCBB1-19-G	3	E:/HD PICTURE/ORGCBB1-G/IMG_6371.jpg	ORGCBB1-19-G-3.jpg
ORGCBB1-19-G	4	E:/HD PICTURE/ORGCBB1-G/IMG_63842.jpg	ORGCBB1-19-G-4.jpg
ORGCBB1-19-K	1	E:/HD PICTURE/ORGCBB1-K/4.jpg	ORGCBB1-19-K.jpg
ORGCBB1-19-K	2	E:/HD PICTURE/ORGCBB1-K/9.jpg	ORGCBB1-19-K-2.jpg
ORGCBB1-19-K	3	E:/HD PICTURE/ORGCBB1-K/IMG_6382.jpg	ORGCBB1-19-K-3.jpg
ORGCBB1-19-K	4	E:/HD PICTURE/ORGCBB1-K/IMG_63841.jpg	ORGCBB1-19-K-4.jpg
ORGCBB1-19-R	1	E:/HD PICTURE/ORGCBB1-R/10.jpg	ORGCBB1-19-R.jpg
ORGCBB1-19-R	2	E:/HD PICTURE/ORGCBB1-R/5.jpg	ORGCBB1-19-R-2.jpg
ORGCBB1-19-R	3	E:/HD PICTURE/ORGCBB1-R/IMG_6384.jpg	ORGCBB1-19-R-3.jpg
ORGCBB1-19-W	1	E:/HD PICTURE/ORGCBB1-W/3.jpg	ORGCBB1-19-W.jpg
ORGCBB1-19-W	2	E:/HD PICTURE/ORGCBB1-W/8.jpg	ORGCBB1-19-W-2.jpg
ORGCBB1-19-W	3	E:/HD PICTURE/ORGCBB1-W/IMG_6380.jpg	ORGCBB1-19-W-3.jpg
ORGCBB1-21-B	1	E:/HD PICTURE/ORGCBB1-B/2.jpg	ORGCBB1-21-B.jpg
ORGCBB1-21-B	2	E:/HD PICTURE/ORGCBB1-B/22.jpg	ORGCBB1-21-B-2.jpg
ORGCBB1-21-B	3	E:/HD PICTURE/ORGCBB1-B/222.jpg	ORGCBB1-21-B-3.jpg
ORGCBB1-21-B	4	E:/HD PICTURE/ORGCBB1-B/7.jpg	ORGCBB1-21-B-4.jpg
ORGCBB1-21-K	1	E:/HD PICTURE/ORGCBB1-K/4.jpg	ORGCBB1-21-K.jpg
ORGCBB1-21-K	2	E:/HD PICTURE/ORGCBB1-K/9.jpg	ORGCBB1-21-K-2.jpg
ORGCBB1-21-K	3	E:/HD PICTURE/ORGCBB1-K/IMG_6382.jpg	ORGCBB1-21-K-3.jpg
ORGCBB1-21-K	4	E:/HD PICTURE/ORGCBB1-K/IMG_63841.jpg	ORGCBB1-21-K-4.jpg
ORGCBB1-21-R	1	E:/HD PICTURE/ORGCBB1-R/10.jpg	ORGCBB1-21-R.jpg
ORGCBB1-21-R	2	E:/HD PICTURE/ORGCBB1-R/5.jpg	ORGCBB1-21-R-2.jpg
ORGCBB1-21-R	3	E:/HD PICTURE/ORGCBB1-R/IMG_6384.jpg	ORGCBB1-21-R-3.jpg
ORGCBB1-21-W	1	E:/HD PICTURE/ORGCBB1-W/3.jpg	ORGCBB1-21-W.jpg
ORGCBB1-21-W	2	E:/HD PICTURE/ORGCBB1-W/8.jpg	ORGCBB1-21-W-2.jpg
ORGCBB1-21-W	3	E:/HD PICTURE/ORGCBB1-W/IMG_6380.jpg	ORGCBB1-21-W-3.jpg
ORPA0010	1	E:/HD PICTURE/GCB39/PA0010.jpg	ORPA0010.jpg
ORPA0010	2	E:/HD PICTURE/GCB39/PA0010-2.jpg	ORPA0010-2.jpg
ORPA0010	3	E:/HD PICTURE/GCB39/PA0010-4.jpg	ORPA0010-3.jpg
ORPA0035	1	E:/HD PICTURE/GCB41/PA0035.jpg	ORPA0035.jpg
ORPA0035	2	E:/HD PICTURE/GCB41/PA0035-2.JPG	ORPA0035-2.jpg
ORPA0035	3	E:/HD PICTURE/GCB41/PA0035-5.JPG	ORPA0035-3.jpg
ORPA0094	1	E:/HD PICTURE/GCB42/PA0094-2.jpg	ORPA0094.jpg
ORPA0094	2	E:/HD PICTURE/GCB42/PA0094-3.jpg	ORPA0094-2.jpg
ORPA0097	1	E:/HD PICTURE/GCB43/PA0097-2.jpg	ORPA0097.jpg
ORPA0097	2	E:/HD PICTURE/GCB43/PA0097-3.jpg	ORPA0097-2.jpg
ORPA0097	3	E:/HD PICTURE/GCB43/PA0097-2 拷贝.jpg	ORPA0097-3.jpg
ORPA0107	1	E:/HD PICTURE/GCB49/PA0107.jpg	ORPA0107.jpg
ORPA0107	2	E:/HD PICTURE/GCB49/PA0107-2.jpg	ORPA0107-2.jpg
ORPA0107	3	E:/HD PICTURE/GCB49/PA0107-3.jpg	ORPA0107-3.jpg
ORPA0123	1	E:/HD PICTURE/GCB44/PA0123-2.JPG	ORPA0123.jpg
ORPA0123	2	E:/HD PICTURE/GCB44/PA0123-3.JPG	ORPA0123-2.jpg
ORPA0132	1	E:/HD PICTURE/GCB45/PA0132.jpg	ORPA0132.jpg
ORPA0132	2	E:/HD PICTURE/GCB45/PA0132-2.JPG	ORPA0132-2.jpg
ORPA0132	3	E:/HD PICTURE/GCB45/PA0132-3.JPG	ORPA0132-3.jpg
ORPA0142	1	E:/HD PICTURE/GCB46/PA0142.jpg	ORPA0142.jpg
ORPA0142	2	E:/HD PICTURE/GCB46/PA0142-2.JPG	ORPA0142-2.jpg
ORPA0147	1	E:/HD PICTURE/GCB47/PA0147.jpg	ORPA0147.jpg
ORPA0147	2	E:/HD PICTURE/GCB47/PA0147-2.JPG	ORPA0147-2.jpg
ORPA0149	1	E:/HD PICTURE/GCB48/PA0149.jpg	ORPA0149.jpg
ORPA0149	2	E:/HD PICTURE/GCB48/PA0149-2.JPG	ORPA0149-2.jpg
ORPA0149	3	E:/HD PICTURE/GCB48/PA0149-3.JPG	ORPA0149-3.jpg
ORPA034	1	E:/HD PICTURE/GCB40/PA0034-2.JPG	ORPA034.jpg
ORPA034	2	E:/HD PICTURE/GCB40/PA0034-4.JPG	ORPA034-2.jpg
ORPA034	3	E:/HD PICTURE/GCB40/PA0034.jpg	ORPA034-3.jpg
