seq	offset	bytes	width	height	file
1	16739	16141	624	715	img_0001.jpg
2	33051	20876	400	400	img_0002.jpg
3	54098	22433	400	400	img_0003.jpg
4	76702	19696	400	400	img_0004.jpg
5	96570	108968	846	882	img_0005.jpg
6	205711	97787	1001	1001	img_0006.jpg
7	303671	66965	1001	1001	img_0007.jpg
8	370809	66457	1001	1001	img_0008.jpg
9	437439	67080	1001	1001	img_0009.jpg
10	510442	62279	1001	1001	img_0010.jpg
11	572892	45827	926	401	img_0011.jpg
12	618892	85272	1001	1001	img_0012.jpg
13	704337	86600	1001	1001	img_0013.jpg
14	791110	74437	1001	1001	img_0014.jpg
15	865718	31478	800	800	img_0015.jpg
16	897366	7704	400	400	img_0016.jpg
17	905241	13533	400	400	img_0017.jpg
18	918945	12504	400	400	img_0018.jpg
19	931620	14305	400	400	img_0019.jpg
20	949629	75169	1001	1001	img_0020.jpg
21	1024971	75442	1001	1001	img_0021.jpg
22	1100586	91257	1001	1001	img_0022.jpg
23	1192016	60414	1001	1001	img_0023.jpg
24	1252601	27451	454	540	img_0024.jpg
25	1280223	34133	800	800	img_0025.jpg
26	1314527	29815	800	800	img_0026.jpg
27	1344513	55035	800	800	img_0027.jpg
28	1399719	37633	800	800	img_0028.jpg
29	1441131	43947	800	800	img_0029.jpg
30	1485249	26224	800	800	img_0030.jpg
31	1511644	53446	800	800	img_0031.jpg
32	1565261	34987	800	800	img_0032.jpg
33	1600419	24298	800	800	img_0033.jpg
34	1624888	24297	800	800	img_0034.jpg
35	1649356	50469	800	800	img_0035.jpg
36	1699996	45987	800	800	img_0036.jpg
37	1749523	34518	800	800	img_0037.jpg
38	1784212	34667	800	800	img_0038.jpg
39	1819050	36333	800	800	img_0039.jpg
40	1855554	41386	800	800	img_0040.jpg
41	1897111	41114	800	800	img_0041.jpg
42	1938396	41736	800	800	img_0042.jpg
43	1980303	32401	800	800	img_0043.jpg
44	2012875	30778	800	800	img_0044.jpg
45	2047242	28507	800	800	img_0045.jpg
46	2075920	22863	800	800	img_0046.jpg
47	2098954	23021	800	800	img_0047.jpg
48	2122146	21222	800	800	img_0048.jpg
49	2143539	28271	800	800	img_0049.jpg
50	2171981	22727	481	531	img_0050.jpg
51	2194879	18957	486	358	img_0051.jpg
52	2214007	26281	557	525	img_0052.jpg
53	2240459	26238	715	699	img_0053.jpg
54	2266868	25774	507	515	img_0054.jpg
55	2297006	18403	493	554	img_0055.jpg
56	2315580	13211	600	426	img_0056.jpg
57	2328962	29386	562	377	img_0057.jpg
58	2358519	28201	472	424	img_0058.jpg
59	2386891	11740	505	488	img_0059.jpg
60	2398802	11610	574	496	img_0060.jpg
61	2410583	11818	574	481	img_0061.jpg
62	2422572	10955	538	463	img_0062.jpg
63	2433698	29412	713	769	img_0063.jpg
64	2463282	23302	522	652	img_0064.jpg
65	2491225	56026	1001	1001	img_0065.jpg
66	2547425	58920	1001	1001	img_0066.jpg
67	2606517	14710	496	598	img_0067.jpg
68	2621399	19087	607	365	img_0068.jpg
69	2640658	19247	621	382	img_0069.jpg
70	2660077	13498	316	306	img_0070.jpg
71	2673747	13666	314	316	img_0071.jpg
72	2687585	24417	561	614	img_0072.jpg
73	2712174	17867	526	569	img_0073.jpg
74	2733888	39906	800	800	img_0074.jpg
75	2773966	31979	669	631	img_0075.jpg
76	2806117	30943	643	606	img_0076.jpg
77	2840992	25057	668	669	img_0077.jpg
78	2866221	27658	534	526	img_0078.jpg
79	2894051	25293	551	493	img_0079.jpg
80	2919516	34155	483	440	img_0080.jpg
81	2953843	21428	430	554	img_0081.jpg
82	2975443	19021	414	491	img_0082.jpg
83	2994636	17592	444	469	img_0083.jpg
84	3012400	39708	753	608	img_0084.jpg
85	3052280	43148	732	558	img_0085.jpg
86	3099702	18400	381	552	img_0086.jpg
87	3118274	22987	374	490	img_0087.jpg
88	3141433	23424	376	588	img_0088.jpg
89	3165029	21114	441	483	img_0089.jpg
90	3186315	16293	345	598	img_0090.jpg
91	3202780	16103	315	559	img_0091.jpg
92	3219055	18064	382	524	img_0092.jpg
93	3237291	13999	270	529	img_0093.jpg
94	3251462	17611	403	421	img_0094.jpg
95	3272402	22817	452	415	img_0095.jpg
96	3295391	25889	396	391	img_0096.jpg
97	3321452	20947	340	548	img_0097.jpg
98	3342571	16173	347	560	img_0098.jpg
99	3358916	20036	422	371	img_0099.jpg
100	3379124	21518	325	479	img_0100.jpg
101	3400814	28382	463	449	img_0101.jpg
102	3429368	11894	336	378	img_0102.jpg
103	3441434	16773	387	461	img_0103.jpg
104	3461715	25276	368	474	img_0104.jpg
105	3487163	25781	472	458	img_0105.jpg
106	3513116	27256	492	438	img_0106.jpg
107	3540544	37859	605	604	img_0107.jpg
108	3578575	49284	718	716	img_0108.jpg
109	3628031	58496	636	661	img_0109.jpg
110	3686699	27273	625	619	img_0110.jpg
111	3714144	39956	723	655	img_0111.jpg
112	3757862	41136	703	710	img_0112.jpg
113	3799170	17451	588	611	img_0113.jpg
114	3816793	35452	623	640	img_0114.jpg
115	3852417	19359	581	584	img_0115.jpg
116	3871948	19417	603	611	img_0116.jpg
117	3891537	32913	498	541	img_0117.jpg
118	3924622	24333	581	614	img_0118.jpg
119	3949127	17460	547	606	img_0119.jpg
120	3966759	23536	527	591	img_0120.jpg
121	3993887	24731	621	630	img_0121.jpg
122	4018790	22755	581	595	img_0122.jpg
123	4041717	58946	729	706	img_0123.jpg
124	4100835	38213	588	554	img_0124.jpg
125	4139220	20772	499	552	img_0125.jpg
126	4160164	21076	526	605	img_0126.jpg
127	4181412	23889	600	589	img_0127.jpg
128	4205473	41846	800	800	img_0128.jpg
129	4247491	56585	800	800	img_0129.jpg
130	4307775	26942	800	800	img_0130.jpg
131	4334889	35449	800	800	img_0131.jpg
132	4370510	46818	800	800	img_0132.jpg
133	4417500	24933	800	800	img_0133.jpg
134	4442605	39748	800	800	img_0134.jpg
135	4482525	41910	800	800	img_0135.jpg
136	4524607	29369	800	800	img_0136.jpg
137	4554148	39142	800	800	img_0137.jpg
138	4593462	24781	800	800	img_0138.jpg
139	4618415	22850	800	800	img_0139.jpg
140	4644922	36828	800	800	img_0140.jpg
141	4681922	22797	800	800	img_0141.jpg
142	4704891	39737	800	800	img_0142.jpg
143	4744800	31294	800	800	img_0143.jpg
144	4776266	79177	800	800	img_0144.jpg
145	4855615	39729	800	800	img_0145.jpg
146	4895516	85541	800	800	img_0146.jpg
147	4981229	34812	800	800	img_0147.jpg
148	5016213	49140	800	800	img_0148.jpg
149	5065525	56301	800	800	img_0149.jpg
150	5125446	66447	800	800	img_0150.jpg
151	5192065	47354	800	800	img_0151.jpg
152	5239591	42101	800	800	img_0152.jpg
153	5281864	44627	800	800	img_0153.jpg
154	5326663	38783	800	800	img_0154.jpg
155	5365618	35087	800	800	img_0155.jpg
156	5400877	48025	800	800	img_0156.jpg
157	5449075	109258	800	800	img_0157.jpg
158	5558506	107554	800	800	img_0158.jpg
159	5666232	96823	800	800	img_0159.jpg
160	5766833	55611	800	800	img_0160.jpg
161	5822616	64542	800	800	img_0161.jpg
162	5887330	80154	800	800	img_0162.jpg
163	5967656	75760	800	800	img_0163.jpg
164	6043588	44479	800	800	img_0164.jpg
165	6088239	53040	800	800	img_0165.jpg
166	6141452	101853	800	800	img_0166.jpg
167	6243477	47177	800	800	img_0167.jpg
168	6290826	52822	800	800	img_0168.jpg
169	6343820	41682	800	800	img_0169.jpg
170	6389229	63875	800	800	img_0170.jpg
171	6453276	54331	800	800	img_0171.jpg
172	6507779	65191	800	800	img_0172.jpg
173	6573142	54299	800	800	img_0173.jpg
174	6627613	44372	800	800	img_0174.jpg
175	6672157	44553	800	800	img_0175.jpg
176	6716882	52118	800	800	img_0176.jpg
177	6769172	62930	800	800	img_0177.jpg
178	6832274	62304	800	800	img_0178.jpg
179	6894750	38043	800	800	img_0179.jpg
180	6936568	54541	800	800	img_0180.jpg
181	6991281	51161	800	800	img_0181.jpg
182	7042614	69134	800	800	img_0182.jpg
183	7111920	38748	800	800	img_0183.jpg
184	7150840	43019	800	800	img_0184.jpg
185	7194031	67714	800	800	img_0185.jpg
186	7261917	39995	800	800	img_0186.jpg
187	7302084	42918	800	800	img_0187.jpg
188	7345174	43933	800	800	img_0188.jpg
189	7389279	39280	800	800	img_0189.jpg
190	7432321	39756	800	800	img_0190.jpg
191	7472249	42522	800	800	img_0191.jpg
192	7514943	29356	800	800	img_0192.jpg
193	7544471	45126	800	800	img_0193.jpg
194	7589769	48532	800	800	img_0194.jpg
195	7638473	34300	800	800	img_0195.jpg
196	7672945	50053	800	800	img_0196.jpg
197	7723170	44148	800	800	img_0197.jpg
198	7767490	63511	800	800	img_0198.jpg
199	7834538	47253	800	800	img_0199.jpg
200	7881963	71611	800	800	img_0200.jpg
201	7953746	41036	800	800	img_0201.jpg
202	7994954	53139	800	800	img_0202.jpg
203	8048265	40772	800	800	img_0203.jpg
204	8089209	41591	800	800	img_0204.jpg
205	8130972	33472	800	800	img_0205.jpg
206	8164616	57725	800	800	img_0206.jpg
207	8225831	24502	800	800	img_0207.jpg
208	8250505	23299	800	800	img_0208.jpg
209	8273976	38092	800	800	img_0209.jpg
210	8312240	35214	800	800	img_0210.jpg
211	8347626	36702	800	800	img_0211.jpg
212	8384500	56545	800	800	img_0212.jpg
213	8441217	54314	800	800	img_0213.jpg
214	8495703	52182	800	800	img_0214.jpg
215	8551133	30898	800	800	img_0215.jpg
216	8582203	72647	800	800	img_0216.jpg
217	8655022	38460	800	800	img_0217.jpg
218	8693654	57345	800	800	img_0218.jpg
219	8751171	55776	800	800	img_0219.jpg
220	8807119	35089	800	800	img_0220.jpg
221	8842380	26375	572	542	img_0221.jpg
222	8872159	16837	382	374	img_0222.jpg
223	8889168	49552	800	800	img_0223.jpg
224	8938892	15638	384	378	img_0224.jpg
225	8954702	14905	383	377	img_0225.jpg
226	8969779	16716	387	379	img_0226.jpg
227	8986667	15701	386	379	img_0227.jpg
228	9002540	15413	381	372	img_0228.jpg
229	9018125	17003	381	380	img_0229.jpg
230	9035300	14628	382	378	img_0230.jpg
231	9053278	16787	386	382	img_0231.jpg
232	9070237	16203	388	379	img_0232.jpg
233	9086612	17957	386	381	img_0233.jpg
234	9104741	16166	386	378	img_0234.jpg
235	9121079	16385	383	375	img_0235.jpg
236	9137636	15756	384	376	img_0236.jpg
237	9153564	15479	382	379	img_0237.jpg
238	9169215	15334	382	380	img_0238.jpg
239	9184721	15204	391	378	img_0239.jpg
240	9200097	15569	382	380	img_0240.jpg
241	9218894	15373	378	371	img_0241.jpg
242	9234439	16901	387	376	img_0242.jpg
243	9251512	16524	392	381	img_0243.jpg
244	9268208	16678	387	379	img_0244.jpg
245	9285058	50098	800	800	img_0245.jpg
246	9335328	17051	383	378	img_0246.jpg
247	9352551	15531	380	377	img_0247.jpg
248	9368256	44917	1001	1001	img_0248.jpg
249	9413347	42135	1001	1001	img_0249.jpg
250	9455656	33089	1001	1001	img_0250.jpg
251	9488919	31208	1001	1001	img_0251.jpg
252	9524032	80524	1001	1001	img_0252.jpg
253	9604730	66066	1001	1001	img_0253.jpg
254	9670970	68440	1001	1001	img_0254.jpg
255	9739584	94402	1001	1001	img_0255.jpg
256	9834160	25260	1001	1001	img_0256.jpg
257	9859594	49113	1001	1001	img_0257.jpg
258	9908882	103026	1001	1001	img_0258.jpg
259	10012080	14984	400	400	img_0259.jpg
260	10031368	78979	1001	1001	img_0260.jpg
261	10110521	82345	1001	1001	img_0261.jpg
262	10193040	71083	1001	1001	img_0262.jpg
263	10264297	72877	1001	1001	img_0263.jpg
264	10337348	65835	1001	1001	img_0264.jpg
265	10403357	68141	1001	1001	img_0265.jpg
266	10471672	49449	1001	1001	img_0266.jpg
267	10521295	41758	1001	1001	img_0267.jpg
268	10563227	43997	1001	1001	img_0268.jpg
269	10611046	42563	1001	1001	img_0269.jpg
270	10653783	65220	1001	1001	img_0270.jpg
271	10719175	26962	632	396	img_0271.jpg
272	10746309	23773	578	417	img_0272.jpg
273	10770254	24528	439	529	img_0273.jpg
274	10794954	23071	412	540	img_0274.jpg
275	10818196	9955	452	220	img_0275.jpg
276	10828323	10091	422	212	img_0276.jpg
277	10838586	42617	800	800	img_0277.jpg
278	10881375	42750	800	800	img_0278.jpg
279	10927882	30286	800	800	img_0279.jpg
280	10958340	41125	800	800	img_0280.jpg
281	10999637	28000	800	800	img_0281.jpg
282	11027809	54168	800	800	img_0282.jpg
283	11082149	15584	400	400	img_0283.jpg
284	11097905	20270	400	400	img_0284.jpg
285	11118347	16812	400	400	img_0285.jpg
286	11135331	18414	400	400	img_0286.jpg
287	11153917	48898	800	800	img_0287.jpg
288	11202987	46613	800	800	img_0288.jpg
289	11253351	48486	800	800	img_0289.jpg
290	11302009	37227	800	800	img_0290.jpg
291	11339408	27078	800	800	img_0291.jpg
292	11366658	30846	800	800	img_0292.jpg
293	11397676	34616	800	800	img_0293.jpg
294	11432464	52472	800	800	img_0294.jpg
295	11485108	40230	800	800	img_0295.jpg
296	11525510	39808	800	800	img_0296.jpg
297	11565490	46873	800	800	img_0297.jpg
298	11612535	47464	800	800	img_0298.jpg
299	11663797	45612	800	800	img_0299.jpg
300	11709581	37064	800	800	img_0300.jpg
301	11746817	36504	800	800	img_0301.jpg
302	11783493	37981	800	800	img_0302.jpg
303	11821648	54906	1001	1001	img_0303.jpg
304	11876728	79472	1001	1001	img_0304.jpg
305	11956372	42803	800	800	img_0305.jpg
306	11999347	51493	784	787	img_0306.jpg
307	12051012	39121	788	791	img_0307.jpg
308	12090305	43322	800	800	img_0308.jpg
309	12137384	52460	800	800	img_0309.jpg
310	12190018	40857	1001	1001	img_0310.jpg
311	12231049	62889	1001	1001	img_0311.jpg
312	12294112	75056	1001	1001	img_0312.jpg
313	12369342	52316	1001	1001	img_0313.jpg
314	12421832	55111	1001	1001	img_0314.jpg
315	12477115	45571	831	758	img_0315.jpg
316	12522858	53064	866	796	img_0316.jpg
317	12576094	21152	601	602	img_0317.jpg
318	12597418	18963	601	601	img_0318.jpg
319	12620136	21335	601	601	img_0319.jpg
320	12641643	21136	602	601	img_0320.jpg
321	12662953	83313	1001	1001	img_0321.jpg
322	12746440	66449	1001	1000	img_0322.jpg
323	12813061	39264	800	800	img_0323.jpg
324	12852497	52728	800	800	img_0324.jpg
325	12905397	25793	800	800	img_0325.jpg
326	12931362	24165	800	800	img_0326.jpg
327	12955699	18602	800	800	img_0327.jpg
328	12974473	32889	800	800	img_0328.jpg
329	13010936	22965	800	800	img_0329.jpg
330	13034073	28617	800	800	img_0330.jpg
331	13062862	19998	800	800	img_0331.jpg
332	13083032	21873	800	800	img_0332.jpg
333	13105076	6720	242	222	img_0333.jpg
334	13111968	26995	583	592	img_0334.jpg
335	13139135	32697	646	676	img_0335.jpg
336	13172004	23546	620	597	img_0336.jpg
337	13195724	65119	1001	1001	img_0337.jpg
338	13261015	40317	577	519	img_0338.jpg
339	13305441	9099	289	293	img_0339.jpg
340	13314711	9492	278	241	img_0340.jpg
341	13324375	13963	261	290	img_0341.jpg
342	13338509	8309	280	211	img_0342.jpg
343	13346989	9273	349	233	img_0343.jpg
344	13356434	11054	501	501	img_0344.jpg
345	13367660	21364	602	601	img_0345.jpg
346	13389196	14452	602	601	img_0346.jpg
347	13403820	18666	601	600	img_0347.jpg
348	13422660	49348	1001	1001	img_0348.jpg
349	13476033	44064	1001	1001	img_0349.jpg
350	13520271	46961	1001	1001	img_0350.jpg
351	13567404	13163	594	529	img_0351.jpg
352	13580739	38337	597	670	img_0352.jpg
353	13619248	27195	800	800	img_0353.jpg
354	13646615	23026	800	800	img_0354.jpg
355	13669813	25895	800	800	img_0355.jpg
356	13695882	43166	1001	1001	img_0356.jpg
357	13739222	55389	1001	1001	img_0357.jpg
358	13794785	49867	1001	1001	img_0358.jpg
359	13848867	66823	1001	1001	img_0359.jpg
360	13915864	43375	1001	1001	img_0360.jpg
361	13959413	50841	1001	1001	img_0361.jpg
362	14010428	55865	1001	1001	img_0362.jpg
363	14066467	66221	1001	1001	img_0363.jpg
364	14132862	55993	1001	1001	img_0364.jpg
365	14189029	60321	1001	1001	img_0365.jpg
366	14249524	63705	1001	1001	img_0366.jpg
367	14313403	44171	1001	1001	img_0367.jpg
368	14357748	45962	1001	1001	img_0368.jpg
369	14407524	48058	1001	1001	img_0369.jpg
370	14455756	50836	1001	1001	img_0370.jpg
371	14506766	46347	1001	1001	img_0371.jpg
372	14553287	60114	1001	1001	img_0372.jpg
373	14613575	48066	1001	1001	img_0373.jpg
374	14661813	19030	800	800	img_0374.jpg
375	14681015	20190	800	800	img_0375.jpg
376	14701377	19768	800	800	img_0376.jpg
377	14721317	18064	800	800	img_0377.jpg
378	14739553	18762	800	800	img_0378.jpg
379	14762009	20145	800	800	img_0379.jpg
380	14782328	41393	1001	1001	img_0380.jpg
381	14823895	74956	1001	1001	img_0381.jpg
382	14899025	30834	1001	1001	img_0382.jpg
383	14930033	79738	1001	1002	img_0383.jpg
384	15009945	83592	1001	1001	img_0384.jpg
385	15093711	38767	1001	1001	img_0385.jpg
386	15132652	31902	1001	1001	img_0386.jpg
387	15164728	38501	1001	1001	img_0387.jpg
388	15203403	32793	1001	1001	img_0388.jpg
389	15239761	45463	1001	1001	img_0389.jpg
390	15285398	38447	1001	1001	img_0390.jpg
391	15324019	57489	1001	1001	img_0391.jpg
392	15381682	42728	1001	1001	img_0392.jpg
393	15424584	47780	1001	1001	img_0393.jpg
394	15472538	39437	1001	1001	img_0394.jpg
395	15512149	43444	1001	1001	img_0395.jpg
396	15555767	53682	1280	1280	img_0396.jpg
397	15609623	53458	1001	1001	img_0397.jpg
398	15666504	43103	1001	1001	img_0398.jpg
399	15709781	41377	1001	1001	img_0399.jpg
400	15751332	43288	1001	1001	img_0400.jpg
401	15794794	52490	1001	1001	img_0401.jpg
402	15847458	41619	1001	1001	img_0402.jpg
403	15889251	49362	1001	1001	img_0403.jpg
404	15938787	49319	1280	1280	img_0404.jpg
405	15988280	54371	1280	1280	img_0405.jpg
406	16042825	47728	1001	1001	img_0406.jpg
407	16090727	62033	1001	1001	img_0407.jpg
408	16156074	17835	800	800	img_0408.jpg
409	16174083	36207	1001	1001	img_0409.jpg
410	16210464	50823	1280	1280	img_0410.jpg
411	16261461	49456	1001	1001	img_0411.jpg
412	16311091	49715	1280	1280	img_0412.jpg
413	16360980	41312	1001	1001	img_0413.jpg
414	16402466	45980	1280	1280	img_0414.jpg
415	16448620	36360	1001	1001	img_0415.jpg
416	16488716	44064	1001	1001	img_0416.jpg
417	16532954	42424	1001	1001	img_0417.jpg
418	16575552	43416	1001	1001	img_0418.jpg
419	16619142	40562	1001	1001	img_0419.jpg
420	16659878	42957	1001	1001	img_0420.jpg
421	16703007	12220	259	355	img_0421.jpg
422	16715398	5167	208	314	img_0422.jpg
423	16720736	6519	209	322	img_0423.jpg
424	16731396	9276	268	315	img_0424.jpg
425	16740844	14807	315	314	img_0425.jpg
426	16755823	10518	315	314	img_0426.jpg
427	16772414	16618	314	316	img_0427.jpg
428	16793761	10008	315	315	img_0428.jpg
429	16808091	10059	315	316	img_0429.jpg
430	16822974	11705	314	314	img_0430.jpg
431	16834851	12706	312	315	img_0431.jpg
432	16847729	49324	553	857	img_0432.jpg
433	16897225	42495	576	890	img_0433.jpg
434	16943190	40827	507	870	img_0434.jpg
435	16984189	32569	424	653	img_0435.jpg
436	17016930	42297	572	872	img_0436.jpg
437	17059399	44644	524	867	img_0437.jpg
438	17104215	45007	663	901	img_0438.jpg
439	17149394	27273	514	776	img_0439.jpg
440	17176839	30437	462	793	img_0440.jpg
441	17207448	31939	457	852	img_0441.jpg
442	17239559	23266	412	675	img_0442.jpg
443	17262997	25302	471	765	img_0443.jpg
444	17291649	22386	495	426	img_0444.jpg
445	17314207	17753	475	410	img_0445.jpg
446	17332132	17496	450	426	img_0446.jpg
447	17349800	17395	458	404	img_0447.jpg
448	17367367	20753	484	446	img_0448.jpg
449	17388292	19153	458	441	img_0449.jpg
450	17407617	20534	526	453	img_0450.jpg
451	17428323	20734	507	449	img_0451.jpg
452	17449229	19518	494	457	img_0452.jpg
453	17472002	21820	400	373	img_0453.jpg
454	17493994	24858	382	399	img_0454.jpg
455	17519024	25460	415	403	img_0455.jpg
456	17544656	21455	381	387	img_0456.jpg
457	17566283	23364	411	400	img_0457.jpg
458	17589819	24332	426	417	img_0458.jpg
459	17614323	20099	366	377	img_0459.jpg
460	17634594	20996	510	451	img_0460.jpg
461	17655762	20458	520	463	img_0461.jpg
462	17676391	9926	265	296	img_0462.jpg
463	17689895	22398	378	385	img_0463.jpg
464	17712465	24324	370	407	img_0464.jpg
465	17736961	25640	410	409	img_0465.jpg
466	17762773	23024	355	382	img_0466.jpg
467	17785969	24279	391	397	img_0467.jpg
468	17810422	76429	1001	1001	img_0468.jpg
469	17887025	43560	1001	1001	img_0469.jpg
470	17930757	23494	502	529	img_0470.jpg
471	17954422	9619	272	413	img_0471.jpg
472	17964213	80662	800	800	img_0472.jpg
473	18049321	64808	800	800	img_0473.jpg
474	18114301	56146	800	800	img_0474.jpg
475	18170619	54492	800	800	img_0475.jpg
476	18225283	51907	800	800	img_0476.jpg
477	18277362	49026	800	800	img_0477.jpg
478	18326560	50079	800	800	img_0478.jpg
479	18376811	74635	800	800	img_0479.jpg
480	18451618	72849	800	800	img_0480.jpg
481	18524639	46158	800	800	img_0481.jpg
482	18570969	47773	800	800	img_0482.jpg
483	18622443	35060	800	800	img_0483.jpg
484	18657675	40840	800	800	img_0484.jpg
485	18698687	32097	800	800	img_0485.jpg
486	18730956	42244	800	800	img_0486.jpg
487	18773372	52272	800	800	img_0487.jpg
488	18825816	30069	800	800	img_0488.jpg
489	18856057	31006	800	800	img_0489.jpg
490	18887235	39528	800	800	img_0490.jpg
491	18926935	28915	800	800	img_0491.jpg
492	18956022	30031	800	800	img_0492.jpg
493	18989935	40746	800	800	img_0493.jpg
494	19030853	34077	800	800	img_0494.jpg
495	19065104	37716	1001	1001	img_0495.jpg
496	19102994	57017	1001	1001	img_0496.jpg
497	19160185	57583	1001	1001	img_0497.jpg
498	19217942	57393	1001	1001	img_0498.jpg
499	19275509	56980	1001	1001	img_0499.jpg
500	19332663	54106	1001	1001	img_0500.jpg
501	19390676	35104	1001	1001	img_0501.jpg
502	19425954	40280	1001	1001	img_0502.jpg
503	19470161	43632	1001	1001	img_0503.jpg
504	19513965	30321	469	762	img_0504.jpg
505	19544458	30179	438	786	img_0505.jpg
506	19574811	80835	1001	1001	img_0506.jpg
507	19655820	53531	1001	1001	img_0507.jpg
508	19709525	54084	1001	1001	img_0508.jpg
509	19763783	51316	1001	1001	img_0509.jpg
510	19815273	69803	1001	1001	img_0510.jpg
511	19885250	67083	1001	1001	img_0511.jpg
512	19956664	74459	1001	1001	img_0512.jpg
513	20031297	66491	1001	1001	img_0513.jpg
514	20097962	67289	1001	1001	img_0514.jpg
515	20165425	66143	1001	1001	img_0515.jpg
516	20231742	65629	1001	1001	img_0516.jpg
517	20297545	70783	1001	1001	img_0517.jpg
518	20368502	68387	1001	1001	img_0518.jpg
519	20437063	71079	1001	1001	img_0519.jpg
520	20508316	72504	1001	1001	img_0520.jpg
521	20586316	48116	800	800	img_0521.jpg
522	20634606	66905	1001	1001	img_0522.jpg
523	20701685	57348	1001	1001	img_0523.jpg
524	20759207	50277	1001	1001	img_0524.jpg
525	20809658	54068	1001	1001	img_0525.jpg
526	20863900	36632	1001	1001	img_0526.jpg
527	20900706	34195	1001	1001	img_0527.jpg
528	20935075	63502	1001	1001	img_0528.jpg
529	20998751	78827	1001	1001	img_0529.jpg
530	21077752	69552	1001	1001	img_0530.jpg
531	21153291	57421	1001	1001	img_0531.jpg
532	21210884	11437	400	400	img_0532.jpg
533	21222493	30261	865	415	img_0533.jpg
