row_no	model_no	page	image_file	width	height
1	ORSE18	1	img_0002.jpg	400	400
2	ORSE19	1	img_0003.jpg	400	400
3	ORSE22	1	img_0004.jpg	400	400
4	ORSE42	1	img_0005.jpg	846	882
5	ORSE46	1	img_0006.jpg	1001	1001
6	ORSE71-L	1	img_0007.jpg	1001	1001
7	ORSE71-R	1	img_0008.jpg	1001	1001
8	ORSE71-W	1	img_0009.jpg	1001	1001
9	ORSE76	2	img_0010.jpg	1001	1001
10	ORSE84	2	img_0011.jpg	926	401
11	ORSE102	2	img_0012.jpg	1001	1001
12	ORSE103	2	img_0013.jpg	1001	1001
13	ORSE114	2	img_0014.jpg	1001	1001
14	ORSE266	2	img_0015.jpg	800	800
15	ORSN04	2	img_0016.jpg	400	400
16	ORSN38	2	img_0017.jpg	400	400
17	ORSN40	2	img_0018.jpg	400	400
18	ORSN41	2	img_0019.jpg	400	400
19	ORSN43	3	img_0020.jpg	1001	1001
20	ORSN44	3	img_0021.jpg	1001	1001
21	ORSN60	3	img_0022.jpg	1001	1001
22	ORSN89-P	3	img_0023.jpg	1001	1001
23	ORSN174-P	3	img_0024.jpg	454	540
24	ORSME13	3	img_0026.jpg	800	800
25	ORSWB07	3	img_0025.jpg	800	800
26	ORSWE07	3	img_0027.jpg	800	800
27	ORSWE08	3	img_0028.jpg	800	800
28	ORSWE09	4	img_0029.jpg	800	800
29	ORSWE10	4	img_0030.jpg	800	800
30	ORSWE11	4	img_0031.jpg	800	800
31	ORSWE12	4	img_0032.jpg	800	800
32	ORSWE14-B	4	img_0033.jpg	800	800
33	ORSWE14-F	4	img_0034.jpg	800	800
34	ORSWE15	4	img_0035.jpg	800	800
35	ORSWE16	4	img_0036.jpg	800	800
36	ORSWB04-F	5	img_0037.jpg	800	800
37	ORSWB04-B	5	img_0038.jpg	800	800
38	ORSWB05	5	img_0039.jpg	800	800
39	ORSWB06-B	5	img_0040.jpg	800	800
40	ORSWB06-F	5	img_0041.jpg	800	800
41	ORSWB06-P	5	img_0042.jpg	800	800
42	ORSWB08	5	img_0043.jpg	800	800
43	ORSWN05-G	5	img_0044.jpg	800	800
44	ORSWN05-P	6	img_0045.jpg	800	800
45	ORSWN06-F	6	img_0046.jpg	800	800
46	ORSWN06-B	6	img_0047.jpg	800	800
47	ORSWN07	6	img_0048.jpg	800	800
48	ORSWN08	6	img_0049.jpg	800	800
49	ORSWE01-R	6	img_0050.jpg	481	531
50	ORSWE02-P	6	img_0053.jpg	715	699
51	ORSWE03-P	6	img_0051.jpg	486	358
52	ORSWE04-P	6	img_0054.jpg	507	515
53	ORSWE05-P	6	img_0052.jpg	557	525
54	ORSWE06-B	7	img_0057.jpg	562	377
55	ORSWE06-F	7	img_0058.jpg	472	424
56	ORSWN01-P	7	img_0055.jpg	493	554
57	ORSWN02-P	7	img_0064.jpg	522	652
58	ORSWN03-P	7	img_0056.jpg	600	426
59	ORSWN04-B	7	img_0059.jpg	505	488
60	ORSWN04-F	7	img_0060.jpg	574	496
61	ORSWN04-P	7	img_0061.jpg	574	481
62	ORSWN04-G	7	img_0062.jpg	538	463
63	ORSWB01-P	7	img_0063.jpg	713	769
64	ORSWB02-P	8	img_0067.jpg	496	598
65	ORSWB03-B	8	img_0068.jpg	607	365
66	ORSWB03-F	8	img_0069.jpg	621	382
67	ORSWE17-F	8	img_0070.jpg	316	306
68	ORSWE17-B	8	img_0071.jpg	314	316
69	ORSWN15	8	img_0072.jpg	561	614
70	ORSWN16	8	img_0073.jpg	526	569
71	ORSB42	8	img_0065.jpg	1001	1001
72	ORSB43	9	img_0066.jpg	1001	1001
73	ORSB61-16.5	9	img_0075.jpg	669	631
74	ORSB61-18	9	img_0075.jpg	669	631
75	ORSB62-16.5	9	img_0076.jpg	643	606
76	ORSB62-18	9	img_0076.jpg	643	606
77	ORSB92-6.5"3.0	9	img_0074.jpg	800	800
78	ORSB92-7"3.0	9	img_0074.jpg	800	800
79	ORSB93-6.5"4.0	9	img_0074.jpg	800	800
80	ORSB93-7"4.0	9	img_0074.jpg	800	800
81	ORSB94-6.5"3.0	10	img_0084.jpg	753	608
82	ORSB94-7"3.0	10	img_0084.jpg	753	608
83	ORSB95-6.5"4.0	10	img_0085.jpg	732	558
84	ORSB95-7"4.0	10	img_0085.jpg	732	558
85	ORCB01	10	img_0077.jpg	668	669
86	ORCB02	10	img_0078.jpg	534	526
87	ORCB03	10	img_0079.jpg	551	493
88	ORCB04	10	img_0080.jpg	483	440
89	ORCB05	10	img_0081.jpg	430	554
90	ORCB06	10	img_0082.jpg	414	491
91	ORCB07	11	img_0083.jpg	444	469
92	ORCB08	11	img_0086.jpg	381	552
93	ORCB09	11	img_0087.jpg	374	490
94	ORCB10	11	img_0088.jpg	376	588
95	ORCB11	11	img_0089.jpg	441	483
96	ORCB12	11	img_0090.jpg	345	598
97	ORCB13	11	img_0091.jpg	315	559
98	ORCB14	11	img_0092.jpg	382	524
99	ORCB15	11	img_0093.jpg	270	529
100	ORCB16	12	img_0094.jpg	403	421
101	ORCB17	12	img_0095.jpg	452	415
102	ORCB18	12	img_0096.jpg	396	391
103	ORCB20	12	img_0097.jpg	340	548
104	ORCB21	12	img_0098.jpg	347	560
105	ORCB22	12	img_0099.jpg	422	371
106	ORCB23	12	img_0100.jpg	325	479
107	ORCB25	12	img_0101.jpg	463	449
108	ORCB26	12	img_0102.jpg	336	378
109	ORCB27	13	img_0103.jpg	387	461
110	ORCB28	13	img_0104.jpg	368	474
111	ORCB29	13	img_0105.jpg	472	458
112	ORCB30	13	img_0106.jpg	492	438
113	ORCB34	13	img_0107.jpg	605	604
114	ORCB35	13	img_0108.jpg	718	716
115	ORCB36	13	img_0109.jpg	636	661
116	ORCB37	13	img_0110.jpg	625	619
117	ORCB38	13	img_0111.jpg	723	655
118	ORCB39	14	img_0112.jpg	703	710
119	ORCB40	14	img_0113.jpg	588	611
120	ORCB41	14	img_0114.jpg	623	640
121	ORCB42	14	img_0115.jpg	581	584
122	ORCB43	14	img_0116.jpg	603	611
123	ORCB44	14	img_0117.jpg	498	541
124	ORCB45	14	img_0118.jpg	581	614
125	ORCB46	14	img_0119.jpg	547	606
126	ORCB47	14	img_0120.jpg	527	591
127	ORCB48	15	img_0121.jpg	621	630
128	ORCB49	15	img_0122.jpg	581	595
129	ORCB50	15	img_0123.jpg	729	706
130	ORCB51	15	img_0124.jpg	588	554
131	ORCB52	15	img_0125.jpg	499	552
132	ORCB53	15	img_0126.jpg	526	605
133	ORCB54	15	img_0127.jpg	600	589
134	ORCB55	15	img_0128.jpg	800	800
135	ORCB56	15	img_0129.jpg	800	800
136	ORCB58	16	img_0130.jpg	800	800
137	ORCB59	16	img_0131.jpg	800	800
138	ORCB60	16	img_0132.jpg	800	800
139	ORCB61	16	img_0133.jpg	800	800
140	ORCB62	16	img_0134.jpg	800	800
141	ORCB63	16	img_0135.jpg	800	800
142	ORCB64	16	img_0137.jpg	800	800
143	ORCB65	16	img_0136.jpg	800	800
144	ORCB66	16	img_0138.jpg	800	800
145	ORCB67	16	img_0139.jpg	800	800
146	ORCB70	17	img_0140.jpg	800	800
147	ORCB71	17	img_0141.jpg	800	800
148	ORCB73	17	img_0142.jpg	800	800
149	ORCB74	17	img_0143.jpg	800	800
150	ORCB76	17	img_0144.jpg	800	800
151	ORCB77	17	img_0145.jpg	800	800
152	ORCB78	17	img_0146.jpg	800	800
153	ORCB79	17	img_0147.jpg	800	800
154	ORCB80	17	img_0148.jpg	800	800
155	ORCB81	17	img_0149.jpg	800	800
156	ORCB82	18	img_0150.jpg	800	800
157	ORCB83	18	img_0151.jpg	800	800
158	ORCB84	18	img_0152.jpg	800	800
159	ORCB85	18	img_0153.jpg	800	800
160	ORCB86	18	img_0154.jpg	800	800
161	ORCB88	18	img_0155.jpg	800	800
162	ORCB89	18	img_0156.jpg	800	800
163	ORCB100	18	img_0157.jpg	800	800
164	ORCB101	18	img_0158.jpg	800	800
165	ORCB102	18	img_0159.jpg	800	800
166	ORCB103	19	img_0160.jpg	800	800
167	ORCB104	19	img_0161.jpg	800	800
168	ORCB106	19	img_0162.jpg	800	800
169	ORCB107	19	img_0163.jpg	800	800
170	ORCB108	19	img_0164.jpg	800	800
171	ORCB110	19	img_0165.jpg	800	800
172	ORCB111	19	img_0166.jpg	800	800
173	ORCB113	19	img_0167.jpg	800	800
174	ORCB114	19	img_0168.jpg	800	800
175	ORCB115	19	img_0169.jpg	800	800
176	ORCB116	20	img_0170.jpg	800	800
177	ORCB117	20	img_0171.jpg	800	800
178	ORCB118	20	img_0172.jpg	800	800
179	ORCB119	20	img_0173.jpg	800	800
180	ORCB120	20	img_0174.jpg	800	800
181	ORCB122	20	img_0175.jpg	800	800
182	ORCB123	20	img_0176.jpg	800	800
183	ORCB124	20	img_0177.jpg	800	800
184	ORCB125	20	img_0178.jpg	800	800
185	ORCB126	20	img_0179.jpg	800	800
186	ORCB127	21	img_0180.jpg	800	800
187	ORCB128	21	img_0181.jpg	800	800
188	ORCB129	21	img_0182.jpg	800	800
189	ORCB135	21	img_0183.jpg	800	800
190	ORCB136	21	img_0184.jpg	800	800
191	ORCB137	21	img_0185.jpg	800	800
192	ORCB138	21	img_0186.jpg	800	800
193	ORCB139	21	img_0187.jpg	800	800
194	ORCB140	21	img_0188.jpg	800	800
195	ORCB142	21	img_0189.jpg	800	800
196	ORCB144	22	img_0193.jpg	800	800
197	ORCB146	22	img_0194.jpg	800	800
198	ORCB149	22	img_0195.jpg	800	800
199	ORCB150	22	img_0196.jpg	800	800
200	ORCB151	22	img_0197.jpg	800	800
201	ORCB152	22	img_0198.jpg	800	800
202	ORCB153	22	img_0190.jpg	800	800
203	ORCB154	22	img_0191.jpg	800	800
204	ORCB155	22	img_0192.jpg	800	800
205	ORCB156	23	img_0199.jpg	800	800
206	ORCB157	23	img_0200.jpg	800	800
207	ORCB159	23	img_0201.jpg	800	800
208	ORCB160	23	img_0202.jpg	800	800
209	ORCB161	23	img_0203.jpg	800	800
210	ORCB162	23	img_0204.jpg	800	800
211	ORCB163	23	img_0205.jpg	800	800
212	ORCB164	23	img_0206.jpg	800	800
213	ORCB165	24	img_0207.jpg	800	800
214	ORCB166	24	img_0208.jpg	800	800
215	ORCB168	24	img_0209.jpg	800	800
216	ORCB169	24	img_0210.jpg	800	800
217	ORCB170	24	img_0211.jpg	800	800
218	ORCB171	24	img_0212.jpg	800	800
219	ORCB173	24	img_0213.jpg	800	800
220	ORCB174	24	img_0214.jpg	800	800
221	ORCB175	25	img_0215.jpg	800	800
222	ORCB176	25	img_0216.jpg	800	800
223	ORCB177	25	img_0217.jpg	800	800
224	ORCB179	25	img_0218.jpg	800	800
225	ORCB180	25	img_0219.jpg	800	800
226	ORCB182	25	img_0220.jpg	800	800
227	ORCBB01-17	25	img_0221.jpg	572	542
228	ORCBB01-19	25	img_0221.jpg	572	542
229	ORCBB01-21	26	img_0221.jpg	572	542
230	ORCB183-A	26	img_0223.jpg	800	800
231	ORCB183-B	26	img_0222.jpg	382	374
232	ORCB183-C	26	img_0224.jpg	384	378
233	ORCB183-D	26	img_0226.jpg	387	379
234	ORCB183-E	26	img_0225.jpg	383	377
235	ORCB183-F	26	img_0227.jpg	386	379
236	ORCB183-G	26	img_0230.jpg	382	378
237	ORCB183-H	26	img_0229.jpg	381	380
238	ORCB183-I	26	img_0228.jpg	381	372
239	ORCB183-J	27	img_0238.jpg	382	380
240	ORCB183-K	27	img_0240.jpg	382	380
241	ORCB183-L	27	img_0239.jpg	391	378
242	ORCB183-M	27	img_0231.jpg	386	382
243	ORCB183-N	27	img_0232.jpg	388	379
244	ORCB183-O	27	img_0233.jpg	386	381
245	ORCB183-P	27	img_0234.jpg	386	378
246	ORCB183-Q	27	img_0235.jpg	383	375
247	ORCB183-R	27	img_0236.jpg	384	376
248	ORCB183-S	27	img_0237.jpg	382	379
249	ORCB183-T	28	img_0246.jpg	383	378
250	ORCB183-U	28	img_0247.jpg	380	377
251	ORCB183-V	28	img_0241.jpg	378	371
252	ORCB183-W	28	img_0244.jpg	387	379
253	ORCB183-X	28	img_0243.jpg	392	381
254	ORCB183-Y	28	img_0242.jpg	387	376
255	ORCB183-Z	28	img_0245.jpg	800	800
256	ORSE340-P	28	img_0249.jpg	1001	1001
257	ORSE340-14K	28	img_0248.jpg	1001	1001
258	ORSN290-P	28	img_0251.jpg	1001	1001
259	ORSN290-14K	29	img_0250.jpg	1001	1001
260	ORSN292	29	img_0253.jpg	1001	1001
261	ORSE341	29	img_0252.jpg	1001	1001
262	ORSE37	29	img_0259.jpg	400	400
263	ORSE80	29	img_0254.jpg	1001	1001
264	ORSE82	29	img_0255.jpg	1001	1001
265	ORSE86-P	29	img_0256.jpg	1001	1001
266	ORSE97	29	img_0257.jpg	1001	1001
267	ORSE101-R	29	img_0258.jpg	1001	1001
268	ORSE103	29	img_0013.jpg	1001	1001
269	ORSE105-P	30	img_0260.jpg	1001	1001
270	ORSE105-R	30	img_0261.jpg	1001	1001
271	ORSE106-R	30	img_0262.jpg	1001	1001
272	ORSE106-P	30	img_0263.jpg	1001	1001
273	ORSE118	30	img_0264.jpg	1001	1001
274	ORSE119-W	30	img_0265.jpg	1001	1001
275	ORSE146-40cm	30	img_0266.jpg	1001	1001
276	ORSE146-50cm	30	img_0266.jpg	1001	1001
277	ORSE151-P	30	img_0267.jpg	1001	1001
278	ORSE152-G	30	img_0268.jpg	1001	1001
279	ORSE152-P	31	img_0269.jpg	1001	1001
280	ORSE164	31	img_0270.jpg	1001	1001
281	ORSE171-G	31	img_0271.jpg	632	396
282	ORSE171-P	31	img_0272.jpg	578	417
283	ORSE186-W	31	img_0273.jpg	439	529
284	ORSE186-B	31	img_0274.jpg	412	540
285	ORSE192-B	31	img_0275.jpg	452	220
286	ORSE192-W	31	img_0276.jpg	422	212
287	ORSE205	31	img_0277.jpg	800	800
288	ORSE207	31	img_0278.jpg	800	800
289	ORSE208	32	img_0280.jpg	800	800
290	ORSE210	32	img_0279.jpg	800	800
291	ORSE212	32	img_0281.jpg	800	800
292	ORSE218	32	img_0282.jpg	800	800
293	ORSE220	32	img_0283.jpg	400	400
294	ORSE221	32	img_0284.jpg	400	400
295	ORSE222	32	img_0285.jpg	400	400
296	ORSE223	32	img_0286.jpg	400	400
297	ORSE229	32	img_0287.jpg	800	800
298	ORSE231	32	img_0288.jpg	800	800
299	ORSE232	33	img_0289.jpg	800	800
300	ORSE234	33	img_0290.jpg	800	800
301	ORSE237	33	img_0291.jpg	800	800
302	ORSE238	33	img_0292.jpg	800	800
303	ORSE240	33	img_0293.jpg	800	800
304	ORSE243	33	img_0294.jpg	800	800
305	ORSE245-R	33	img_0295.jpg	800	800
306	ORSE245-G	33	img_0296.jpg	800	800
307	ORSE247-G	33	img_0297.jpg	800	800
308	ORSE247-R	33	img_0298.jpg	800	800
309	ORSE247-P	34	img_0299.jpg	800	800
310	ORSE248-G	34	img_0300.jpg	800	800
311	ORSE248-P	34	img_0301.jpg	800	800
312	ORSE248-R	34	img_0302.jpg	800	800
313	ORSE259	34	img_0303.jpg	1001	1001
314	ORSE262	34	img_0304.jpg	1001	1001
315	ORSE267	34	img_0305.jpg	800	800
316	ORSE279-R	34	img_0306.jpg	784	787
317	ORSE280	34	img_0307.jpg	788	791
318	ORSE290	34	img_0308.jpg	800	800
319	ORSE291	35	img_0309.jpg	800	800
320	ORSE294	35	img_0310.jpg	1001	1001
321	ORSE295-P	35	img_0312.jpg	1001	1001
322	ORSE295-G	35	img_0311.jpg	1001	1001
323	ORSE296-G	35	img_0314.jpg	1001	1001
324	ORSE296-P	35	img_0313.jpg	1001	1001
325	ORSE302	35	img_0315.jpg	831	758
326	ORSE303	35	img_0316.jpg	866	796
327	ORSE306	35	img_0317.jpg	601	602
328	ORSE308	35	img_0318.jpg	601	601
329	ORSE309	36	img_0319.jpg	601	601
330	ORSE310	36	img_0320.jpg	602	601
331	ORSE312	36	img_0321.jpg	1001	1001
332	ORSE314	36	img_0322.jpg	1001	1000
333	ORSE317	36	img_0323.jpg	800	800
334	ORSE320	36	img_0324.jpg	800	800
335	ORSE321	36	img_0325.jpg	800	800
336	ORSE322	36	img_0326.jpg	800	800
337	ORSE323	36	img_0327.jpg	800	800
338	ORSE326	36	img_0328.jpg	800	800
339	ORSE327	37	img_0329.jpg	800	800
340	ORSE329	37	img_0330.jpg	800	800
341	ORSE331-P	37	img_0331.jpg	800	800
342	ORSE331-R	37	img_0332.jpg	800	800
343	ORSE332-4mm	37	img_0333.jpg	242	222
344	ORSE333-P-W	37	img_0334.jpg	583	592
345	ORSE333-P-F	37	img_0335.jpg	646	676
346	ORSE335-P	37	img_0336.jpg	620	597
347	ORSE336-P	37	img_0337.jpg	1001	1001
348	ORSE337	37	img_0338.jpg	577	519
349	OREQE01	38	img_0339.jpg	289	293
350	OREQE02	38	img_0340.jpg	278	241
351	OREQE04	38	img_0341.jpg	261	290
352	OREQE09	38	img_0342.jpg	280	211
353	OREQE10	38	img_0343.jpg	349	233
354	OREQE18	38	img_0344.jpg	501	501
355	OREQE19	38	img_0345.jpg	602	601
356	OREQE20	38	img_0346.jpg	602	601
357	OREQE21	38	img_0347.jpg	601	600
358	OREQE23	38	img_0348.jpg	1001	1001
359	OREQE24	39	img_0349.jpg	1001	1001
360	OREQE25	39	img_0350.jpg	1001	1001
361	OREQE28-P	39	img_0351.jpg	594	529
362	OREQE33	39	img_0352.jpg	597	670
363	ORGPE01	39	img_0353.jpg	800	800
364	ORGPE03	39	img_0354.jpg	800	800
365	ORGPE04	39	img_0355.jpg	800	800
366	ORAPE01	39	img_0356.jpg	1001	1001
367	ORAPE02	39	img_0357.jpg	1001	1001
368	ORAPE04	39	img_0358.jpg	1001	1001
369	ORAPE05	40	img_0359.jpg	1001	1001
370	ORAPE06	40	img_0360.jpg	1001	1001
371	ORAPE07	40	img_0361.jpg	1001	1001
372	ORAPE09	40	img_0362.jpg	1001	1001
373	ORAPE10	40	img_0363.jpg	1001	1001
374	ORAPE11	40	img_0364.jpg	1001	1001
375	ORAPE12	40	img_0365.jpg	1001	1001
376	ORAPE15	40	img_0366.jpg	1001	1001
377	ORAPE16	40	img_0367.jpg	1001	1001
378	ORAPE17	40	img_0368.jpg	1001	1001
379	ORAPE23	41	img_0369.jpg	1001	1001
380	ORAPE13	41	img_0370.jpg	1001	1001
381	ORAPE19	41	img_0371.jpg	1001	1001
382	ORAPE20	41	img_0372.jpg	1001	1001
383	ORAPE21	41	img_0373.jpg	1001	1001
384	ORHAPE27-P	41	img_0374.jpg	800	800
385	ORHAPE27-G	41	img_0375.jpg	800	800
386	ORHAPE28-P	41	img_0377.jpg	800	800
387	ORHAPE28-G	41	img_0376.jpg	800	800
388	ORHAPE29-P	41	img_0378.jpg	800	800
389	ORHAPE29-G	42	img_0379.jpg	800	800
390	ORGCB05-P-18	42	img_0380.jpg	1001	1001
391	ORGCB06-P	42	img_0381.jpg	1001	1001
392	ORGCB50P	42	img_0382.jpg	1001	1001
393	ORGCB07-18K	42	img_0384.jpg	1001	1001
394	ORGCB07-P	42	img_0383.jpg	1001	1002
395	ORGCB08-P	42	img_0386.jpg	1001	1001
396	ORGCB08-18K	42	img_0385.jpg	1001	1001
397	ORGCB09-P	42	img_0387.jpg	1001	1001
398	ORGCB10-P	43	img_0388.jpg	1001	1001
399	ORGCB11-18K	43	img_0389.jpg	1001	1001
400	ORGCB12-18K	43	img_0390.jpg	1001	1001
401	ORGCB18	43	img_0391.jpg	1001	1001
402	ORGCB19-18K	43	img_0392.jpg	1001	1001
403	ORGCB19-P	43	img_0393.jpg	1001	1001
404	ORGCB20-18K	43	img_0394.jpg	1001	1001
405	ORGCB20-P	43	img_0395.jpg	1001	1001
406	ORGCB21-18K	43	img_0396.jpg	1280	1280
407	ORGCB21-P	43	img_0397.jpg	1001	1001
408	ORGCB22-18K	44	img_0398.jpg	1001	1001
409	ORGCB22-P	44	img_0399.jpg	1001	1001
410	ORGCB23-18K	44	img_0400.jpg	1001	1001
411	ORGCB23-P	44	img_0401.jpg	1001	1001
412	ORGCB24-18K	44	img_0402.jpg	1001	1001
413	ORGCB24-P	44	img_0403.jpg	1001	1001
414	ORGCB25	44	img_0404.jpg	1280	1280
415	ORGCB26-18K	44	img_0405.jpg	1280	1280
416	ORGCB26-P	44	img_0406.jpg	1001	1001
417	ORGCB27	44	img_0407.jpg	1001	1001
418	ORGCB28-18K	45	img_0410.jpg	1280	1280
419	ORGCB28-P	45	img_0411.jpg	1001	1001
420	ORGCB29-18K	45	img_0412.jpg	1280	1280
421	ORGCB29-P	45	img_0413.jpg	1001	1001
422	ORGCB30-18K	45	img_0414.jpg	1280	1280
423	ORGCB30-P	45	img_0415.jpg	1001	1001
424	ORGSB106-P-180	45	img_0408.jpg	800	800
425	ORGSB106-P-190	45	img_0408.jpg	800	800
426	ORGPN13	45	img_0409.jpg	1001	1001
427	ORGPB01	46	img_0416.jpg	1001	1001
428	ORGPB02	46	img_0417.jpg	1001	1001
429	ORGPE05	46	img_0418.jpg	1001	1001
430	ORGPN14	46	img_0419.jpg	1001	1001
431	ORGPE06	46	img_0420.jpg	1001	1001
432	ORPA0010	46	img_0421.jpg	259	355
433	ORPA034	46	img_0422.jpg	208	314
434	ORPA0035	46	img_0423.jpg	209	322
435	ORPA0094	47	img_0424.jpg	268	315
436	ORPA0097	47	img_0425.jpg	315	314
437	ORPA0123	47	img_0426.jpg	315	314
438	ORPA0132	47	img_0427.jpg	314	316
439	ORPA0142	47	img_0428.jpg	315	315
440	ORPA0147	47	img_0429.jpg	315	316
441	ORPA0149	47	img_0430.jpg	314	314
442	ORPA0107	47	img_0431.jpg	312	315
443	ORGCB51-WY	47	img_0433.jpg	576	890
444	ORGCB51-YL	47	img_0432.jpg	553	857
445	ORGCB51-YP	48	img_0437.jpg	524	867
446	ORGCB51-YR	48	img_0435.jpg	424	653
447	ORGCB51-P	48	img_0436.jpg	572	872
448	ORGCB52-L	48	img_0441.jpg	457	852
449	ORGCB53-L	48	img_0443.jpg	471	765
450	ORGCB54-L	48	img_0442.jpg	412	675
451	ORGCB55-L	48	img_0439.jpg	514	776
452	ORGCB56-B	48	img_0440.jpg	462	793
453	ORGCB57-Z	48	img_0438.jpg	663	901
454	ORGCB58-LVR	48	img_0434.jpg	507	870
455	ORCB32-Vir	49	img_0444.jpg	495	426
456	ORCB32-Tau	49	img_0445.jpg	475	410
457	ORCB32-Ari	49	img_0446.jpg	450	426
458	ORCB32-Sco	49	img_0447.jpg	458	404
459	ORCB32-Psc	49	img_0448.jpg	484	446
460	ORCB32-Cap	49	img_0449.jpg	458	441
461	ORCB32-Cnc	49	img_0450.jpg	526	453
462	ORCB32-Sgr	49	img_0451.jpg	507	449
463	ORCB32-Leo	49	img_0452.jpg	494	457
464	ORCB32-Gem	50	img_0462.jpg	265	296
465	ORCB32-Lib	50	img_0461.jpg	520	463
466	ORCB32-Agr	50	img_0460.jpg	510	451
467	ORCB33-R	50	img_0453.jpg	400	373
468	ORCB33-P	50	img_0454.jpg	382	399
469	ORCB33-Q	50	img_0455.jpg	415	403
470	ORCB33-W	50	img_0456.jpg	381	387
471	ORCB33-LV	50	img_0457.jpg	411	400
472	ORCB33-PL	50	img_0458.jpg	426	417
473	ORCB33-M	51	img_0459.jpg	366	377
474	ORCB33-G	51	img_0463.jpg	378	385
475	ORCB33-BL	51	img_0464.jpg	370	407
476	ORCB33-F	51	img_0465.jpg	410	409
477	ORCB33-X	51	img_0466.jpg	355	382
478	ORCB33-L	51	img_0467.jpg	391	397
479	ORSMN30	51	img_0469.jpg	1001	1001
480	ORSWE13	51	img_0468.jpg	1001	1001
481	ORSMR69	51	img_0470.jpg	502	529
482	ORSMN45	51	img_0471.jpg	272	413
483	ORCB199	52	img_0472.jpg	800	800
484	ORCB200	52	img_0473.jpg	800	800
485	ORCB201	52	img_0474.jpg	800	800
486	ORCB202	52	img_0475.jpg	800	800
487	ORCB203	52	img_0476.jpg	800	800
488	ORCB204	52	img_0477.jpg	800	800
489	ORCB205	52	img_0478.jpg	800	800
490	ORCB206	52	img_0479.jpg	800	800
491	ORCB176	52	img_0480.jpg	800	800
492	ORCB208	52	img_0481.jpg	800	800
493	ORCB209	53	img_0482.jpg	800	800
494	ORCB210	53	img_0483.jpg	800	800
495	ORCB211	53	img_0484.jpg	800	800
496	ORCB212	53	img_0485.jpg	800	800
497	ORCB213	53	img_0486.jpg	800	800
498	ORCB214	53	img_0487.jpg	800	800
499	ORCB215	53	img_0488.jpg	800	800
500	ORCB216	53	img_0489.jpg	800	800
501	ORCB217	53	img_0490.jpg	800	800
502	ORCB218	53	img_0491.jpg	800	800
503	ORCB219	54	img_0492.jpg	800	800
504	ORCB220	54	img_0493.jpg	800	800
505	ORCB221	54	img_0494.jpg	800	800
506	ORGSB114-195	54	img_0495.jpg	1001	1001
507	ORGSB114-205	54	img_0495.jpg	1001	1001
508	ORGCBB1-17-W	54	img_0500.jpg	1001	1001
509	ORGCBB1-17-R	54	img_0499.jpg	1001	1001
510	ORGCBB1-17-K	54	img_0498.jpg	1001	1001
511	ORGCBB1-17-B	54	img_0496.jpg	1001	1001
512	ORGCBB1-17-G	54	img_0497.jpg	1001	1001
513	ORGCBB1-19-W	55	img_0500.jpg	1001	1001
514	ORGCBB1-19-R	55	img_0499.jpg	1001	1001
515	ORGCBB1-19-K	55	img_0498.jpg	1001	1001
516	ORGCBB1-19-B	55	img_0496.jpg	1001	1001
517	ORGCBB1-19-G	55	img_0497.jpg	1001	1001
518	ORGCBB1-21-W	55	img_0500.jpg	1001	1001
519	ORGCBB1-21-R	55	img_0499.jpg	1001	1001
520	ORGCBB1-21-K	55	img_0498.jpg	1001	1001
521	ORGCBB1-21-B	55	img_0496.jpg	1001	1001
522	ORGSN305-W	55	img_0501.jpg	1001	1001
523	ORGSN305-B	56	img_0502.jpg	1001	1001
524	ORGSN305-C	56	img_0503.jpg	1001	1001
525	ORGCB56-L	56	img_0504.jpg	469	762
526	GCB56-R	56	img_0505.jpg	438	786
527	ORGCB177	56	img_0506.jpg	1001	1001
528	ORGCB175	56	img_0507.jpg	1001	1001
529	ORGCB109	56	img_0508.jpg	1001	1001
530	ORGCB110	56	img_0509.jpg	1001	1001
531	ORGCB182-1	56	img_0511.jpg	1001	1001
532	ORGCB182-2	56	img_0510.jpg	1001	1001
533	ORGCB182-3	57	img_0516.jpg	1001	1001
534	ORGCB182-5	57	img_0512.jpg	1001	1001
535	ORGCB182-6	57	img_0514.jpg	1001	1001
536	ORGCB182-7	57	img_0513.jpg	1001	1001
537	ORGCB182-8	57	img_0515.jpg	1001	1001
538	ORGCB184-1	57	img_0517.jpg	1001	1001
539	ORGCB184-2	57	img_0520.jpg	1001	1001
540	ORGCB184-3	57	img_0519.jpg	1001	1001
541	ORGCB184-4	57	img_0518.jpg	1001	1001
542	ORGCB184-5	58	img_0529.jpg	1001	1001
543	ORGCB184-6	58	img_0530.jpg	1001	1001
544	ORGCB184-7	58	img_0528.jpg	1001	1001
545	ORGCB185-14K	58	img_0527.jpg	1001	1001
546	ORGCB186-1	58	img_0525.jpg	1001	1001
547	ORGCB186-2	58	img_0524.jpg	1001	1001
548	ORGCB181	58	img_0526.jpg	1001	1001
549	ORGCB187-14K-1	58	img_0522.jpg	1001	1001
550	ORGCB187-14K-2	58	img_0523.jpg	1001	1001
551	ORCB145	58	img_0521.jpg	800	800
552	ORSE107-R	59	img_0531.jpg	1001	1001
553	ORSN15	59	img_0532.jpg	400	400
554	ORSE89	59	img_0533.jpg	865	415
