invoice_row,model_no,sku,handle,product_name,line,type,category,price_tier,retail_thb,retail_usd,cost_usd,weight_g,size_mm,material,metal_finish,stone,stock_qty,description_html,image_url_1,seo_title,seo_description,quote_text,invoice_image,notes
227,ORCBB01-17,ORCBB01-17,snake-chain-bracelet-17cm,"Snake Chain Bracelet, 17cm",A,Bracelet,,Base,2800,89,22.15,13.16,17cm,925 Sterling Silver+AAAA CZ,,White CZ,44,"<p style=""font-family: Inter, sans-serif;"">A 17cm snake chain in 925 sterling silver with a round clasp set with clear stones. Rhodium plated.</p>

<p style=""font-family: Inter, sans-serif;""><strong>Material:</strong> 925 Sterling Silver<br>
<strong>Stone:</strong> White CZ<br>
<strong>Length:</strong> 17cm<br>
<strong>Weight:</strong> 13.16g</p>

<p style=""font-family: Inter, sans-serif;""><strong>Takes all Orloff charms.</strong></p>

<p style=""font-family: Inter, sans-serif;""><strong>ORLOFF OF DENMARK.</strong></p>",,"Snake Chain Bracelet, 17cm | Orloff of Denmark",A 17cm snake chain in 925 sterling silver with a round clasp set with clear stones.,,img_0221.jpg,
228,ORCBB01-19,ORCBB01-19,snake-chain-bracelet-19cm,"Snake Chain Bracelet, 19cm",A,Bracelet,,Base,2800,89,23.95,14.40,19cm,925 Sterling Silver+AAAA CZ,,White CZ,44,"<p style=""font-family: Inter, sans-serif;"">A 19cm snake chain in 925 sterling silver with a round clasp set with clear stones. Rhodium plated.</p>

<p style=""font-family: Inter, sans-serif;""><strong>Material:</strong> 925 Sterling Silver<br>
<strong>Stone:</strong> White CZ<br>
<strong>Length:</strong> 19cm<br>
<strong>Weight:</strong> 14.40g</p>

<p style=""font-family: Inter, sans-serif;""><strong>Takes all Orloff charms.</strong></p>

<p style=""font-family: Inter, sans-serif;""><strong>ORLOFF OF DENMARK.</strong></p>",,"Snake Chain Bracelet, 19cm | Orloff of Denmark",A 19cm snake chain in 925 sterling silver with a round clasp set with clear stones.,,img_0221.jpg,
229,ORCBB01-21,ORCBB01-21,snake-chain-bracelet-21cm,"Snake Chain Bracelet, 21cm",A,Bracelet,,Base,2800,89,26.85,16.50,21cm,925 Sterling Silver+AAAA CZ,,White CZ,46,"<p style=""font-family: Inter, sans-serif;"">A 21cm snake chain in 925 sterling silver with a round clasp set with clear stones. Rhodium plated.</p>

<p style=""font-family: Inter, sans-serif;""><strong>Material:</strong> 925 Sterling Silver<br>
<strong>Stone:</strong> White CZ<br>
<strong>Length:</strong> 21cm<br>
<strong>Weight:</strong> 16.50g</p>

<p style=""font-family: Inter, sans-serif;""><strong>Takes all Orloff charms.</strong></p>

<p style=""font-family: Inter, sans-serif;""><strong>ORLOFF OF DENMARK.</strong></p>",,"Snake Chain Bracelet, 21cm | Orloff of Denmark",A 21cm snake chain in 925 sterling silver with a round clasp set with clear stones.,,img_0221.jpg,
390,ORGCB05-P-18,ORGCB05-P-18,durian-charm,Durian Charm,A,Charm,Travel & Lifestyle,Signature,1200,39,5.09,2,12.5 x 8mm,925 Sterling Silver,"Rhodium Plated, 18K Gold",,30,"<p style=""font-family: Inter, sans-serif;"">Gold fruit in a silver spiked husk.</p>

<p style=""font-family: Inter, sans-serif;""><strong>Material:</strong> 925 Sterling Silver<br>
<strong>Finish:</strong> Rhodium Plated, 18K Gold<br>
<strong>Size:</strong> 12.5 x 8mm<br>
<strong>Weight:</strong> 2g</p>

<p style=""font-family: Inter, sans-serif;""><strong>Fits all Orloff snake chain bracelets.</strong></p>

<p style=""font-family: Inter, sans-serif;""><strong>ORLOFF OF DENMARK.</strong></p>",,Durian Charm | Orloff of Denmark,Gold fruit in a silver spiked husk.,,img_0380.jpg,"Identified from the invoice photograph, confidence high"
391,ORGCB06-P,ORGCB06-P,danish-flag-charm-pave,"Danish Flag Charm, Pave",A,Charm,Travel & Lifestyle,Statement,1600,49,7.09,2.1,11 x 10mm,925 Sterling Silver,Rhodium Plated,Red stone,15,"<p style=""font-family: Inter, sans-serif;"">Dannebrog, white cross over pink pave stones.</p>

<p style=""font-family: Inter, sans-serif;""><strong>Material:</strong> 925 Sterling Silver<br>
<strong>Finish:</strong> Rhodium Plated<br>
<strong>Stone:</strong> Red stone<br>
<strong>Size:</strong> 11 x 10mm<br>
<strong>Weight:</strong> 2.1g</p>

<p style=""font-family: Inter, sans-serif;""><strong>Fits all Orloff snake chain bracelets.</strong></p>

<p style=""font-family: Inter, sans-serif;""><strong>ORLOFF OF DENMARK.</strong></p>",,"Danish Flag Charm, Pave | Orloff of Denmark","Dannebrog, white cross over pink pave stones.",,img_0381.jpg,"Identified from the invoice photograph, confidence high"
392,ORGCB50P,ORGCB50P,danish-flag-charm-red-enamel,"Danish Flag Charm, Red Enamel",A,Charm,Travel & Lifestyle,Statement,1600,49,7.09,2.1,11 x 10mm,925 Sterling Silver,"Rhodium Plated, Red Enamel",,15,"<p style=""font-family: Inter, sans-serif;"">Dannebrog, white cross over red enamel.</p>

<p style=""font-family: Inter, sans-serif;""><strong>Material:</strong> 925 Sterling Silver<br>
<strong>Finish:</strong> Rhodium Plated, Red Enamel<br>
<strong>Size:</strong> 11 x 10mm<br>
<strong>Weight:</strong> 2.1g</p>

<p style=""font-family: Inter, sans-serif;""><strong>Fits all Orloff snake chain bracelets.</strong></p>

<p style=""font-family: Inter, sans-serif;""><strong>ORLOFF OF DENMARK.</strong></p>",,"Danish Flag Charm, Red Enamel | Orloff of Denmark","Dannebrog, white cross over red enamel.",,img_0382.jpg,"Identified from the invoice photograph, confidence high"
393,ORGCB07-18K,ORGCB07-18K,lotus-flower-charm-18k-gold,"Lotus Flower Charm, 18K Gold",A,Charm,Nature,Signature,1200,39,5.81,1.9,10.5 x 10.5 x 11.2mm,925 Sterling Silver,"18K Gold Plated, Enamel",,15,"<p style=""font-family: Inter, sans-serif;"">Pink and white enamel petals in a clear stone halo.</p>

<p style=""font-family: Inter, sans-serif;""><strong>Material:</strong> 925 Sterling Silver<br>
<strong>Finish:</strong> 18K Gold Plated, Enamel<br>
<strong>Size:</strong> 10.5 x 10.5 x 11.2mm<br>
<strong>Weight:</strong> 1.9g</p>

<p style=""font-family: Inter, sans-serif;""><strong>Fits all Orloff snake chain bracelets.</strong></p>

<p style=""font-family: Inter, sans-serif;""><strong>ORLOFF OF DENMARK.</strong></p>",,"Lotus Flower Charm, 18K Gold | Orloff of Denmark",Pink and white enamel petals in a clear stone halo.,,img_0384.jpg,"Identified from the invoice photograph, confidence high"
394,ORGCB07-P,ORGCB07-P,lotus-flower-charm,Lotus Flower Charm,A,Charm,Nature,Signature,1200,39,6.04,1.9,10.5 x 10.5 x 11.2mm,925 Sterling Silver,"Rhodium Plating, Enamel",,15,"<p style=""font-family: Inter, sans-serif;"">Same design, rhodium finish.</p>

<p style=""font-family: Inter, sans-serif;""><strong>Material:</strong> 925 Sterling Silver<br>
<strong>Finish:</strong> Rhodium Plating, Enamel<br>
<strong>Size:</strong> 10.5 x 10.5 x 11.2mm<br>
<strong>Weight:</strong> 1.9g</p>

<p style=""font-family: Inter, sans-serif;""><strong>Fits all Orloff snake chain bracelets.</strong></p>

<p style=""font-family: Inter, sans-serif;""><strong>ORLOFF OF DENMARK.</strong></p>",,Lotus Flower Charm | Orloff of Denmark,"Same design, rhodium finish.",,img_0383.jpg,"Identified from the invoice photograph, confidence high"
395,ORGCB08-P,ORGCB08-P,tassel-charm,Tassel Charm,A,Charm,Sparkle & Classic,Signature,1200,39,5.49,2.50,10.5 x 7.3 x 8.5mm,925 Sterling Silver,Rhodium Plated,,15,"<p style=""font-family: Inter, sans-serif;"">Same design, rhodium finish.</p>

<p style=""font-family: Inter, sans-serif;""><strong>Material:</strong> 925 Sterling Silver<br>
<strong>Finish:</strong> Rhodium Plated<br>
<strong>Size:</strong> 10.5 x 7.3 x 8.5mm<br>
<strong>Weight:</strong> 2.50g</p>

<p style=""font-family: Inter, sans-serif;""><strong>Fits all Orloff snake chain bracelets.</strong></p>

<p style=""font-family: Inter, sans-serif;""><strong>ORLOFF OF DENMARK.</strong></p>",,Tassel Charm | Orloff of Denmark,"Same design, rhodium finish.",,img_0386.jpg,"Identified from the invoice photograph, confidence high"
396,ORGCB08-18K,ORGCB08-18K,tassel-charm-18k-gold,"Tassel Charm, 18K Gold",A,Charm,Sparkle & Classic,Signature,1200,39,5.26,2.50,10.5 x 7.3 x 8.5mm,925 Sterling Silver,18K Gold Plated,,15,"<p style=""font-family: Inter, sans-serif;"">Plain hanging tassel.</p>

<p style=""font-family: Inter, sans-serif;""><strong>Material:</strong> 925 Sterling Silver<br>
<strong>Finish:</strong> 18K Gold Plated<br>
<strong>Size:</strong> 10.5 x 7.3 x 8.5mm<br>
<strong>Weight:</strong> 2.50g</p>

<p style=""font-family: Inter, sans-serif;""><strong>Fits all Orloff snake chain bracelets.</strong></p>

<p style=""font-family: Inter, sans-serif;""><strong>ORLOFF OF DENMARK.</strong></p>",,"Tassel Charm, 18K Gold | Orloff of Denmark",Plain hanging tassel.,,img_0385.jpg,"Identified from the invoice photograph, confidence high"
397,ORGCB09-P,ORGCB09-P,whale-tail-charm,Whale Tail Charm,A,Charm,Animals,Classic,900,29,3.99,1.1,11.4 x 11mm,925 Sterling Silver,Rhodium Plated,Blue stone,30,"<p style=""font-family: Inter, sans-serif;"">Blue pave fluke. Could also read as a mermaid tail.</p>

<p style=""font-family: Inter, sans-serif;""><strong>Material:</strong> 925 Sterling Silver<br>
<strong>Finish:</strong> Rhodium Plated<br>
<strong>Stone:</strong> Blue stone<br>
<strong>Size:</strong> 11.4 x 11mm<br>
<strong>Weight:</strong> 1.1g</p>

<p style=""font-family: Inter, sans-serif;""><strong>Fits all Orloff snake chain bracelets.</strong></p>

<p style=""font-family: Inter, sans-serif;""><strong>ORLOFF OF DENMARK.</strong></p>",,Whale Tail Charm | Orloff of Denmark,Blue pave fluke.,,img_0387.jpg,"Identified from the invoice photograph, confidence high"
398,ORGCB10-P,ORGCB10-P,royal-guard-charm,Royal Guard Charm,A,Charm,Travel & Lifestyle,Signature,1200,39,4.88,1.2,12 x 5mm,925 Sterling Silver,Enamel,,30,"<p style=""font-family: Inter, sans-serif;"">Danish Livgarde, red tunic and gold bearskin.</p>

<p style=""font-family: Inter, sans-serif;""><strong>Material:</strong> 925 Sterling Silver<br>
<strong>Finish:</strong> Enamel<br>
<strong>Size:</strong> 12 x 5mm<br>
<strong>Weight:</strong> 1.2g</p>

<p style=""font-family: Inter, sans-serif;""><strong>Fits all Orloff snake chain bracelets.</strong></p>

<p style=""font-family: Inter, sans-serif;""><strong>ORLOFF OF DENMARK.</strong></p>",,Royal Guard Charm | Orloff of Denmark,"Danish Livgarde, red tunic and gold bearskin.",,img_0388.jpg,"Identified from the invoice photograph, confidence medium. NEEDS CONFIRMATION"
399,ORGCB11-18K,ORGCB11-18K,,,A,Charm,,Signature,1200,39,6.21,2.8,20 x 11mm,925 Sterling Silver,"Rhodium Plated, 18K Gold",,30,,,,,,img_0389.jpg,"HOLD, not named: Standing crowned figure with halo. DO NOT PUBLISH UNCONFIRMED."
400,ORGCB12-18K,ORGCB12-18K,,,A,Charm,,Signature,1200,39,5.12,2.50,17 x 9mm,925 Sterling Silver,18K Gold Plated,,30,,,,,,img_0390.jpg,"HOLD, not named: Seated figure on a lotus pedestal. DO NOT PUBLISH UNCONFIRMED."
401,ORGCB18,ORGCB18,,,A,Charm,,Signature,1200,39,5.45,2.20,11 x 11mm,925 Sterling Silver,"Rhodium Plating, Enamel",,30,,,,,,img_0391.jpg,"HOLD, not named: White temple on blue and red enamel with stars. Reads as Angkor Wat. CONFIRM COUNTRY."
402,ORGCB19-18K,ORGCB19-18K,,,A,Charm,,Signature,1200,39,6.13,3.30,13.6 x 8.2MM,925 Sterling Silver,18K Gold Plated,,15,,,,,,img_0392.jpg,"HOLD, not named: Buddha head, gold. DO NOT PUBLISH UNCONFIRMED."
403,ORGCB19-P,ORGCB19-P,,,A,Charm,,Signature,1200,39,6.13,3.30,13.6 x 8.2MM,925 Sterling Silver,Silver Oxidation,,15,,,,,,img_0393.jpg,"HOLD, not named: Same design, rhodium finish."
404,ORGCB20-18K,ORGCB20-18K,,,A,Charm,,Signature,1200,39,5.75,3.00,16 x 13mm,925 Sterling Silver,18K Gold Plated,,15,,,,,,img_0394.jpg,"HOLD, not named: Seated crowned figure, Thai style. DO NOT PUBLISH UNCONFIRMED."
405,ORGCB20-P,ORGCB20-P,,,A,Charm,,Signature,1200,39,5.75,3.00,16 x 13mm,925 Sterling Silver,Silver Oxidation,,15,,,,,,img_0395.jpg,"HOLD, not named: Same design, rhodium finish."
406,ORGCB21-18K,ORGCB21-18K,,,A,Charm,,Statement,1600,49,7.65,4.50,15 x 10mm,925 Sterling Silver,18K Gold Plated,,15,,,,,,img_0396.jpg,"HOLD, not named: Buddha head, gold. DO NOT PUBLISH UNCONFIRMED."
407,ORGCB21-P,ORGCB21-P,,,A,Charm,,Statement,1600,49,7.65,4.50,15 x 10mm,925 Sterling Silver,Silver Oxidation,,15,,,,,,img_0397.jpg,"HOLD, not named: Same design, rhodium finish."
408,ORGCB22-18K,ORGCB22-18K,,,A,Charm,,Classic,900,29,4.34,1.7,17 x 15mm,925 Sterling Silver,18K Gold Plated,,15,,,,,,img_0398.jpg,"HOLD, not named: Winged figure on a plinth. Thai national emblem. NATIONAL SYMBOL, CONFIRM."
409,ORGCB22-P,ORGCB22-P,,,A,Charm,,Classic,900,29,4.34,1.7,17 x 15mm,925 Sterling Silver,Silver Oxidation,,14,,,,,,img_0399.jpg,"HOLD, not named: Same design, rhodium finish."
410,ORGCB23-18K,ORGCB23-18K,,,A,Charm,,Signature,1200,39,4.99,2.40,14 x 11mm,925 Sterling Silver,18K Gold Plated,,15,,,,,,img_0400.jpg,"HOLD, not named: Seated crowned figure. DO NOT PUBLISH UNCONFIRMED."
411,ORGCB23-P,ORGCB23-P,,,A,Charm,,Signature,1200,39,4.99,2.40,14 x 11mm,925 Sterling Silver,Silver Oxidation,,15,,,,,,img_0401.jpg,"HOLD, not named: Same design, rhodium finish."
412,ORGCB24-18K,ORGCB24-18K,,,A,Charm,,Signature,1200,39,5.25,2.60,16 x 14mm,925 Sterling Silver,18K Gold Plated,,15,,,,,,img_0402.jpg,"HOLD, not named: Seated crowned figure, headdress. DO NOT PUBLISH UNCONFIRMED."
413,ORGCB24-P,ORGCB24-P,,,A,Charm,,Signature,1200,39,5.25,2.60,16 x 14mm,925 Sterling Silver,Silver Oxidation,,15,,,,,,img_0403.jpg,"HOLD, not named: Same design, rhodium finish."
414,ORGCB25,ORGCB25,little-mermaid-charm,Little Mermaid Charm,A,Charm,Travel & Lifestyle,Statement,1600,49,7.25,3.80,19 x 14mm,925 Sterling Silver,Silver Oxidation,,30,"<p style=""font-family: Inter, sans-serif;"">Copenhagen's Den Lille Havfrue, figure seated on a rock.</p>

<p style=""font-family: Inter, sans-serif;""><strong>Material:</strong> 925 Sterling Silver<br>
<strong>Finish:</strong> Silver Oxidation<br>
<strong>Size:</strong> 19 x 14mm<br>
<strong>Weight:</strong> 3.80g</p>

<p style=""font-family: Inter, sans-serif;""><strong>Fits all Orloff snake chain bracelets.</strong></p>

<p style=""font-family: Inter, sans-serif;""><strong>ORLOFF OF DENMARK.</strong></p>",,Little Mermaid Charm | Orloff of Denmark,"Copenhagen's Den Lille Havfrue, figure seated on a rock.",,img_0404.jpg,"Identified from the invoice photograph, confidence high"
415,ORGCB26-18K,ORGCB26-18K,,,A,Charm,,Signature,1200,39,5.10,2.30,16 x 6mm,925 Sterling Silver,18K Gold Plated,,15,,,,,,img_0405.jpg,"HOLD, not named: Figure riding an elephant under a canopy. DO NOT PUBLISH UNCONFIRMED."
416,ORGCB26-P,ORGCB26-P,,,A,Charm,,Signature,1200,39,5.10,2.30,16 x 6mm,925 Sterling Silver,Silver Oxidation,,13,,,,,,img_0406.jpg,"HOLD, not named: Same design, rhodium finish."
417,ORGCB27,ORGCB27,coat-of-arms-charm,Coat of Arms Charm,A,Charm,Travel & Lifestyle,Classic,900,29,4.02,1.7,10.5 x 7.5mm,925 Sterling Silver,Rhodium Plating,,30,"<p style=""font-family: Inter, sans-serif;"">Openwork heraldic crest with crown and shield, stars around the band.</p>

<p style=""font-family: Inter, sans-serif;""><strong>Material:</strong> 925 Sterling Silver<br>
<strong>Finish:</strong> Rhodium Plating<br>
<strong>Size:</strong> 10.5 x 7.5mm<br>
<strong>Weight:</strong> 1.7g</p>

<p style=""font-family: Inter, sans-serif;""><strong>Fits all Orloff snake chain bracelets.</strong></p>

<p style=""font-family: Inter, sans-serif;""><strong>ORLOFF OF DENMARK.</strong></p>",,Coat of Arms Charm | Orloff of Denmark,"Openwork heraldic crest with crown and shield, stars around the band.",,img_0407.jpg,"Identified from the invoice photograph, confidence medium. NEEDS CONFIRMATION"
418,ORGCB28-18K,ORGCB28-18K,,,A,Charm,,Signature,1200,39,5.35,2.50,14.5 x 5.5mm,925 Sterling Silver,18K Gold Plated,,15,,,,,,img_0410.jpg,"HOLD, not named: Singha guardian lion. CONFIRM."
419,ORGCB28-P,ORGCB28-P,,,A,Charm,,Signature,1200,39,5.35,2.50,14.5 x 5.5mm,925 Sterling Silver,Silver Oxidation,,15,,,,,,img_0411.jpg,"HOLD, not named: Same design, rhodium finish."
420,ORGCB29-18K,ORGCB29-18K,,,A,Charm,,Classic,900,29,4.21,1.60,16.5 x 7.5mm,925 Sterling Silver,18K Gold Plated,,15,,,,,,img_0412.jpg,"HOLD, not named: Standing figure, tall headdress. DO NOT PUBLISH UNCONFIRMED."
421,ORGCB29-P,ORGCB29-P,,,A,Charm,,Classic,900,29,4.21,1.60,16.5 x 7.5mm,925 Sterling Silver,Silver Oxidation,,14,,,,,,img_0413.jpg,"HOLD, not named: Same design, rhodium finish."
422,ORGCB30-18K,ORGCB30-18K,,,A,Charm,,Signature,1200,39,6.03,3.00,15 x 8mm,925 Sterling Silver,18K Gold Plated,,15,,,,,,img_0414.jpg,"HOLD, not named: Bust with tall headdress. DO NOT PUBLISH UNCONFIRMED."
423,ORGCB30-P,ORGCB30-P,,,A,Charm,,Signature,1200,39,6.03,3.00,15 x 8mm,925 Sterling Silver,Silver Oxidation,,15,,,,,,img_0415.jpg,"HOLD, not named: Same design, rhodium finish."
432,ORPA0010,ORPA0010,fluted-clip-clear-stone,"Fluted Clip, Clear Stone",A,Charm,Spacers & Clips,Signature,1200,39,5.92,1.94,4.4 x 10.2mm,925 Sterling Silver,Silver Plating,,10,"<p style=""font-family: Inter, sans-serif;"">A fluted silver band set with a single clear stone. Clips grip the chain, so your charms stay where you put them.</p>

<p style=""font-family: Inter, sans-serif;""><strong>Material:</strong> 925 Sterling Silver<br>
<strong>Finish:</strong> Silver Plating<br>
<strong>Size:</strong> 4.4 x 10.2mm<br>
<strong>Weight:</strong> 1.94g</p>

<p style=""font-family: Inter, sans-serif;""><strong>Fits all Orloff snake chain bracelets.</strong></p>

<p style=""font-family: Inter, sans-serif;""><strong>ORLOFF OF DENMARK.</strong></p>",,"Fluted Clip, Clear Stone | Orloff of Denmark",A fluted silver band set with a single clear stone.,,img_0421.jpg,Named and described from the product photograph
433,ORPA034,ORPA034,polished-dome-spacer,Polished Dome Spacer,A,Charm,Spacers & Clips,Signature,1200,39,4.66,1.10,3.3 x 8.6mm,925 Sterling Silver,Oxidized Silver,,10,"<p style=""font-family: Inter, sans-serif;"">A plain polished dome in 925 sterling silver. Sits between charms to give them room.</p>

<p style=""font-family: Inter, sans-serif;""><strong>Material:</strong> 925 Sterling Silver<br>
<strong>Finish:</strong> Oxidized Silver<br>
<strong>Size:</strong> 3.3 x 8.6mm<br>
<strong>Weight:</strong> 1.10g</p>

<p style=""font-family: Inter, sans-serif;""><strong>Fits all Orloff snake chain bracelets.</strong></p>

<p style=""font-family: Inter, sans-serif;""><strong>ORLOFF OF DENMARK.</strong></p>",,Polished Dome Spacer | Orloff of Denmark,A plain polished dome in 925 sterling silver.,,img_0422.jpg,"Named and described from the product photograph; invoice says ORPA034, image file says PA0034"
434,ORPA0035,ORPA0035,polished-spacer-pink-stone,"Polished Spacer, Pink Stone",A,Charm,Spacers & Clips,Signature,1200,39,5.35,1.50,3.6 x 9.8mm,925 Sterling Silver,Oxidized Silver,,9,"<p style=""font-family: Inter, sans-serif;"">A polished silver band set with a single pink stone. Sits between charms to give them room.</p>

<p style=""font-family: Inter, sans-serif;""><strong>Material:</strong> 925 Sterling Silver<br>
<strong>Finish:</strong> Oxidized Silver<br>
<strong>Size:</strong> 3.6 x 9.8mm<br>
<strong>Weight:</strong> 1.50g</p>

<p style=""font-family: Inter, sans-serif;""><strong>Fits all Orloff snake chain bracelets.</strong></p>

<p style=""font-family: Inter, sans-serif;""><strong>ORLOFF OF DENMARK.</strong></p>",,"Polished Spacer, Pink Stone | Orloff of Denmark",A polished silver band set with a single pink stone.,,img_0423.jpg,Named and described from the product photograph
435,ORPA0094,ORPA0094,pink-enamel-spacer,Pink Enamel Spacer,A,Charm,Spacers & Clips,Signature,1200,39,4.79,1.40,3.6 x 10.5mm,925 Sterling Silver,Silver Plating,,10,"<p style=""font-family: Inter, sans-serif;"">A slim silver ring finished in pale pink enamel. Sits between charms to give them room.</p>

<p style=""font-family: Inter, sans-serif;""><strong>Material:</strong> 925 Sterling Silver<br>
<strong>Finish:</strong> Silver Plating<br>
<strong>Size:</strong> 3.6 x 10.5mm<br>
<strong>Weight:</strong> 1.40g</p>

<p style=""font-family: Inter, sans-serif;""><strong>Fits all Orloff snake chain bracelets.</strong></p>

<p style=""font-family: Inter, sans-serif;""><strong>ORLOFF OF DENMARK.</strong></p>",,Pink Enamel Spacer | Orloff of Denmark,A slim silver ring finished in pale pink enamel.,,img_0424.jpg,Named and described from the product photograph
436,ORPA0097,ORPA0097,lilac-daisy-spacer,Lilac Daisy Spacer,A,Charm,Spacers & Clips,Signature,1200,39,5.57,1.50,5.1 x 10.2mm,925 Sterling Silver,Oxidized Silver,,10,"<p style=""font-family: Inter, sans-serif;"">Daisies in lilac and white enamel with clear stone centres, set around a silver ring.</p>

<p style=""font-family: Inter, sans-serif;""><strong>Material:</strong> 925 Sterling Silver<br>
<strong>Finish:</strong> Oxidized Silver<br>
<strong>Size:</strong> 5.1 x 10.2mm<br>
<strong>Weight:</strong> 1.50g</p>

<p style=""font-family: Inter, sans-serif;""><strong>Fits all Orloff snake chain bracelets.</strong></p>

<p style=""font-family: Inter, sans-serif;""><strong>ORLOFF OF DENMARK.</strong></p>",,Lilac Daisy Spacer | Orloff of Denmark,"Daisies in lilac and white enamel with clear stone centres, set around a silver ring.",,img_0425.jpg,Named and described from the product photograph
437,ORPA0123,ORPA0123,starry-night-spacer-blue-enamel,"Starry Night Spacer, Blue Enamel",A,Charm,Spacers & Clips,Classic,900,29,4.39,1.23,4.1 x 9.8mm,925 Sterling Silver,Oxidized Silver,,10,"<p style=""font-family: Inter, sans-serif;"">Deep blue enamel with silver stars and a crescent moon.</p>

<p style=""font-family: Inter, sans-serif;""><strong>Material:</strong> 925 Sterling Silver<br>
<strong>Finish:</strong> Oxidized Silver<br>
<strong>Size:</strong> 4.1 x 9.8mm<br>
<strong>Weight:</strong> 1.23g</p>

<p style=""font-family: Inter, sans-serif;""><strong>Fits all Orloff snake chain bracelets.</strong></p>

<p style=""font-family: Inter, sans-serif;""><strong>ORLOFF OF DENMARK.</strong></p>",,"Starry Night Spacer, Blue Enamel | Orloff of Denmark",Deep blue enamel with silver stars and a crescent moon.,,img_0426.jpg,Named and described from the product photograph
438,ORPA0132,ORPA0132,butterfly-clip-red-stone,"Butterfly Clip, Red Stone",A,Charm,Spacers & Clips,Signature,1200,39,5.46,1.63,3.8 x 11.1mm,925 Sterling Silver,Oxidized Silver,,10,"<p style=""font-family: Inter, sans-serif;"">A butterfly set with clear stones beside an oval red stone. Clips grip the chain, so your charms stay where you put them.</p>

<p style=""font-family: Inter, sans-serif;""><strong>Material:</strong> 925 Sterling Silver<br>
<strong>Finish:</strong> Oxidized Silver<br>
<strong>Size:</strong> 3.8 x 11.1mm<br>
<strong>Weight:</strong> 1.63g</p>

<p style=""font-family: Inter, sans-serif;""><strong>Fits all Orloff snake chain bracelets.</strong></p>

<p style=""font-family: Inter, sans-serif;""><strong>ORLOFF OF DENMARK.</strong></p>",,"Butterfly Clip, Red Stone | Orloff of Denmark",A butterfly set with clear stones beside an oval red stone.,,img_0427.jpg,Named and described from the product photograph
439,ORPA0142,ORPA0142,tulip-spacer-pink-stone,"Tulip Spacer, Pink Stone",A,Charm,Spacers & Clips,Classic,900,29,3.77,0.95,3.5 x 9.2mm,925 Sterling Silver,Oxidized Silver,,10,"<p style=""font-family: Inter, sans-serif;"">Oxidized tulips with a pink stone at the bud, set around a polished silver ring.</p>

<p style=""font-family: Inter, sans-serif;""><strong>Material:</strong> 925 Sterling Silver<br>
<strong>Finish:</strong> Oxidized Silver<br>
<strong>Size:</strong> 3.5 x 9.2mm<br>
<strong>Weight:</strong> 0.95g</p>

<p style=""font-family: Inter, sans-serif;""><strong>Fits all Orloff snake chain bracelets.</strong></p>

<p style=""font-family: Inter, sans-serif;""><strong>ORLOFF OF DENMARK.</strong></p>",,"Tulip Spacer, Pink Stone | Orloff of Denmark","Oxidized tulips with a pink stone at the bud, set around a polished silver ring.",,img_0428.jpg,Named and described from the product photograph
440,ORPA0147,ORPA0147,butterfly-spacer-clear-stones,"Butterfly Spacer, Clear Stones",A,Charm,Spacers & Clips,Classic,900,29,3.75,0.93,3.5 x 9.2mm,925 Sterling Silver,Oxidized Silver,,10,"<p style=""font-family: Inter, sans-serif;"">Two oxidized butterflies with clear stones, set around a polished silver ring.</p>

<p style=""font-family: Inter, sans-serif;""><strong>Material:</strong> 925 Sterling Silver<br>
<strong>Finish:</strong> Oxidized Silver<br>
<strong>Size:</strong> 3.5 x 9.2mm<br>
<strong>Weight:</strong> 0.93g</p>

<p style=""font-family: Inter, sans-serif;""><strong>Fits all Orloff snake chain bracelets.</strong></p>

<p style=""font-family: Inter, sans-serif;""><strong>ORLOFF OF DENMARK.</strong></p>",,"Butterfly Spacer, Clear Stones | Orloff of Denmark","Two oxidized butterflies with clear stones, set around a polished silver ring.",,img_0429.jpg,Named and described from the product photograph
441,ORPA0149,ORPA0149,scroll-spacer-oxidized-silver,"Scroll Spacer, Oxidized Silver",A,Charm,Spacers & Clips,Classic,900,29,3.62,0.90,3.5 x 9.2mm,925 Sterling Silver,Oxidized Silver,,10,"<p style=""font-family: Inter, sans-serif;"">A repeating scroll pattern in oxidized silver on a polished band.</p>

<p style=""font-family: Inter, sans-serif;""><strong>Material:</strong> 925 Sterling Silver<br>
<strong>Finish:</strong> Oxidized Silver<br>
<strong>Size:</strong> 3.5 x 9.2mm<br>
<strong>Weight:</strong> 0.90g</p>

<p style=""font-family: Inter, sans-serif;""><strong>Fits all Orloff snake chain bracelets.</strong></p>

<p style=""font-family: Inter, sans-serif;""><strong>ORLOFF OF DENMARK.</strong></p>",,"Scroll Spacer, Oxidized Silver | Orloff of Denmark",A repeating scroll pattern in oxidized silver on a polished band.,,img_0430.jpg,Named and described from the product photograph
442,ORPA0107,ORPA0107,dragonfly-clip-blue-enamel,"Dragonfly Clip, Blue Enamel",A,Charm,Spacers & Clips,Signature,1200,39,5.50,1.50,8.2 x 10.3mm,925 Sterling Silver,Oxidized Silver,,10,"<p style=""font-family: Inter, sans-serif;"">A silver dragonfly with pale blue enamel wings. Clips grip the chain, so your charms stay where you put them.</p>

<p style=""font-family: Inter, sans-serif;""><strong>Material:</strong> 925 Sterling Silver<br>
<strong>Finish:</strong> Oxidized Silver<br>
<strong>Size:</strong> 8.2 x 10.3mm<br>
<strong>Weight:</strong> 1.50g</p>

<p style=""font-family: Inter, sans-serif;""><strong>Fits all Orloff snake chain bracelets.</strong></p>

<p style=""font-family: Inter, sans-serif;""><strong>ORLOFF OF DENMARK.</strong></p>",,"Dragonfly Clip, Blue Enamel | Orloff of Denmark",A silver dragonfly with pale blue enamel wings.,,img_0431.jpg,Named and described from the product photograph
443,ORGCB51-WY,ORGCB51-WY,daisy-charm-white-and-yellow,"Daisy Charm, White and Yellow",A,Charm,Nature,Signature,1200,39,4.93,1.60,14 x 14mm,925 Sterling Silver,"Rhodium Plated, Enamel",,30,"<p style=""font-family: Inter, sans-serif;"">Enamel daisy, white petals, yellow centre.</p>

<p style=""font-family: Inter, sans-serif;""><strong>Material:</strong> 925 Sterling Silver<br>
<strong>Finish:</strong> Rhodium Plated, Enamel<br>
<strong>Size:</strong> 14 x 14mm<br>
<strong>Weight:</strong> 1.60g</p>

<p style=""font-family: Inter, sans-serif;""><strong>Fits all Orloff snake chain bracelets.</strong></p>

<p style=""font-family: Inter, sans-serif;""><strong>ORLOFF OF DENMARK.</strong></p>",,"Daisy Charm, White and Yellow | Orloff of Denmark","Enamel daisy, white petals, yellow centre.",,img_0433.jpg,"Identified from the invoice photograph, confidence high"
444,ORGCB51-YL,ORGCB51-YL,daisy-charm-blue,"Daisy Charm, Blue",A,Charm,Nature,Signature,1200,39,4.93,1.60,14 x 14mm,925 Sterling Silver,"Rhodium Plated, Enamel",,30,"<p style=""font-family: Inter, sans-serif;"">Blue enamel petals with a yellow centre.</p>

<p style=""font-family: Inter, sans-serif;""><strong>Material:</strong> 925 Sterling Silver<br>
<strong>Finish:</strong> Rhodium Plated, Enamel<br>
<strong>Size:</strong> 14 x 14mm<br>
<strong>Weight:</strong> 1.60g</p>

<p style=""font-family: Inter, sans-serif;""><strong>Fits all Orloff snake chain bracelets.</strong></p>

<p style=""font-family: Inter, sans-serif;""><strong>ORLOFF OF DENMARK.</strong></p>",,"Daisy Charm, Blue | Orloff of Denmark",Blue enamel petals with a yellow centre.,,img_0432.jpg,"Identified from the invoice photograph, confidence high"
445,ORGCB51-YP,ORGCB51-YP,daisy-charm-purple,"Daisy Charm, Purple",A,Charm,Nature,Signature,1200,39,4.93,1.60,14 x 14mm,925 Sterling Silver,"Rhodium Plated, Enamel",,29,"<p style=""font-family: Inter, sans-serif;"">Purple and white enamel petals with a yellow centre.</p>

<p style=""font-family: Inter, sans-serif;""><strong>Material:</strong> 925 Sterling Silver<br>
<strong>Finish:</strong> Rhodium Plated, Enamel<br>
<strong>Size:</strong> 14 x 14mm<br>
<strong>Weight:</strong> 1.60g</p>

<p style=""font-family: Inter, sans-serif;""><strong>Fits all Orloff snake chain bracelets.</strong></p>

<p style=""font-family: Inter, sans-serif;""><strong>ORLOFF OF DENMARK.</strong></p>",,"Daisy Charm, Purple | Orloff of Denmark",Purple and white enamel petals with a yellow centre.,,img_0437.jpg,"Identified from the invoice photograph, confidence high"
446,ORGCB51-YR,ORGCB51-YR,daisy-charm-red,"Daisy Charm, Red",A,Charm,Nature,Signature,1200,39,4.93,1.60,14 x 14mm,925 Sterling Silver,"Rhodium Plated, Enamel",,30,"<p style=""font-family: Inter, sans-serif;"">Red and white enamel petals with a yellow centre.</p>

<p style=""font-family: Inter, sans-serif;""><strong>Material:</strong> 925 Sterling Silver<br>
<strong>Finish:</strong> Rhodium Plated, Enamel<br>
<strong>Size:</strong> 14 x 14mm<br>
<strong>Weight:</strong> 1.60g</p>

<p style=""font-family: Inter, sans-serif;""><strong>Fits all Orloff snake chain bracelets.</strong></p>

<p style=""font-family: Inter, sans-serif;""><strong>ORLOFF OF DENMARK.</strong></p>",,"Daisy Charm, Red | Orloff of Denmark",Red and white enamel petals with a yellow centre.,,img_0435.jpg,"Identified from the invoice photograph, confidence high"
447,ORGCB51-P,ORGCB51-P,daisy-dangle-pink,"Daisy Dangle, Pink",A,Charm,Nature,Signature,1200,39,4.93,1.60,14 x 14mm,925 Sterling Silver,"Rhodium Plated, Enamel",,30,"<p style=""font-family: Inter, sans-serif;"">Pink and white enamel petals with a yellow centre.</p>

<p style=""font-family: Inter, sans-serif;""><strong>Material:</strong> 925 Sterling Silver<br>
<strong>Finish:</strong> Rhodium Plated, Enamel<br>
<strong>Size:</strong> 14 x 14mm<br>
<strong>Weight:</strong> 1.60g</p>

<p style=""font-family: Inter, sans-serif;""><strong>Fits all Orloff snake chain bracelets.</strong></p>

<p style=""font-family: Inter, sans-serif;""><strong>ORLOFF OF DENMARK.</strong></p>",,"Daisy Dangle, Pink | Orloff of Denmark",Pink and white enamel petals with a yellow centre.,,img_0436.jpg,"Identified from the invoice photograph, confidence high"
448,ORGCB52-L,ORGCB52-L,fortune-charm-blue-enamel,"Fortune Charm, Blue Enamel",A,Charm,Milestones & Sentiment,Statement,1600,49,7.56,4.00,17 x 12 x 2mm,925 Sterling Silver,"Rhodium Plated, Enamel",,28,"<p style=""font-family: Inter, sans-serif;"">Chinese character fu, fortune, in blue enamel on a white tag.</p>

<p style=""font-family: Inter, sans-serif;""><strong>Material:</strong> 925 Sterling Silver<br>
<strong>Finish:</strong> Rhodium Plated, Enamel<br>
<strong>Size:</strong> 17 x 12 x 2mm<br>
<strong>Weight:</strong> 4.00g</p>

<p style=""font-family: Inter, sans-serif;""><strong>Fits all Orloff snake chain bracelets.</strong></p>

<p style=""font-family: Inter, sans-serif;""><strong>ORLOFF OF DENMARK.</strong></p>",,"Fortune Charm, Blue Enamel | Orloff of Denmark","Chinese character fu, fortune, in blue enamel on a white tag.",,img_0441.jpg,"Identified from the invoice photograph, confidence high"
449,ORGCB53-L,ORGCB53-L,longevity-charm-blue-enamel,"Longevity Charm, Blue Enamel",A,Charm,Milestones & Sentiment,Statement,1600,49,7.60,4.00,17 x 12 x 2mm,925 Sterling Silver,"Rhodium Plated, Enamel",,28,"<p style=""font-family: Inter, sans-serif;"">Chinese character shou, longevity, in blue enamel.</p>

<p style=""font-family: Inter, sans-serif;""><strong>Material:</strong> 925 Sterling Silver<br>
<strong>Finish:</strong> Rhodium Plated, Enamel<br>
<strong>Size:</strong> 17 x 12 x 2mm<br>
<strong>Weight:</strong> 4.00g</p>

<p style=""font-family: Inter, sans-serif;""><strong>Fits all Orloff snake chain bracelets.</strong></p>

<p style=""font-family: Inter, sans-serif;""><strong>ORLOFF OF DENMARK.</strong></p>",,"Longevity Charm, Blue Enamel | Orloff of Denmark","Chinese character shou, longevity, in blue enamel.",,img_0443.jpg,"Identified from the invoice photograph, confidence high"
450,ORGCB54-L,ORGCB54-L,prosperity-charm-blue-enamel,"Prosperity Charm, Blue Enamel",A,Charm,Milestones & Sentiment,Statement,1600,49,7.65,4.00,17 x 12 x 2mm,925 Sterling Silver,"Rhodium Plated, Enamel",,28,"<p style=""font-family: Inter, sans-serif;"">Chinese character lu, prosperity, in blue enamel on a white tag.</p>

<p style=""font-family: Inter, sans-serif;""><strong>Material:</strong> 925 Sterling Silver<br>
<strong>Finish:</strong> Rhodium Plated, Enamel<br>
<strong>Size:</strong> 17 x 12 x 2mm<br>
<strong>Weight:</strong> 4.00g</p>

<p style=""font-family: Inter, sans-serif;""><strong>Fits all Orloff snake chain bracelets.</strong></p>

<p style=""font-family: Inter, sans-serif;""><strong>ORLOFF OF DENMARK.</strong></p>",,"Prosperity Charm, Blue Enamel | Orloff of Denmark","Chinese character lu, prosperity, in blue enamel on a white tag.",,img_0442.jpg,"Identified from the invoice photograph, confidence high"
451,ORGCB55-L,ORGCB55-L,good-luck-charm-blue-enamel,"Good Luck Charm, Blue Enamel",A,Charm,Milestones & Sentiment,Statement,1600,49,7.73,4.00,17 x 12 x 2mm,925 Sterling Silver,"Rhodium Plated, Enamel",,29,"<p style=""font-family: Inter, sans-serif;"">Chinese character reading as ji, auspicious.</p>

<p style=""font-family: Inter, sans-serif;""><strong>Material:</strong> 925 Sterling Silver<br>
<strong>Finish:</strong> Rhodium Plated, Enamel<br>
<strong>Size:</strong> 17 x 12 x 2mm<br>
<strong>Weight:</strong> 4.00g</p>

<p style=""font-family: Inter, sans-serif;""><strong>Fits all Orloff snake chain bracelets.</strong></p>

<p style=""font-family: Inter, sans-serif;""><strong>ORLOFF OF DENMARK.</strong></p>",,"Good Luck Charm, Blue Enamel | Orloff of Denmark","Chinese character reading as ji, auspicious.",,img_0439.jpg,"Identified from the invoice photograph, confidence medium. NEEDS CONFIRMATION"
452,ORGCB56-B,ORGCB56-B,love-charm-black-enamel,"Love Charm, Black Enamel",A,Charm,Milestones & Sentiment,Statement,1600,49,7.57,4.00,17 x 12 x 2mm,925 Sterling Silver,"Rhodium Plated, Enamel",,26,"<p style=""font-family: Inter, sans-serif;"">Chinese character ai with the word Love beneath.</p>

<p style=""font-family: Inter, sans-serif;""><strong>Material:</strong> 925 Sterling Silver<br>
<strong>Finish:</strong> Rhodium Plated, Enamel<br>
<strong>Size:</strong> 17 x 12 x 2mm<br>
<strong>Weight:</strong> 4.00g</p>

<p style=""font-family: Inter, sans-serif;""><strong>Fits all Orloff snake chain bracelets.</strong></p>

<p style=""font-family: Inter, sans-serif;""><strong>ORLOFF OF DENMARK.</strong></p>",,"Love Charm, Black Enamel | Orloff of Denmark",Chinese character ai with the word Love beneath.,,img_0440.jpg,"Identified from the invoice photograph, confidence high"
453,ORGCB57-Z,ORGCB57-Z,acorn-charm,Acorn Charm,A,Charm,Nature,Statement,1600,49,7.82,3.90,18 x 13mm,925 Sterling Silver,"Rhodium Plated, Enamel",,27,"<p style=""font-family: Inter, sans-serif;"">Silver cap over brown enamel, green enamel leaf.</p>

<p style=""font-family: Inter, sans-serif;""><strong>Material:</strong> 925 Sterling Silver<br>
<strong>Finish:</strong> Rhodium Plated, Enamel<br>
<strong>Size:</strong> 18 x 13mm<br>
<strong>Weight:</strong> 3.90g</p>

<p style=""font-family: Inter, sans-serif;""><strong>Fits all Orloff snake chain bracelets.</strong></p>

<p style=""font-family: Inter, sans-serif;""><strong>ORLOFF OF DENMARK.</strong></p>",,Acorn Charm | Orloff of Denmark,"Silver cap over brown enamel, green enamel leaf.",,img_0438.jpg,"Identified from the invoice photograph, confidence high"
454,ORGCB58-LVR,ORGCB58-LVR,good-luck-clover-charm,Good Luck Clover Charm,A,Charm,Nature,Signature,1200,39,5.65,2.70,15 x 14.5mm,925 Sterling Silver,"Rhodium Plated, Enamel",,23,"<p style=""font-family: Inter, sans-serif;"">Green enamel four leaf clover with a red ladybird, lettered Good luck.</p>

<p style=""font-family: Inter, sans-serif;""><strong>Material:</strong> 925 Sterling Silver<br>
<strong>Finish:</strong> Rhodium Plated, Enamel<br>
<strong>Size:</strong> 15 x 14.5mm<br>
<strong>Weight:</strong> 2.70g</p>

<p style=""font-family: Inter, sans-serif;""><strong>Fits all Orloff snake chain bracelets.</strong></p>

<p style=""font-family: Inter, sans-serif;""><strong>ORLOFF OF DENMARK.</strong></p>",,Good Luck Clover Charm | Orloff of Denmark,"Green enamel four leaf clover with a red ladybird, lettered Good luck.",,img_0434.jpg,"Identified from the invoice photograph, confidence high"
498,ORCB214,ORCB214,flamingo-charm,Flamingo Charm,A,Charm,Animals,Signature,1200,39,4.60,1.6,11mm,925 Sterling Silver,Oxidized Silver,Stone: None,19,"<p style=""font-family: Inter, sans-serif;"">Openwork round bead with a flamingo silhouette.</p>

<p style=""font-family: Inter, sans-serif;""><strong>Material:</strong> 925 Sterling Silver<br>
<strong>Finish:</strong> Oxidized Silver<br>
<strong>Stone:</strong> Stone: None<br>
<strong>Size:</strong> 11mm<br>
<strong>Weight:</strong> 1.6g</p>

<p style=""font-family: Inter, sans-serif;""><strong>Fits all Orloff snake chain bracelets.</strong></p>

<p style=""font-family: Inter, sans-serif;""><strong>ORLOFF OF DENMARK.</strong></p>",,Flamingo Charm | Orloff of Denmark,Openwork round bead with a flamingo silhouette.,,img_0487.jpg,"Identified from the invoice photograph, confidence high"
508,ORGCBB1-17-W,ORGCBB1-17-W,snake-chain-bracelet-with-enamel-accent-17cm-white,"Snake Chain Bracelet with Enamel Accent, 17cm, White",A,Bracelet,,Base,2800,89,22.15,13.16,17cm,925 Sterling Silver,"Rhodium Plating, Enamel",,8,"<p style=""font-family: Inter, sans-serif;"">A 17cm sterling silver snake chain with a white enamel bead at the clasp. Rhodium plated.</p>

<p style=""font-family: Inter, sans-serif;""><strong>Material:</strong> 925 Sterling Silver<br>
<strong>Finish:</strong> Rhodium Plating, Enamel<br>
<strong>Length:</strong> 17cm<br>
<strong>Weight:</strong> 13.16g</p>

<p style=""font-family: Inter, sans-serif;""><strong>Takes all Orloff charms.</strong></p>

<p style=""font-family: Inter, sans-serif;""><strong>ORLOFF OF DENMARK.</strong></p>",,"Snake Chain Bracelet with Enamel Accent, 17cm, White | Orloff of Denmark",A 17cm sterling silver snake chain with a white enamel bead at the clasp.,,img_0500.jpg,"Model as real Shopify variants (Colour x Size), per Appendix A9"
509,ORGCBB1-17-R,ORGCBB1-17-R,snake-chain-bracelet-with-enamel-accent-17cm-red,"Snake Chain Bracelet with Enamel Accent, 17cm, Red",A,Bracelet,,Base,2800,89,22.15,13.16,17cm,925 Sterling Silver,"Rhodium Plating, Enamel",,5,"<p style=""font-family: Inter, sans-serif;"">A 17cm sterling silver snake chain with a red enamel bead at the clasp. Rhodium plated.</p>

<p style=""font-family: Inter, sans-serif;""><strong>Material:</strong> 925 Sterling Silver<br>
<strong>Finish:</strong> Rhodium Plating, Enamel<br>
<strong>Length:</strong> 17cm<br>
<strong>Weight:</strong> 13.16g</p>

<p style=""font-family: Inter, sans-serif;""><strong>Takes all Orloff charms.</strong></p>

<p style=""font-family: Inter, sans-serif;""><strong>ORLOFF OF DENMARK.</strong></p>",,"Snake Chain Bracelet with Enamel Accent, 17cm, Red | Orloff of Denmark",A 17cm sterling silver snake chain with a red enamel bead at the clasp.,,img_0499.jpg,"Model as real Shopify variants (Colour x Size), per Appendix A9"
510,ORGCBB1-17-K,ORGCBB1-17-K,snake-chain-bracelet-with-enamel-accent-17cm-black,"Snake Chain Bracelet with Enamel Accent, 17cm, Black",A,Bracelet,,Base,2800,89,22.15,13.16,17cm,925 Sterling Silver,"Rhodium Plating, Enamel",,6,"<p style=""font-family: Inter, sans-serif;"">A 17cm sterling silver snake chain with a black enamel bead at the clasp. Rhodium plated.</p>

<p style=""font-family: Inter, sans-serif;""><strong>Material:</strong> 925 Sterling Silver<br>
<strong>Finish:</strong> Rhodium Plating, Enamel<br>
<strong>Length:</strong> 17cm<br>
<strong>Weight:</strong> 13.16g</p>

<p style=""font-family: Inter, sans-serif;""><strong>Takes all Orloff charms.</strong></p>

<p style=""font-family: Inter, sans-serif;""><strong>ORLOFF OF DENMARK.</strong></p>",,"Snake Chain Bracelet with Enamel Accent, 17cm, Black | Orloff of Denmark",A 17cm sterling silver snake chain with a black enamel bead at the clasp.,,img_0498.jpg,"Model as real Shopify variants (Colour x Size), per Appendix A9"
511,ORGCBB1-17-B,ORGCBB1-17-B,snake-chain-bracelet-with-enamel-accent-17cm-blue,"Snake Chain Bracelet with Enamel Accent, 17cm, Blue",A,Bracelet,,Base,2800,89,22.15,13.16,17cm,925 Sterling Silver,"Rhodium Plating, Enamel",,6,"<p style=""font-family: Inter, sans-serif;"">A 17cm sterling silver snake chain with a blue enamel bead at the clasp. Rhodium plated.</p>

<p style=""font-family: Inter, sans-serif;""><strong>Material:</strong> 925 Sterling Silver<br>
<strong>Finish:</strong> Rhodium Plating, Enamel<br>
<strong>Length:</strong> 17cm<br>
<strong>Weight:</strong> 13.16g</p>

<p style=""font-family: Inter, sans-serif;""><strong>Takes all Orloff charms.</strong></p>

<p style=""font-family: Inter, sans-serif;""><strong>ORLOFF OF DENMARK.</strong></p>",,"Snake Chain Bracelet with Enamel Accent, 17cm, Blue | Orloff of Denmark",A 17cm sterling silver snake chain with a blue enamel bead at the clasp.,,img_0496.jpg,"Model as real Shopify variants (Colour x Size), per Appendix A9"
512,ORGCBB1-17-G,ORGCBB1-17-G,snake-chain-bracelet-with-enamel-accent-17cm-flower,"Snake Chain Bracelet with Enamel Accent, 17cm, Flower",A,Bracelet,,Base,2800,89,22.15,13.16,17cm,925 Sterling Silver,"Rhodium Plating, Enamel",,8,"<p style=""font-family: Inter, sans-serif;"">A 17cm sterling silver snake chain with a flower enamel bead at the clasp. Rhodium plated.</p>

<p style=""font-family: Inter, sans-serif;""><strong>Material:</strong> 925 Sterling Silver<br>
<strong>Finish:</strong> Rhodium Plating, Enamel<br>
<strong>Length:</strong> 17cm<br>
<strong>Weight:</strong> 13.16g</p>

<p style=""font-family: Inter, sans-serif;""><strong>Takes all Orloff charms.</strong></p>

<p style=""font-family: Inter, sans-serif;""><strong>ORLOFF OF DENMARK.</strong></p>",,"Snake Chain Bracelet with Enamel Accent, 17cm, Flower | Orloff of Denmark",A 17cm sterling silver snake chain with a flower enamel bead at the clasp.,,img_0497.jpg,"Model as real Shopify variants (Colour x Size), per Appendix A9"
513,ORGCBB1-19-W,ORGCBB1-19-W,snake-chain-bracelet-with-enamel-accent-19cm-white,"Snake Chain Bracelet with Enamel Accent, 19cm, White",A,Bracelet,,Base,2800,89,23.95,14.40,19cm,925 Sterling Silver,"Rhodium Plating, Enamel",,8,"<p style=""font-family: Inter, sans-serif;"">A 19cm sterling silver snake chain with a white enamel bead at the clasp. Rhodium plated.</p>

<p style=""font-family: Inter, sans-serif;""><strong>Material:</strong> 925 Sterling Silver<br>
<strong>Finish:</strong> Rhodium Plating, Enamel<br>
<strong>Length:</strong> 19cm<br>
<strong>Weight:</strong> 14.40g</p>

<p style=""font-family: Inter, sans-serif;""><strong>Takes all Orloff charms.</strong></p>

<p style=""font-family: Inter, sans-serif;""><strong>ORLOFF OF DENMARK.</strong></p>",,"Snake Chain Bracelet with Enamel Accent, 19cm, White | Orloff of Denmark",A 19cm sterling silver snake chain with a white enamel bead at the clasp.,,img_0500.jpg,"Model as real Shopify variants (Colour x Size), per Appendix A9"
514,ORGCBB1-19-R,ORGCBB1-19-R,snake-chain-bracelet-with-enamel-accent-19cm-red,"Snake Chain Bracelet with Enamel Accent, 19cm, Red",A,Bracelet,,Base,2800,89,23.95,14.40,19cm,925 Sterling Silver,"Rhodium Plating, Enamel",,8,"<p style=""font-family: Inter, sans-serif;"">A 19cm sterling silver snake chain with a red enamel bead at the clasp. Rhodium plated.</p>

<p style=""font-family: Inter, sans-serif;""><strong>Material:</strong> 925 Sterling Silver<br>
<strong>Finish:</strong> Rhodium Plating, Enamel<br>
<strong>Length:</strong> 19cm<br>
<strong>Weight:</strong> 14.40g</p>

<p style=""font-family: Inter, sans-serif;""><strong>Takes all Orloff charms.</strong></p>

<p style=""font-family: Inter, sans-serif;""><strong>ORLOFF OF DENMARK.</strong></p>",,"Snake Chain Bracelet with Enamel Accent, 19cm, Red | Orloff of Denmark",A 19cm sterling silver snake chain with a red enamel bead at the clasp.,,img_0499.jpg,"Model as real Shopify variants (Colour x Size), per Appendix A9"
515,ORGCBB1-19-K,ORGCBB1-19-K,snake-chain-bracelet-with-enamel-accent-19cm-black,"Snake Chain Bracelet with Enamel Accent, 19cm, Black",A,Bracelet,,Base,2800,89,23.95,16.50,19cm,925 Sterling Silver,"Rhodium Plating, Enamel",,7,"<p style=""font-family: Inter, sans-serif;"">A 19cm sterling silver snake chain with a black enamel bead at the clasp. Rhodium plated.</p>

<p style=""font-family: Inter, sans-serif;""><strong>Material:</strong> 925 Sterling Silver<br>
<strong>Finish:</strong> Rhodium Plating, Enamel<br>
<strong>Length:</strong> 19cm<br>
<strong>Weight:</strong> 16.50g</p>

<p style=""font-family: Inter, sans-serif;""><strong>Takes all Orloff charms.</strong></p>

<p style=""font-family: Inter, sans-serif;""><strong>ORLOFF OF DENMARK.</strong></p>",,"Snake Chain Bracelet with Enamel Accent, 19cm, Black | Orloff of Denmark",A 19cm sterling silver snake chain with a black enamel bead at the clasp.,,img_0498.jpg,"Model as real Shopify variants (Colour x Size), per Appendix A9"
516,ORGCBB1-19-B,ORGCBB1-19-B,snake-chain-bracelet-with-enamel-accent-19cm-blue,"Snake Chain Bracelet with Enamel Accent, 19cm, Blue",A,Bracelet,,Base,2800,89,23.95,16.50,19cm,925 Sterling Silver,"Rhodium Plating, Enamel",,8,"<p style=""font-family: Inter, sans-serif;"">A 19cm sterling silver snake chain with a blue enamel bead at the clasp. Rhodium plated.</p>

<p style=""font-family: Inter, sans-serif;""><strong>Material:</strong> 925 Sterling Silver<br>
<strong>Finish:</strong> Rhodium Plating, Enamel<br>
<strong>Length:</strong> 19cm<br>
<strong>Weight:</strong> 16.50g</p>

<p style=""font-family: Inter, sans-serif;""><strong>Takes all Orloff charms.</strong></p>

<p style=""font-family: Inter, sans-serif;""><strong>ORLOFF OF DENMARK.</strong></p>",,"Snake Chain Bracelet with Enamel Accent, 19cm, Blue | Orloff of Denmark",A 19cm sterling silver snake chain with a blue enamel bead at the clasp.,,img_0496.jpg,"Model as real Shopify variants (Colour x Size), per Appendix A9"
517,ORGCBB1-19-G,ORGCBB1-19-G,snake-chain-bracelet-with-enamel-accent-19cm-flower,"Snake Chain Bracelet with Enamel Accent, 19cm, Flower",A,Bracelet,,Base,2800,89,23.95,14.40,19cm,925 Sterling Silver,"Rhodium Plating, Enamel",,8,"<p style=""font-family: Inter, sans-serif;"">A 19cm sterling silver snake chain with a flower enamel bead at the clasp. Rhodium plated.</p>

<p style=""font-family: Inter, sans-serif;""><strong>Material:</strong> 925 Sterling Silver<br>
<strong>Finish:</strong> Rhodium Plating, Enamel<br>
<strong>Length:</strong> 19cm<br>
<strong>Weight:</strong> 14.40g</p>

<p style=""font-family: Inter, sans-serif;""><strong>Takes all Orloff charms.</strong></p>

<p style=""font-family: Inter, sans-serif;""><strong>ORLOFF OF DENMARK.</strong></p>",,"Snake Chain Bracelet with Enamel Accent, 19cm, Flower | Orloff of Denmark",A 19cm sterling silver snake chain with a flower enamel bead at the clasp.,,img_0497.jpg,"Model as real Shopify variants (Colour x Size), per Appendix A9"
518,ORGCBB1-21-W,ORGCBB1-21-W,snake-chain-bracelet-with-enamel-accent-21cm-white,"Snake Chain Bracelet with Enamel Accent, 21cm, White",A,Bracelet,,Base,2800,89,26.85,16.50,21cm,925 Sterling Silver,"Rhodium Plating, Enamel",,5,"<p style=""font-family: Inter, sans-serif;"">A 21cm sterling silver snake chain with a white enamel bead at the clasp. Rhodium plated.</p>

<p style=""font-family: Inter, sans-serif;""><strong>Material:</strong> 925 Sterling Silver<br>
<strong>Finish:</strong> Rhodium Plating, Enamel<br>
<strong>Length:</strong> 21cm<br>
<strong>Weight:</strong> 16.50g</p>

<p style=""font-family: Inter, sans-serif;""><strong>Takes all Orloff charms.</strong></p>

<p style=""font-family: Inter, sans-serif;""><strong>ORLOFF OF DENMARK.</strong></p>",,"Snake Chain Bracelet with Enamel Accent, 21cm, White | Orloff of Denmark",A 21cm sterling silver snake chain with a white enamel bead at the clasp.,,img_0500.jpg,"Model as real Shopify variants (Colour x Size), per Appendix A9"
519,ORGCBB1-21-R,ORGCBB1-21-R,snake-chain-bracelet-with-enamel-accent-21cm-red,"Snake Chain Bracelet with Enamel Accent, 21cm, Red",A,Bracelet,,Base,2800,89,26.85,16.50,21cm,925 Sterling Silver,"Rhodium Plating, Enamel",,8,"<p style=""font-family: Inter, sans-serif;"">A 21cm sterling silver snake chain with a red enamel bead at the clasp. Rhodium plated.</p>

<p style=""font-family: Inter, sans-serif;""><strong>Material:</strong> 925 Sterling Silver<br>
<strong>Finish:</strong> Rhodium Plating, Enamel<br>
<strong>Length:</strong> 21cm<br>
<strong>Weight:</strong> 16.50g</p>

<p style=""font-family: Inter, sans-serif;""><strong>Takes all Orloff charms.</strong></p>

<p style=""font-family: Inter, sans-serif;""><strong>ORLOFF OF DENMARK.</strong></p>",,"Snake Chain Bracelet with Enamel Accent, 21cm, Red | Orloff of Denmark",A 21cm sterling silver snake chain with a red enamel bead at the clasp.,,img_0499.jpg,"Model as real Shopify variants (Colour x Size), per Appendix A9"
520,ORGCBB1-21-K,ORGCBB1-21-K,snake-chain-bracelet-with-enamel-accent-21cm-black,"Snake Chain Bracelet with Enamel Accent, 21cm, Black",A,Bracelet,,Base,2800,89,26.85,16.50,21cm,925 Sterling Silver,"Rhodium Plating, Enamel",,8,"<p style=""font-family: Inter, sans-serif;"">A 21cm sterling silver snake chain with a black enamel bead at the clasp. Rhodium plated.</p>

<p style=""font-family: Inter, sans-serif;""><strong>Material:</strong> 925 Sterling Silver<br>
<strong>Finish:</strong> Rhodium Plating, Enamel<br>
<strong>Length:</strong> 21cm<br>
<strong>Weight:</strong> 16.50g</p>

<p style=""font-family: Inter, sans-serif;""><strong>Takes all Orloff charms.</strong></p>

<p style=""font-family: Inter, sans-serif;""><strong>ORLOFF OF DENMARK.</strong></p>",,"Snake Chain Bracelet with Enamel Accent, 21cm, Black | Orloff of Denmark",A 21cm sterling silver snake chain with a black enamel bead at the clasp.,,img_0498.jpg,"Model as real Shopify variants (Colour x Size), per Appendix A9"
521,ORGCBB1-21-B,ORGCBB1-21-B,snake-chain-bracelet-with-enamel-accent-21cm-blue,"Snake Chain Bracelet with Enamel Accent, 21cm, Blue",A,Bracelet,,Base,2800,89,26.85,16.50,21cm,925 Sterling Silver,"Rhodium Plating, Enamel",,8,"<p style=""font-family: Inter, sans-serif;"">A 21cm sterling silver snake chain with a blue enamel bead at the clasp. Rhodium plated.</p>

<p style=""font-family: Inter, sans-serif;""><strong>Material:</strong> 925 Sterling Silver<br>
<strong>Finish:</strong> Rhodium Plating, Enamel<br>
<strong>Length:</strong> 21cm<br>
<strong>Weight:</strong> 16.50g</p>

<p style=""font-family: Inter, sans-serif;""><strong>Takes all Orloff charms.</strong></p>

<p style=""font-family: Inter, sans-serif;""><strong>ORLOFF OF DENMARK.</strong></p>",,"Snake Chain Bracelet with Enamel Accent, 21cm, Blue | Orloff of Denmark",A 21cm sterling silver snake chain with a blue enamel bead at the clasp.,,img_0496.jpg,"Model as real Shopify variants (Colour x Size), per Appendix A9"
527,ORGCB177,ORGCB177,,,A,Charm,,Signature,1200,39,5.62,2.5,11mm,925 Sterling Silver,Rhodium Plated,,28,,,,,,img_0506.jpg,"HOLD, not named: Openwork disc showing figures with tall poles, stars around the band. A traditional dance or festival scene, origin unclear. CONFIRM SUBJECT."
528,ORGCB175,ORGCB175,top-hat-portrait-charm,Top Hat Portrait Charm,A,Charm,Travel & Lifestyle,Signature,1200,39,5.62,2.5,11mm,925 Sterling Silver,Rhodium Plated,,26,"<p style=""font-family: Inter, sans-serif;"">Profile of a figure in a top hat, stars around the band. Given the Danish set (Little Mermaid, Dannebrog, Royal Guard) this most likely depicts Hans Christian Andersen.</p>

<p style=""font-family: Inter, sans-serif;""><strong>Material:</strong> 925 Sterling Silver<br>
<strong>Finish:</strong> Rhodium Plated<br>
<strong>Size:</strong> 11mm<br>
<strong>Weight:</strong> 2.5g</p>

<p style=""font-family: Inter, sans-serif;""><strong>Fits all Orloff snake chain bracelets.</strong></p>

<p style=""font-family: Inter, sans-serif;""><strong>ORLOFF OF DENMARK.</strong></p>",,Top Hat Portrait Charm | Orloff of Denmark,"Profile of a figure in a top hat, stars around the band.",,img_0507.jpg,"Identified from the invoice photograph, confidence medium. NEEDS CONFIRMATION"
529,ORGCB109,ORGCB109,,,A,Charm,,Statement,1600,49,15.58,8.73,20 x 11mm,925 Sterling Silver,Oxide Silver,,28,,,,,,img_0508.jpg,"HOLD, not named: Seated figure in a temple niche, oxidized silver. DO NOT PUBLISH UNCONFIRMED."
530,ORGCB110,ORGCB110,,,A,Charm,,Classic,900,29,3.05,1,16.5 x 10mm,925 Sterling Silver,Oxide Silver,,27,,,,,,img_0509.jpg,"HOLD, not named: Standing many-armed crowned figure. RELIGIOUS. DO NOT PUBLISH UNCONFIRMED."
531,ORGCB182-1,ORGCB182-1,aristotle-quote-charm-discipline,"Aristotle Quote Charm, Discipline",A,Charm,Milestones & Sentiment,Statement,1600,49,8.33,3.1,12 x 17 x 2.5mm,925 Sterling Silver,"Rhodium Plated, Sand Effect",,12,"<p style=""font-family: Inter, sans-serif;"">A hanging tag engraved with ""Through discipline comes freedom."", attributed to Aristotle. Rhodium plated with a sand effect finish.</p>

<p style=""font-family: Inter, sans-serif;""><strong>Material:</strong> 925 Sterling Silver<br>
<strong>Finish:</strong> Rhodium Plated, Sand Effect<br>
<strong>Size:</strong> 12 x 17 x 2.5mm<br>
<strong>Weight:</strong> 3.1g</p>

<p style=""font-family: Inter, sans-serif;""><strong>Fits all Orloff snake chain bracelets.</strong></p>

<p style=""font-family: Inter, sans-serif;""><strong>ORLOFF OF DENMARK.</strong></p>",,"Aristotle Quote Charm, Discipline | Orloff of Denmark","A hanging tag engraved with ""Through discipline comes freedom."", attributed to Aristotle.",Through discipline comes freedom.,img_0511.jpg,Quote text taken verbatim from the invoice
532,ORGCB182-2,ORGCB182-2,aristotle-quote-charm-happiness,"Aristotle Quote Charm, Happiness",A,Charm,Milestones & Sentiment,Statement,1600,49,8.33,3.1,12 x 17 x 2.5mm,925 Sterling Silver,"Rhodium Plated, Sand Effect",,12,"<p style=""font-family: Inter, sans-serif;"">A hanging tag engraved with ""Happiness depends upon ourselves."", attributed to Aristotle. Rhodium plated with a sand effect finish.</p>

<p style=""font-family: Inter, sans-serif;""><strong>Material:</strong> 925 Sterling Silver<br>
<strong>Finish:</strong> Rhodium Plated, Sand Effect<br>
<strong>Size:</strong> 12 x 17 x 2.5mm<br>
<strong>Weight:</strong> 3.1g</p>

<p style=""font-family: Inter, sans-serif;""><strong>Fits all Orloff snake chain bracelets.</strong></p>

<p style=""font-family: Inter, sans-serif;""><strong>ORLOFF OF DENMARK.</strong></p>",,"Aristotle Quote Charm, Happiness | Orloff of Denmark","A hanging tag engraved with ""Happiness depends upon ourselves."", attributed to Aristotle.",Happiness depends upon ourselves.,img_0510.jpg,Quote text taken verbatim from the invoice
533,ORGCB182-3,ORGCB182-3,aristotle-quote-charm-friendship,"Aristotle Quote Charm, Friendship",A,Charm,Milestones & Sentiment,Statement,1600,49,8.33,3.1,12 x 17 x 2.5mm,925 Sterling Silver,"Rhodium Plated, Sand Effect",,12,"<p style=""font-family: Inter, sans-serif;"">A hanging tag engraved with ""A friend is a second self."", attributed to Aristotle. Rhodium plated with a sand effect finish.</p>

<p style=""font-family: Inter, sans-serif;""><strong>Material:</strong> 925 Sterling Silver<br>
<strong>Finish:</strong> Rhodium Plated, Sand Effect<br>
<strong>Size:</strong> 12 x 17 x 2.5mm<br>
<strong>Weight:</strong> 3.1g</p>

<p style=""font-family: Inter, sans-serif;""><strong>Fits all Orloff snake chain bracelets.</strong></p>

<p style=""font-family: Inter, sans-serif;""><strong>ORLOFF OF DENMARK.</strong></p>",,"Aristotle Quote Charm, Friendship | Orloff of Denmark","A hanging tag engraved with ""A friend is a second self."", attributed to Aristotle.",A friend is a second self.,img_0516.jpg,Quote text taken verbatim from the invoice
534,ORGCB182-5,ORGCB182-5,aristotle-quote-charm-knowledge,"Aristotle Quote Charm, Knowledge",A,Charm,Milestones & Sentiment,Statement,1600,49,8.33,3,12 x 17 x 2.5mm,925 Sterling Silver,"Rhodium Plated, Sand Effect",,11,"<p style=""font-family: Inter, sans-serif;"">A hanging tag engraved with ""The more you know, the more you know you don't know."", attributed to Aristotle. Rhodium plated with a sand effect finish.</p>

<p style=""font-family: Inter, sans-serif;""><strong>Material:</strong> 925 Sterling Silver<br>
<strong>Finish:</strong> Rhodium Plated, Sand Effect<br>
<strong>Size:</strong> 12 x 17 x 2.5mm<br>
<strong>Weight:</strong> 3g</p>

<p style=""font-family: Inter, sans-serif;""><strong>Fits all Orloff snake chain bracelets.</strong></p>

<p style=""font-family: Inter, sans-serif;""><strong>ORLOFF OF DENMARK.</strong></p>",,"Aristotle Quote Charm, Knowledge | Orloff of Denmark","A hanging tag engraved with ""The more you know, the more you know you don't know."", attributed to Aristotle.","The more you know, the more you know you don't know.",img_0512.jpg,Quote text taken verbatim from the invoice
535,ORGCB182-6,ORGCB182-6,aristotle-quote-charm-education,"Aristotle Quote Charm, Education",A,Charm,Milestones & Sentiment,Statement,1600,49,8.33,3,12 x 17 x 2.5mm,925 Sterling Silver,"Rhodium Plated, Sand Effect",,11,"<p style=""font-family: Inter, sans-serif;"">A hanging tag engraved with ""The roots of education are bitter, but the fruit is sweet."", attributed to Aristotle. Rhodium plated with a sand effect finish.</p>

<p style=""font-family: Inter, sans-serif;""><strong>Material:</strong> 925 Sterling Silver<br>
<strong>Finish:</strong> Rhodium Plated, Sand Effect<br>
<strong>Size:</strong> 12 x 17 x 2.5mm<br>
<strong>Weight:</strong> 3g</p>

<p style=""font-family: Inter, sans-serif;""><strong>Fits all Orloff snake chain bracelets.</strong></p>

<p style=""font-family: Inter, sans-serif;""><strong>ORLOFF OF DENMARK.</strong></p>",,"Aristotle Quote Charm, Education | Orloff of Denmark","A hanging tag engraved with ""The roots of education are bitter, but the fruit is sweet."", attributed to Aristotle.","The roots of education are bitter, but the fruit is sweet.",img_0514.jpg,Quote text taken verbatim from the invoice
536,ORGCB182-7,ORGCB182-7,aristotle-quote-charm-purpose,"Aristotle Quote Charm, Purpose",A,Charm,Milestones & Sentiment,Statement,1600,49,8.33,3,12 x 17 x 2.5mm,925 Sterling Silver,"Rhodium Plated, Sand Effect",,11,"<p style=""font-family: Inter, sans-serif;"">A hanging tag engraved with ""Happiness is the meaning and the purpose of life, the whole aim and end of human existence."", attributed to Aristotle. Rhodium plated with a sand effect finish.</p>

<p style=""font-family: Inter, sans-serif;""><strong>Material:</strong> 925 Sterling Silver<br>
<strong>Finish:</strong> Rhodium Plated, Sand Effect<br>
<strong>Size:</strong> 12 x 17 x 2.5mm<br>
<strong>Weight:</strong> 3g</p>

<p style=""font-family: Inter, sans-serif;""><strong>Fits all Orloff snake chain bracelets.</strong></p>

<p style=""font-family: Inter, sans-serif;""><strong>ORLOFF OF DENMARK.</strong></p>",,"Aristotle Quote Charm, Purpose | Orloff of Denmark","A hanging tag engraved with ""Happiness is the meaning and the purpose of life, the whole aim and end of human existence."", attributed to Aristotle.","Happiness is the meaning and the purpose of life, the whole aim and end of human existence.",img_0513.jpg,Quote text taken verbatim from the invoice
537,ORGCB182-8,ORGCB182-8,aristotle-quote-charm-wisdom,"Aristotle Quote Charm, Wisdom",A,Charm,Milestones & Sentiment,Statement,1600,49,8.33,3,12 x 17 x 2.5mm,925 Sterling Silver,"Rhodium Plated, Sand Effect",,12,"<p style=""font-family: Inter, sans-serif;"">A hanging tag engraved with ""Knowing yourself is the beginning of all wisdom."", attributed to Aristotle. Rhodium plated with a sand effect finish.</p>

<p style=""font-family: Inter, sans-serif;""><strong>Material:</strong> 925 Sterling Silver<br>
<strong>Finish:</strong> Rhodium Plated, Sand Effect<br>
<strong>Size:</strong> 12 x 17 x 2.5mm<br>
<strong>Weight:</strong> 3g</p>

<p style=""font-family: Inter, sans-serif;""><strong>Fits all Orloff snake chain bracelets.</strong></p>

<p style=""font-family: Inter, sans-serif;""><strong>ORLOFF OF DENMARK.</strong></p>",,"Aristotle Quote Charm, Wisdom | Orloff of Denmark","A hanging tag engraved with ""Knowing yourself is the beginning of all wisdom."", attributed to Aristotle.",Knowing yourself is the beginning of all wisdom.,img_0515.jpg,Quote text taken verbatim from the invoice
538,ORGCB184-1,ORGCB184-1,lao-tzu-quote-charm-the-journey,"Lao Tzu Quote Charm, The Journey",A,Charm,Milestones & Sentiment,Statement,1600,49,8.33,3.1,12 x 17 x 2.5mm,925 Sterling Silver,"Rhodium Plated, Sand Effect",,11,"<p style=""font-family: Inter, sans-serif;"">A hanging tag engraved with ""The journey of a thousand miles begins with one step."", attributed to Lao Tzu. Rhodium plated with a sand effect finish.</p>

<p style=""font-family: Inter, sans-serif;""><strong>Material:</strong> 925 Sterling Silver<br>
<strong>Finish:</strong> Rhodium Plated, Sand Effect<br>
<strong>Size:</strong> 12 x 17 x 2.5mm<br>
<strong>Weight:</strong> 3.1g</p>

<p style=""font-family: Inter, sans-serif;""><strong>Fits all Orloff snake chain bracelets.</strong></p>

<p style=""font-family: Inter, sans-serif;""><strong>ORLOFF OF DENMARK.</strong></p>",,"Lao Tzu Quote Charm, The Journey | Orloff of Denmark","A hanging tag engraved with ""The journey of a thousand miles begins with one step."", attributed to Lao Tzu.",The journey of a thousand miles begins with one step.,img_0517.jpg,Quote text taken verbatim from the invoice
539,ORGCB184-2,ORGCB184-2,lao-tzu-quote-charm-freedom,"Lao Tzu Quote Charm, Freedom",A,Charm,Milestones & Sentiment,Statement,1600,49,8.33,3.1,12 x 17 x 2.5mm,925 Sterling Silver,"Rhodium Plated, Sand Effect",,10,"<p style=""font-family: Inter, sans-serif;"">A hanging tag engraved with ""Care about what other people think and you will always be their prisoner."", attributed to Lao Tzu. Rhodium plated with a sand effect finish.</p>

<p style=""font-family: Inter, sans-serif;""><strong>Material:</strong> 925 Sterling Silver<br>
<strong>Finish:</strong> Rhodium Plated, Sand Effect<br>
<strong>Size:</strong> 12 x 17 x 2.5mm<br>
<strong>Weight:</strong> 3.1g</p>

<p style=""font-family: Inter, sans-serif;""><strong>Fits all Orloff snake chain bracelets.</strong></p>

<p style=""font-family: Inter, sans-serif;""><strong>ORLOFF OF DENMARK.</strong></p>",,"Lao Tzu Quote Charm, Freedom | Orloff of Denmark","A hanging tag engraved with ""Care about what other people think and you will always be their prisoner."", attributed to Lao Tzu.",Care about what other people think and you will always be their prisoner.,img_0520.jpg,Quote text taken verbatim from the invoice
540,ORGCB184-3,ORGCB184-3,lao-tzu-quote-charm-silence,"Lao Tzu Quote Charm, Silence",A,Charm,Milestones & Sentiment,Statement,1600,49,8.33,3.1,12 x 17 x 2.5mm,925 Sterling Silver,"Rhodium Plated, Sand Effect",,12,"<p style=""font-family: Inter, sans-serif;"">A hanging tag engraved with ""Silence is a source of Great Strength."", attributed to Lao Tzu. Rhodium plated with a sand effect finish.</p>

<p style=""font-family: Inter, sans-serif;""><strong>Material:</strong> 925 Sterling Silver<br>
<strong>Finish:</strong> Rhodium Plated, Sand Effect<br>
<strong>Size:</strong> 12 x 17 x 2.5mm<br>
<strong>Weight:</strong> 3.1g</p>

<p style=""font-family: Inter, sans-serif;""><strong>Fits all Orloff snake chain bracelets.</strong></p>

<p style=""font-family: Inter, sans-serif;""><strong>ORLOFF OF DENMARK.</strong></p>",,"Lao Tzu Quote Charm, Silence | Orloff of Denmark","A hanging tag engraved with ""Silence is a source of Great Strength."", attributed to Lao Tzu.",Silence is a source of Great Strength.,img_0519.jpg,Quote text taken verbatim from the invoice
541,ORGCB184-4,ORGCB184-4,lao-tzu-quote-charm-the-flame,"Lao Tzu Quote Charm, The Flame",A,Charm,Milestones & Sentiment,Statement,1600,49,8.33,3,12 x 17 x 2.5mm,925 Sterling Silver,"Rhodium Plated, Sand Effect",,10,"<p style=""font-family: Inter, sans-serif;"">A hanging tag engraved with ""The flame that burns Twice as bright burns half as long."", attributed to Lao Tzu. Rhodium plated with a sand effect finish.</p>

<p style=""font-family: Inter, sans-serif;""><strong>Material:</strong> 925 Sterling Silver<br>
<strong>Finish:</strong> Rhodium Plated, Sand Effect<br>
<strong>Size:</strong> 12 x 17 x 2.5mm<br>
<strong>Weight:</strong> 3g</p>

<p style=""font-family: Inter, sans-serif;""><strong>Fits all Orloff snake chain bracelets.</strong></p>

<p style=""font-family: Inter, sans-serif;""><strong>ORLOFF OF DENMARK.</strong></p>",,"Lao Tzu Quote Charm, The Flame | Orloff of Denmark","A hanging tag engraved with ""The flame that burns Twice as bright burns half as long."", attributed to Lao Tzu.",The flame that burns Twice as bright burns half as long.,img_0518.jpg,Quote text taken verbatim from the invoice
542,ORGCB184-5,ORGCB184-5,lao-tzu-quote-charm-love,"Lao Tzu Quote Charm, Love",A,Charm,Milestones & Sentiment,Statement,1600,49,8.33,3,12 x 17 x 2.5mm,925 Sterling Silver,"Rhodium Plated, Sand Effect",,12,"<p style=""font-family: Inter, sans-serif;"">A hanging tag engraved with ""Being deeply loved by someone gives you strength, while loving someone deeply gives you courage."", attributed to Lao Tzu. Rhodium plated with a sand effect finish.</p>

<p style=""font-family: Inter, sans-serif;""><strong>Material:</strong> 925 Sterling Silver<br>
<strong>Finish:</strong> Rhodium Plated, Sand Effect<br>
<strong>Size:</strong> 12 x 17 x 2.5mm<br>
<strong>Weight:</strong> 3g</p>

<p style=""font-family: Inter, sans-serif;""><strong>Fits all Orloff snake chain bracelets.</strong></p>

<p style=""font-family: Inter, sans-serif;""><strong>ORLOFF OF DENMARK.</strong></p>",,"Lao Tzu Quote Charm, Love | Orloff of Denmark","A hanging tag engraved with ""Being deeply loved by someone gives you strength, while loving someone deeply gives you courage."", attributed to Lao Tzu.","Being deeply loved by someone gives you strength, while loving someone deeply gives you courage.",img_0529.jpg,Quote text taken verbatim from the invoice
543,ORGCB184-6,ORGCB184-6,lao-tzu-quote-charm-the-traveller,"Lao Tzu Quote Charm, The Traveller",A,Charm,Milestones & Sentiment,Statement,1600,49,8.33,3,12 x 17 x 2.5mm,925 Sterling Silver,"Rhodium Plated, Sand Effect",,12,"<p style=""font-family: Inter, sans-serif;"">A hanging tag engraved with ""A good traveler has no fixed plans and is not intent on arriving."", attributed to Lao Tzu. Rhodium plated with a sand effect finish.</p>

<p style=""font-family: Inter, sans-serif;""><strong>Material:</strong> 925 Sterling Silver<br>
<strong>Finish:</strong> Rhodium Plated, Sand Effect<br>
<strong>Size:</strong> 12 x 17 x 2.5mm<br>
<strong>Weight:</strong> 3g</p>

<p style=""font-family: Inter, sans-serif;""><strong>Fits all Orloff snake chain bracelets.</strong></p>

<p style=""font-family: Inter, sans-serif;""><strong>ORLOFF OF DENMARK.</strong></p>",,"Lao Tzu Quote Charm, The Traveller | Orloff of Denmark","A hanging tag engraved with ""A good traveler has no fixed plans and is not intent on arriving."", attributed to Lao Tzu.",A good traveler has no fixed plans and is not intent on arriving.,img_0530.jpg,Quote text taken verbatim from the invoice
544,ORGCB184-7,ORGCB184-7,lao-tzu-quote-charm-calm,"Lao Tzu Quote Charm, Calm",A,Charm,Milestones & Sentiment,Statement,1600,49,8.33,3,12 x 17 x 2.5mm,925 Sterling Silver,"Rhodium Plated, Sand Effect",,10,"<p style=""font-family: Inter, sans-serif;"">A hanging tag engraved with ""The best fighter is never angry."", attributed to Lao Tzu. Rhodium plated with a sand effect finish.</p>

<p style=""font-family: Inter, sans-serif;""><strong>Material:</strong> 925 Sterling Silver<br>
<strong>Finish:</strong> Rhodium Plated, Sand Effect<br>
<strong>Size:</strong> 12 x 17 x 2.5mm<br>
<strong>Weight:</strong> 3g</p>

<p style=""font-family: Inter, sans-serif;""><strong>Fits all Orloff snake chain bracelets.</strong></p>

<p style=""font-family: Inter, sans-serif;""><strong>ORLOFF OF DENMARK.</strong></p>",,"Lao Tzu Quote Charm, Calm | Orloff of Denmark","A hanging tag engraved with ""The best fighter is never angry."", attributed to Lao Tzu.",The best fighter is never angry.,img_0528.jpg,Quote text taken verbatim from the invoice
545,ORGCB185-14K,ORGCB185-14K,lemon-charm-14k-gold,"Lemon Charm, 14K Gold",A,Charm,Nature,Statement,1600,49,7.86,3.5,18.2 x 14 x 4.5mm,925 Sterling Silver,"Gold Plating, Yellow Enamel",,27,"<p style=""font-family: Inter, sans-serif;"">Gold lemon with green enamel leaves.</p>

<p style=""font-family: Inter, sans-serif;""><strong>Material:</strong> 925 Sterling Silver<br>
<strong>Finish:</strong> Gold Plating, Yellow Enamel<br>
<strong>Size:</strong> 18.2 x 14 x 4.5mm<br>
<strong>Weight:</strong> 3.5g</p>

<p style=""font-family: Inter, sans-serif;""><strong>Fits all Orloff snake chain bracelets.</strong></p>

<p style=""font-family: Inter, sans-serif;""><strong>ORLOFF OF DENMARK.</strong></p>",,"Lemon Charm, 14K Gold | Orloff of Denmark",Gold lemon with green enamel leaves.,,img_0527.jpg,"Identified from the invoice photograph, confidence high"
546,ORGCB186-1,ORGCB186-1,engraved-quote-charm-a-smile,"Engraved Quote Charm, A Smile",A,Charm,Milestones & Sentiment,Statement,1600,49,7.86,3.3,16.4 x 14 x 3mm,925 Sterling Silver,"Rhodium Plated, Black Enamel",,12,"<p style=""font-family: Inter, sans-serif;"">A hanging tag engraved with ""Every time you smile at someone, it is an action of love, a gift to that person, a beautiful thing."". Rhodium plated with a sand effect finish.</p>

<p style=""font-family: Inter, sans-serif;""><strong>Material:</strong> 925 Sterling Silver<br>
<strong>Finish:</strong> Rhodium Plated, Black Enamel<br>
<strong>Size:</strong> 16.4 x 14 x 3mm<br>
<strong>Weight:</strong> 3.3g</p>

<p style=""font-family: Inter, sans-serif;""><strong>Fits all Orloff snake chain bracelets.</strong></p>

<p style=""font-family: Inter, sans-serif;""><strong>ORLOFF OF DENMARK.</strong></p>",,"Engraved Quote Charm, A Smile | Orloff of Denmark","A hanging tag engraved with ""Every time you smile at someone, it is an action of love, a gift to that person, a beautiful thing."".","Every time you smile at someone, it is an action of love, a gift to that person, a beautiful thing.",img_0525.jpg,Quote text taken verbatim from the invoice
547,ORGCB186-2,ORGCB186-2,engraved-quote-charm-the-mirror,"Engraved Quote Charm, The Mirror",A,Charm,Milestones & Sentiment,Statement,1600,49,7.86,3.3,16.4 x 14 x 3mm,925 Sterling Silver,"Rhodium Plated, Black Enamel",,13,"<p style=""font-family: Inter, sans-serif;"">A hanging tag engraved with ""Life is like a mirror. Smile at it and it smiles back at you."". Rhodium plated with a sand effect finish.</p>

<p style=""font-family: Inter, sans-serif;""><strong>Material:</strong> 925 Sterling Silver<br>
<strong>Finish:</strong> Rhodium Plated, Black Enamel<br>
<strong>Size:</strong> 16.4 x 14 x 3mm<br>
<strong>Weight:</strong> 3.3g</p>

<p style=""font-family: Inter, sans-serif;""><strong>Fits all Orloff snake chain bracelets.</strong></p>

<p style=""font-family: Inter, sans-serif;""><strong>ORLOFF OF DENMARK.</strong></p>",,"Engraved Quote Charm, The Mirror | Orloff of Denmark","A hanging tag engraved with ""Life is like a mirror.",Life is like a mirror. Smile at it and it smiles back at you.,img_0524.jpg,Quote text taken verbatim from the invoice
548,ORGCB181,ORGCB181,aubergine-charm,Aubergine Charm,A,Charm,Nature,Signature,1200,39,5.60,2,17 x 12mm,925 Sterling Silver,"Gold Plating, Purple, Green",enamel,27,"<p style=""font-family: Inter, sans-serif;"">Purple enamel aubergine with green enamel leaves.</p>

<p style=""font-family: Inter, sans-serif;""><strong>Material:</strong> 925 Sterling Silver<br>
<strong>Finish:</strong> Gold Plating, Purple, Green<br>
<strong>Stone:</strong> enamel<br>
<strong>Size:</strong> 17 x 12mm<br>
<strong>Weight:</strong> 2g</p>

<p style=""font-family: Inter, sans-serif;""><strong>Fits all Orloff snake chain bracelets.</strong></p>

<p style=""font-family: Inter, sans-serif;""><strong>ORLOFF OF DENMARK.</strong></p>",,Aubergine Charm | Orloff of Denmark,Purple enamel aubergine with green enamel leaves.,,img_0526.jpg,"Identified from the invoice photograph, confidence high"
549,ORGCB187-14K-1,ORGCB187-14K-1,engraved-quote-charm-the-moon,"Engraved Quote Charm, The Moon",A,Charm,Milestones & Sentiment,Signature,1200,39,5.48,2,14.14mm,925 Sterling Silver,"Gold Plating, Dark Blue",enamel,13,"<p style=""font-family: Inter, sans-serif;"">A hanging tag engraved with ""Shoot for the moon. Even if you miss, you'll land among the stars. 14.14mm"". Rhodium plated with a sand effect finish.</p>

<p style=""font-family: Inter, sans-serif;""><strong>Material:</strong> 925 Sterling Silver<br>
<strong>Finish:</strong> Gold Plating, Dark Blue<br>
<strong>Stone:</strong> enamel<br>
<strong>Size:</strong> 14.14mm<br>
<strong>Weight:</strong> 2g</p>

<p style=""font-family: Inter, sans-serif;""><strong>Fits all Orloff snake chain bracelets.</strong></p>

<p style=""font-family: Inter, sans-serif;""><strong>ORLOFF OF DENMARK.</strong></p>",,"Engraved Quote Charm, The Moon | Orloff of Denmark","A hanging tag engraved with ""Shoot for the moon.","Shoot for the moon. Even if you miss, you'll land among the stars. 14.14mm",img_0522.jpg,Quote text taken verbatim from the invoice
550,ORGCB187-14K-2,ORGCB187-14K-2,engraved-quote-charm-possible,"Engraved Quote Charm, Possible",A,Charm,Milestones & Sentiment,Signature,1200,39,5.48,2,14.14mm,925 Sterling Silver,"Gold Plating, Dark Blue",enamel,12,"<p style=""font-family: Inter, sans-serif;"">A hanging tag engraved with ""Nothing is impossible, the word itself says, I'm possible. 14.14mm"". Rhodium plated with a sand effect finish.</p>

<p style=""font-family: Inter, sans-serif;""><strong>Material:</strong> 925 Sterling Silver<br>
<strong>Finish:</strong> Gold Plating, Dark Blue<br>
<strong>Stone:</strong> enamel<br>
<strong>Size:</strong> 14.14mm<br>
<strong>Weight:</strong> 2g</p>

<p style=""font-family: Inter, sans-serif;""><strong>Fits all Orloff snake chain bracelets.</strong></p>

<p style=""font-family: Inter, sans-serif;""><strong>ORLOFF OF DENMARK.</strong></p>",,"Engraved Quote Charm, Possible | Orloff of Denmark","A hanging tag engraved with ""Nothing is impossible, the word itself says, I'm possible.","Nothing is impossible, the word itself says, I'm possible. 14.14mm",img_0523.jpg,Quote text taken verbatim from the invoice
